pl_name,hostname,sy_snum,sy_pnum,discoverymethod,disc_year,disc_facility,soltype,pl_controv_flag,pl_orbper,pl_rade,pl_bmasse,pl_eqt,st_spectype,st_teff,st_rad,st_mass,sy_dist
11 Com b,11 Com,2,1,Radial Velocity,2007.0,Xinglong Station,Published Confirmed,0,323.21,,4914.89848585,,G8 III,4874.0,13.76,2.09,93.1846
11 UMi b,11 UMi,1,1,Radial Velocity,2009.0,Thueringer Landessternwarte Tautenburg,Published Confirmed,0,516.22,,3337.07,,K4 III,4340.0,24.08,1.8,125.321
14 And b,14 And,1,1,Radial Velocity,2008.0,Okayama Astrophysical Observatory,Published Confirmed,0,186.76,,1131.15130051,,K0 III,4888.0,11.55,1.78,75.4392
14 Her b,14 Her,1,2,Radial Velocity,2002.0,W. M. Keck Observatory,Published Confirmed,0,1773.40002,,1481.0878,,,5338.0,0.93,0.9,17.9323
16 Cyg B b,16 Cyg B,3,1,Radial Velocity,1996.0,Multiple Observatories,Published Confirmed,0,798.5,,565.7374,,,5750.0,1.13,1.08,21.1397
17 Sco b,17 Sco,1,1,Radial Velocity,2020.0,Lick Observatory,Published Confirmed,0,578.38,,1373.01871824,,K3 III,4157.0,25.92,1.22,124.953
18 Del b,18 Del,2,1,Radial Velocity,2008.0,Okayama Astrophysical Observatory,Published Confirmed,0,993.3,,3273.5,,G6 III,4979.0,8.5,2.3,76.222
1RXS J160929.1-210524 b,1RXS J160929.1-210524,1,1,Imaging,2008.0,Gemini Observatory,Published Confirmed,0,,18.647,2543.0,1800.0,K7 V,4060.0,1.352,0.85,139.135
24 Boo b,24 Boo,1,1,Radial Velocity,2018.0,Okayama Astrophysical Observatory,Published Confirmed,0,30.3506,,289.2253,,G3 IV,4893.0,10.64,0.99,95.9863
24 Sex b,24 Sex,1,2,Radial Velocity,2010.0,Lick Observatory,Published Confirmed,0,452.8,,632.46,,,5098.0,4.9,1.54,72.0691
24 Sex c,24 Sex,1,2,Radial Velocity,2010.0,Lick Observatory,Published Confirmed,0,883.0,,273.32,,,5098.0,4.9,1.54,72.0691
2M0437 b,2MASS J04372171+2651014,1,1,Imaging,2021.0,Subaru Telescope,Published Confirmed,0,,,1271.313628,1450.0,M V,3100.0,0.84,0.17,128.484
2MASS J01033563-5515561 AB b,2MASS J01033563-5515561 A,2,1,Imaging,2013.0,Paranal Observatory,Published Confirmed,0,,,4131.79,,M5.5/M6,,,0.19,
2MASS J01225093-2439505 b,2MASS J01225093-2439505,1,1,Imaging,2013.0,W. M. Keck Observatory,Published Confirmed,0,,11.209,,1600.0,,3309.0,0.36645,0.353185,33.8281
2MASS J02192210-3925225 b,2MASS J02192210-3925225,1,1,Imaging,2015.0,Cerro Tololo Inter-American Observatory,Published Confirmed,0,,16.14096,4417.837,,M6,3064.0,0.281,0.108,
2MASS J0249-0557 c,2MASS J0249-0557 A,2,1,Imaging,2018.0,Mauna Kea Observatory,Published Confirmed,0,,,3686.8095212,,M6 V,,,0.046,66.0613
2MASS J03590986+2009361 b,2MASS J03590986+2009361,1,1,Imaging,2024.0,European Space Agency (ESA) Gaia Satellite,Published Confirmed,0,,,5720.911326,2369.0,,,,,117.435
2MASS J04414489+2301513 b,2MASS J04414489+2301513,1,1,Imaging,2010.0,Hubble Space Telescope,Published Confirmed,0,,,2383.6,,M8.5,,,0.019,
2MASS J11011926-7732383 b,2MASS J11011926-7732383,1,1,Imaging,2024.0,European Space Agency (ESA) Gaia Satellite,Published Confirmed,0,,,8899.195396,2677.0,,,,,
2MASS J11550485-7919108 b,2MASS J11550485-7919108,1,1,Imaging,2024.0,European Space Agency (ESA) Gaia Satellite,Published Confirmed,0,,,6356.56814,2506.0,,,,,100.862
2MASS J12073346-3932539 b,2MASS J12073346-3932539,1,1,Imaging,2004.0,Paranal Observatory,Published Confirmed,0,,,1271.0,1150.0,,2825.0,0.21887,0.188001,64.308
2MASS J19383260+4603591 b,2MASS J19383260+4603591,2,3,Eclipse Timing Variations,2015.0,Kepler,Published Confirmed,0,406.0,,591.16083702,,,29564.0,0.203,0.48,396.332
2MASS J21252752-8138278 b,2MASS J21252752-8138278,1,1,Imaging,2024.0,European Space Agency (ESA) Gaia Satellite,Published Confirmed,0,,,3813.940884,1616.0,,,,,34.1154
2MASS J22362452+4751425 b,2MASS J22362452+4751425,1,1,Imaging,2016.0,W. M. Keck Observatory,Published Confirmed,0,,,3972.875,,K7 V,4045.0,,0.6,69.5737
2MASS J22501512+2325342 b,2MASS J22501512+2325342,1,1,Imaging,2018.0,The 2 (Two) Micron All Sky Survey (2MASS),Published Confirmed,0,,,9534.85221,1600.0,M3,,,,57.2309
4 UMa b,4 UMa,1,1,Radial Velocity,2006.0,Thueringer Landessternwarte Tautenburg,Published Confirmed,0,269.3,,2256.5,,K1 III,4415.0,18.11,1.234,73.4603
47 UMa b,47 UMa,1,3,Radial Velocity,1996.0,Lick Observatory,Published Confirmed,0,1076.6,,778.6835,,G0 V,5882.0,,1.063,13.7967
47 UMa c,47 UMa,1,3,Radial Velocity,2001.0,Lick Observatory,Published Confirmed,0,2287.0,,157.96071828,,,5829.16,1.136537,1.005192,13.7967
47 UMa d,47 UMa,1,3,Radial Velocity,2009.0,Lick Observatory,Published Confirmed,0,14002.0,,521.22,,,5872.0,1.21334,1.06,13.7967
51 Eri b,51 Eri,3,1,Imaging,2015.0,Gemini Observatory,Published Confirmed,0,,,1303.0964687,807.0,,7422.0,1.45,1.55,29.7575
51 Peg b,51 Peg,1,1,Radial Velocity,1995.0,Haute-Provence Observatory,Published Confirmed,0,4.2307969,,147.47238085,,,5760.76,1.186744,1.069296,15.4614
55 Cnc B b,55 Cnc B,2,7,Radial Velocity,2025.0,Mauna Kea Observatory,Published Confirmed,0,6.7994,,3.5,,M4.5 V,3286.0,0.274,0.26,12.4773
55 Cnc B c,55 Cnc B,2,7,Radial Velocity,2025.0,Mauna Kea Observatory,Published Confirmed,0,33.747,,5.3,,M4.5 V,3286.0,0.274,0.26,12.4773
55 Cnc b,55 Cnc,2,7,Radial Velocity,1996.0,Lick Observatory,Published Confirmed,0,14.651552,,276.0,,G8 V,5198.0,0.98,1.015,12.5855
55 Cnc c,55 Cnc,2,7,Radial Velocity,2004.0,McDonald Observatory,Published Confirmed,0,44.3936,,56.6,,G8 V,5198.0,0.98,1.015,12.5855
55 Cnc d,55 Cnc,2,7,Radial Velocity,2002.0,Lick Observatory,Published Confirmed,0,4799.0,,1214.10451474,,G8 V,5198.0,0.98,1.015,12.5855
55 Cnc e,55 Cnc,2,7,Radial Velocity,2004.0,McDonald Observatory,Published Confirmed,0,0.7365437,2.08,7.81,1958.0,,5234.0,0.943,0.905,12.5855
55 Cnc f,55 Cnc,2,7,Radial Velocity,2007.0,Multiple Observatories,Published Confirmed,0,260.58,,48.5,,G8 V,5198.0,0.98,1.015,12.5855
6 Lyn b,6 Lyn,1,1,Radial Velocity,2008.0,Okayama Astrophysical Observatory,Published Confirmed,0,919.86,,597.83523357,,K0 IV,4941.0,4.94,1.32,54.6599
61 Vir b,61 Vir,1,3,Radial Velocity,2009.0,Multiple Observatories,Published Confirmed,0,4.215,,5.1,,G5 V,5577.0,0.963,0.942,8.50332
61 Vir c,61 Vir,1,3,Radial Velocity,2009.0,Multiple Observatories,Published Confirmed,0,38.021,,18.2,,G5 V,5577.0,0.963,0.942,8.50332
61 Vir d,61 Vir,1,3,Radial Velocity,2009.0,Multiple Observatories,Published Confirmed,0,123.01,,22.9,,G5 V,5577.0,0.963,0.942,8.50332
7 CMa b,7 CMa,1,2,Radial Velocity,2011.0,Anglo-Australian Telescope,Published Confirmed,0,763.0,,826.3,,K1 III,4792.0,2.3,1.52,19.8101
7 CMa c,7 CMa,1,2,Radial Velocity,2019.0,Multiple Observatories,Published Confirmed,0,996.0,,276.5121,,,4826.0,4.87,1.34,19.8101
70 Vir b,70 Vir,1,1,Radial Velocity,1996.0,Lick Observatory,Published Confirmed,0,116.69335,,2297.89938261,,,5481.86,1.921943,1.06055,17.9011
75 Cet b,75 Cet,2,2,Radial Velocity,2012.0,Okayama Astrophysical Observatory,Published Confirmed,0,691.9,,953.49,,G3 III,4846.0,10.5,2.49,82.9613
75 Cet c,75 Cet,2,2,Radial Velocity,2023.0,Okayama Astrophysical Observatory,Published Confirmed,0,2051.62,,289.85950718,,G3 III,4809.0,10.38,1.92,82.9613
8 UMi b,8 UMi,1,1,Radial Velocity,2015.0,Bohyunsan Optical Astronomical Observatory,Published Confirmed,0,93.4,,476.745,,K0,4847.4,9.9,1.8,162.552
81 Cet b,81 Cet,1,1,Radial Velocity,2008.0,Okayama Astrophysical Observatory,Published Confirmed,0,952.7,,1684.4,,G5 III,4785.0,11.0,2.4,101.26
91 Aqr b,91 Aqr,3,1,Radial Velocity,2013.0,Lick Observatory,Published Confirmed,0,181.4,,1017.0,,K0 III,4665.0,11.0,1.4,44.0304
AB Aur b,AB Aur,1,1,Imaging,2022.0,Subaru Telescope,Published Confirmed,0,,,2860.455663,,,9770.0,,2.4,162.127
AB Pic b,AB Pic,1,1,Imaging,2005.0,Paranal Observatory,Published Confirmed,0,,,4290.5,,K2 V,,,,50.0475
AF Lep b,AF Lep,1,1,Imaging,2023.0,Paranal Observatory,Published Confirmed,0,7520.0,,1664.46736746,1400.0,F8 V,6100.0,1.25,1.201,26.8564
AT2021ueyL b,AT2021ueyL,1,1,Microlensing,2025.0,Multiple Observatories,Published Confirmed,0,4168.69,,425.89006538,,M V,3680.0,,0.49,1040.0
AU Mic b,AU Mic,1,4,Transit,2020.0,Transiting Exoplanet Survey Satellite (TESS),Published Confirmed,0,8.463446,4.79,8.99,554.8,M1 V,3540.0,0.862,0.635,9.7221
AU Mic c,AU Mic,1,4,Transit,2021.0,Transiting Exoplanet Survey Satellite (TESS),Published Confirmed,0,18.859023,2.79,14.46,424.7,M1 V,3540.0,0.862,0.635,9.7221
AU Mic d,AU Mic,1,4,Transit Timing Variations,2023.0,Multiple Observatories,Published Confirmed,0,12.73596,,1.053,,,3678.0,0.744,0.51,9.7221
AU Mic e,AU Mic,1,4,Radial Velocity,2025.0,Mauna Kea Observatory,Published Confirmed,1,33.11,,21.1,,,3665.0,0.82,0.6,9.7221
BD+03 2562 b,BD+03 2562,1,1,Radial Velocity,2017.0,Multiple Observatories,Published Confirmed,0,481.9,,2034.112,,,4095.0,32.35,1.14,1070.63
BD+05 4868 A b,BD+05 4868 A,2,1,Transit,2025.0,Transiting Exoplanet Survey Satellite (TESS),Published Confirmed,0,1.271869,,6.2,1820.0,K V,4596.0,0.69,0.7,43.5687
BD+14 4559 b,BD+14 4559,1,1,Radial Velocity,2009.0,McDonald Observatory,Published Confirmed,0,268.94,,467.19,,K2 V,5008.0,0.95,0.86,49.352
BD+15 2375 b,BD+15 2375,1,1,Radial Velocity,2016.0,Roque de los Muchachos Observatory,Published Confirmed,0,153.22,,337.21763,,,4649.0,8.95,1.08,768.045
BD+15 2940 b,BD+15 2940,1,1,Radial Velocity,2013.0,McDonald Observatory,Published Confirmed,0,137.48,,352.78,,K0,4796.0,14.7,1.1,426.42
BD+20 2457 b,BD+20 2457,1,2,Radial Velocity,2009.0,McDonald Observatory,Published Confirmed,0,379.63,,6807.63,,K2 II,4137.0,49.0,2.8,1539.71
BD+20 2457 c,BD+20 2457,1,2,Radial Velocity,2009.0,McDonald Observatory,Published Confirmed,0,621.99,,3963.17,,K2 II,4137.0,49.0,2.8,1539.71
BD+20 274 b,BD+20 274,1,1,Radial Velocity,2012.0,McDonald Observatory,Published Confirmed,0,578.2,,1334.886,,K5 III,4296.0,17.3,0.8,1322.51
BD+20 594 b,BD+20 594,1,1,Transit,2016.0,K2,Published Confirmed,0,41.6855,2.23,16.3,546.0,G,5766.0,0.928,0.961,179.461
BD+37 3172 b,BD+37 3172,1,1,Radial Velocity,2023.0,McDonald Observatory,Published Confirmed,0,1887.76,,3368.9811142,,,4500.0,50.24,3.75,454.251
BD+42 2315 b,BD+42 2315,1,1,Radial Velocity,2023.0,McDonald Observatory,Published Confirmed,0,123.05,,174.80562385,,,4500.0,17.85,1.38,610.715
BD+45 564 b,BD+45 564,1,1,Radial Velocity,2021.0,Haute-Provence Observatory,Published Confirmed,0,307.88,,432.24663352,,K1,5004.0,,0.81,53.622
BD+48 738 b,BD+48 738,1,1,Radial Velocity,2011.0,McDonald Observatory,Published Confirmed,0,392.6,,289.2253,,K0 III,4414.0,11.0,0.74,871.493
BD+48 740 b,BD+48 740,1,1,Radial Velocity,2018.0,Multiple Observatories,Published Confirmed,0,733.0,,540.311,,,4534.0,10.33,1.09,666.589
BD+49 828 b,BD+49 828,1,1,Radial Velocity,2015.0,McDonald Observatory,Published Confirmed,0,2590.0,,508.5,,K0,4943.0,7.6,1.52,442.042
BD+55 362 b,BD+55 362,1,1,Radial Velocity,2021.0,Haute-Provence Observatory,Published Confirmed,0,265.59,,228.83645304,,K3,5012.0,,0.909,52.5697
BD+60 1417 b,BD+60 1417,1,1,Imaging,2021.0,Wide-field Infrared Survey Explorer (WISE) Sat,Published Confirmed,0,,14.68376472,4767.426105,1303.0,K0,4993.0,0.797,1.0,44.9543
BD+63 1405 b,BD+63 1405,1,1,Radial Velocity,2021.0,Haute-Provence Observatory,Published Confirmed,0,1230.0,,3305.4154328,,K0,5000.0,,0.816,38.0473
BD-06 1339 b,BD-06 1339,1,2,Radial Velocity,2013.0,La Silla Observatory,Published Confirmed,1,3.8728,,8.5,,K7/M0 V,4324.0,,0.7,20.2695
BD-06 1339 c,BD-06 1339,1,2,Radial Velocity,2013.0,La Silla Observatory,Published Confirmed,0,125.94,,53.0,,K7/M0 V,4324.0,,0.7,20.2695
BD-08 2823 b,BD-08 2823,1,2,Radial Velocity,2009.0,La Silla Observatory,Published Confirmed,0,5.6,,14.4,,K3 V,4746.0,,0.74,41.3342
BD-08 2823 c,BD-08 2823,1,2,Radial Velocity,2009.0,La Silla Observatory,Published Confirmed,0,237.6,,104.0,,K3 V,4746.0,,0.74,41.3342
BD-10 3166 b,BD-10 3166,1,1,Radial Velocity,2000.0,W. M. Keck Observatory,Published Confirmed,0,3.487905,,142.70495474,,,5382.64,0.969745,0.999531,84.4069
BD-11 4672 b,BD-11 4672,1,2,Radial Velocity,2014.0,La Silla Observatory,Published Confirmed,0,1667.0,,168.44,,K7 V,4475.0,0.52,0.571,27.1665
BD-11 4672 c,BD-11 4672,1,2,Radial Velocity,2020.0,Roque de los Muchachos Observatory,Published Confirmed,0,74.2,,15.37,,,4550.0,0.639,0.651,27.1665
BD-13 2130 b,BD-13 2130,1,1,Radial Velocity,2007.0,La Silla Observatory,Published Confirmed,0,714.29999,,3108.3774,,,4545.0,19.17,2.12,925.214
BD-14 3065 b,BD-14 3065 A,3,1,Transit,2024.0,Transiting Exoplanet Survey Satellite (TESS),Published Confirmed,0,4.2889731,21.59,3932.0,2001.0,,6935.0,2.35,1.41,589.423
BD-17 63 b,BD-17 63,1,1,Radial Velocity,2008.0,La Silla Observatory,Published Confirmed,0,655.6,,1620.9,,K5 V,4714.0,0.69,0.74,34.4603
BD-210397 b,BD-210397,1,2,Radial Velocity,2023.0,La Silla Observatory,Published Confirmed,0,1891.0,,214.0,,K7 V,4051.0,0.747,0.679,23.7324
BD-210397 c,BD-210397,1,2,Radial Velocity,2023.0,La Silla Observatory,Published Confirmed,0,6360.0,,759.0,,K7 V,4051.0,0.747,0.679,23.7324
BEBOP-3 b,BEBOP-3,2,1,Radial Velocity,2025.0,Haute-Provence Observatory,Published Confirmed,0,547.0,,177.34825111,,,6033.0,1.414,1.083,119.052
BEBOP-4 AB b,BEBOP-4 A,2,1,Radial Velocity,2025.0,Haute-Provence Observatory,Published Confirmed,0,1823.5,,8358.8871041,,G3 V,,,1.507,234.294
Barnard b,Barnard's star,1,4,Radial Velocity,2024.0,Paranal Observatory,Published Confirmed,0,3.1533,,0.37,400.0,M3.5-4 V,3195.0,0.185,0.162,1.82655
Barnard c,Barnard's star,1,4,Radial Velocity,2025.0,Gemini Observatory,Published Confirmed,0,4.1244,,0.335,400.0,M3.5-4 V,3195.0,0.185,0.162,1.82655
Barnard d,Barnard's star,1,4,Radial Velocity,2025.0,Gemini Observatory,Published Confirmed,0,2.3402,,0.263,483.0,M3.5-4 V,3195.0,0.185,0.162,1.82655
Barnard e,Barnard's star,1,4,Radial Velocity,2025.0,Gemini Observatory,Published Confirmed,0,6.7392,,0.193,340.0,M3.5-4 V,3195.0,0.185,0.162,1.82655
CD Cet b,CD Cet,1,1,Radial Velocity,2020.0,Calar Alto Observatory,Published Confirmed,0,2.2907,,3.95,464.0,M5.0 V,3130.0,0.175,0.161,8.60715
CD-35 2722 b,CD-35 2722,1,1,Imaging,2011.0,Gemini Observatory,Published Confirmed,0,,,9852.680617,1800.0,M1 Ve,3680.0,,0.4,22.3896
CFBDSIR J145829+101343 b,CFBDSIR J145829+101343,1,1,Imaging,2011.0,W. M. Keck Observatory,Published Confirmed,0,10037.5,,3337.1,370.0,,580.5,,0.021,
CFHTWIR-Oph 98 b,CFHTWIR-Oph 98 A,1,1,Imaging,2020.0,Hubble Space Telescope,Published Confirmed,0,8040000.0,20.8487041,2479.0615746,1800.0,M9-L1,2320.0,0.245,0.0147,
CHXR 73 b,CHXR 73,1,1,Imaging,2006.0,Hubble Space Telescope,Published Confirmed,0,,,3994.486,,M3.5,,,0.35,190.374
CI Tau c,CI Tau,1,1,Radial Velocity,2024.0,Multiple Observatories,Published Confirmed,0,25.2,,1144.1822652,,,,,,157.998
COCONUTS-2 b,COCONUTS-2 A,1,1,Imaging,2021.0,NASA Infrared Telescope Facility (IRTF),Published Confirmed,0,402000000.0,12.44196858,2002.3189641,434.0,M3 V,3406.0,0.388,0.37,10.8864
CT Cha b,CT Cha,1,1,Imaging,2007.0,Paranal Observatory,Published Confirmed,0,,24.66,5403.0,2600.0,,,,,190.72
CWISEP J193518.59-154620.3 b,CWISEP J193518.59-154620.3,1,1,Imaging,2025.0,James Webb Space Telescope (JWST),Published Confirmed,0,,,4926.3403085,390.0,Y,,,0.024,14.43
CoRoT-1 b,CoRoT-1,1,1,Transit,2008.0,CoRoT,Published Confirmed,0,1.5089557,16.7,327.35,1898.0,G0 V,5950.0,1.11,0.95,787.909
CoRoT-10 b,CoRoT-10,1,1,Transit,2010.0,CoRoT,Published Confirmed,0,13.2406,10.87,874.0,600.0,K1 V,5075.0,0.79,0.89,338.386
CoRoT-11 b,CoRoT-11,1,1,Transit,2010.0,CoRoT,Published Confirmed,0,2.99433,16.03,740.51,1657.0,F6 V,6440.0,1.37,1.27,655.037
CoRoT-12 b,CoRoT-12,1,1,Transit,2010.0,CoRoT,Published Confirmed,0,2.828042,15.13215,281.91521,1410.0,,5675.0,1.046,1.018,1126.37
CoRoT-13 b,CoRoT-13,1,1,Transit,2010.0,CoRoT,Published Confirmed,0,4.03519,9.92,415.704,1700.0,G0 V,5945.0,1.01,1.09,1148.93
CoRoT-14 b,CoRoT-14,1,1,Transit,2010.0,CoRoT,Published Confirmed,0,1.51214,12.22,2415.4,1952.0,F9 V,6035.0,1.21,1.13,1744.6
CoRoT-16 b,CoRoT-16,1,1,Transit,2011.0,CoRoT,Published Confirmed,0,5.35227,13.11,170.032,,G5 V,5650.0,1.19,1.098,732.409
CoRoT-17 b,CoRoT-17,1,1,Transit,2011.0,CoRoT,Published Confirmed,0,3.7681,11.43,772.29,1626.0,G2 V,5740.0,1.59,1.04,1176.12
CoRoT-18 b,CoRoT-18,1,1,Transit,2011.0,CoRoT,Published Confirmed,0,1.9000693,14.68,1102.82,1550.0,G9 V,5440.0,1.0,0.95,764.889
CoRoT-19 b,CoRoT-19,1,1,Transit,2011.0,CoRoT,Published Confirmed,0,3.89713,14.46,352.78,2000.0,F9 V,6090.0,1.65,1.21,790.663
CoRoT-2 b,CoRoT-2,2,1,Transit,2008.0,CoRoT,Published Confirmed,0,1.7429935,16.47723,1150.5446,1548.0,,5696.0,0.907,1.018,213.283
CoRoT-20 b,CoRoT-20,1,2,Transit,2011.0,CoRoT,Published Confirmed,0,9.24285,9.42,1347.54,1002.0,G2 V,5880.0,1.02,1.14,844.061
CoRoT-20 c,CoRoT-20,1,2,Radial Velocity,2018.0,Multiple Observatories,Published Confirmed,0,1675.0,,5403.11,,,,,1.14,844.061
CoRoT-21 b,CoRoT-21,1,1,Transit,2012.0,CoRoT,Published Confirmed,0,2.72474,14.5717,718.2958,,F8 IV,6200.0,1.95,1.29,
CoRoT-22 b,CoRoT-22,1,1,Transit,2014.0,CoRoT,Published Confirmed,0,9.75598,4.88,12.2,885.0,G3 V,5939.0,1.136,1.099,627.158
CoRoT-23 b,CoRoT-23,1,1,Transit,2011.0,CoRoT,Published Confirmed,0,3.6313,11.77,889.9,1660.0,G0 V,5900.0,1.61,1.14,1060.97
CoRoT-24 b,CoRoT-24,1,2,Transit,2014.0,CoRoT,Published Confirmed,0,5.1134,3.7,5.7,1070.0,K1 V,4950.0,0.86,0.91,591.555
CoRoT-24 c,CoRoT-24,1,2,Transit,2014.0,CoRoT,Published Confirmed,0,11.759,5.0,28.0,850.0,K1 V,4950.0,0.86,0.91,591.555
CoRoT-25 b,CoRoT-25,1,1,Transit,2013.0,CoRoT,Published Confirmed,0,4.86069,12.11,85.81,1330.0,F9,6040.0,1.19,1.09,1103.48
CoRoT-26 b,CoRoT-26,1,1,Transit,2013.0,CoRoT,Published Confirmed,0,4.20474,14.12,165.26,1600.0,G5,5590.0,1.79,1.09,1045.18
CoRoT-27 b,CoRoT-27,1,1,Transit,2014.0,CoRoT,Published Confirmed,0,3.57532,11.287,3302.11,1500.0,G2,5900.0,1.08,1.05,1010.28
CoRoT-28 b,CoRoT-28,1,1,Transit,2015.0,CoRoT,Published Confirmed,0,5.20851,10.704595,153.82972,,G8/9 IV,5150.0,1.78,1.01,766.183
CoRoT-29 b,CoRoT-29,1,1,Transit,2015.0,CoRoT,Published Confirmed,0,2.85057,10.0881,270.1555,,K0 V,5260.0,0.9,0.97,806.507
CoRoT-3 b,CoRoT-3,1,1,Transit,2008.0,CoRoT,Published Confirmed,0,4.2568,11.32,6883.91,,F3 V,6740.0,1.56,1.37,768.771
CoRoT-30 b,CoRoT-30,1,1,Transit,2020.0,CoRoT,Published Confirmed,0,9.06005,11.309881,921.707,,G3 V,5650.0,0.91,0.98,1032.23
CoRoT-31 b,CoRoT-31,1,1,Transit,2020.0,CoRoT,Published Confirmed,0,4.62941,16.36514,266.9772,,G2 IV,5700.0,2.15,1.25,2005.76
CoRoT-32 b,CoRoT-32,1,1,Transit,2018.0,CoRoT,Published Confirmed,0,6.71837,6.38913,47.6745,938.0,G0 VI,5970.0,0.79,1.08,576.683
CoRoT-35 b,CoRoT-35,1,1,Transit,2022.0,CoRoT,Published Confirmed,0,3.22748,18.83108758,349.6112477,1747.0,F6 V,6390.0,1.65,1.01,1123.21
CoRoT-36 b,CoRoT-36,1,1,Transit,2022.0,CoRoT,Published Confirmed,0,5.616531,15.80466279,216.12331676,1567.0,F3 V,6730.0,1.52,1.32,925.958
CoRoT-4 b,CoRoT-4,1,1,Transit,2008.0,CoRoT,Published Confirmed,0,9.20205,13.00244,232.33373,1058.0,,6190.0,1.1475,1.194,726.412
CoRoT-5 b,CoRoT-5,1,1,Transit,2009.0,CoRoT,Published Confirmed,0,4.0378962,15.558,148.42,1438.0,F9 V,6100.0,1.186,1.0,882.472
CoRoT-6 b,CoRoT-6,1,1,Transit,2009.0,CoRoT,Published Confirmed,0,8.886593,13.068,940.74,1017.0,F9 V,6090.0,1.025,1.05,645.294
CoRoT-7 b,CoRoT-7,1,3,Transit,2009.0,CoRoT,Published Confirmed,0,0.85359159,1.585,5.74,1756.0,,5259.0,0.82,0.913,159.906
CoRoT-7 c,CoRoT-7,1,3,Radial Velocity,2009.0,CoRoT,Published Confirmed,0,3.698,,8.4,,,5256.0,0.864273,0.899,159.906
CoRoT-7 d,CoRoT-7,1,3,Radial Velocity,2022.0,La Silla Observatory,Published Confirmed,0,8.966,,17.142,,G9 V,5250.0,,0.915,159.906
CoRoT-8 b,CoRoT-8,1,1,Transit,2010.0,CoRoT,Published Confirmed,0,6.21229,6.39,69.92,,K1 V,5080.0,0.77,0.88,322.037
CoRoT-9 b,CoRoT-9,2,1,Transit,2009.0,CoRoT,Published Confirmed,0,95.2738,11.77,266.97,,G3 V,5625.0,0.94,0.99,412.98
DE CVn b,DE CVn,2,1,Eclipse Timing Variations,2018.0,Multiple Facilities,Published Confirmed,1,4098.1,,3823.27330161,,,,,0.51,30.5225
DENIS-P J082303.1-491201 b,DENIS-P J082303.1-491201,1,1,Astrometry,2013.0,Paranal Observatory,Published Confirmed,0,246.36,,9057.77,,L1.5,,,0.075,
DH Tau b,DH Tau,1,1,Imaging,2004.0,Subaru Telescope,Published Confirmed,0,,30.2643,3496.13,2200.0,,4371.0,1.36687,0.683,134.846
DMPP-1 b,DMPP-1,1,4,Radial Velocity,2019.0,La Silla Observatory,Published Confirmed,0,18.57,,24.27,877.0,F8 V,6196.0,1.26,1.21,62.5388
DMPP-1 c,DMPP-1,1,4,Radial Velocity,2019.0,La Silla Observatory,Published Confirmed,0,6.584,,9.6,1239.0,F8 V,6196.0,1.26,1.21,62.5388
DMPP-1 d,DMPP-1,1,4,Radial Velocity,2019.0,La Silla Observatory,Published Confirmed,0,2.882,,3.35,1632.0,F8 V,6196.0,1.26,1.21,62.5388
DMPP-1 e,DMPP-1,1,4,Radial Velocity,2019.0,La Silla Observatory,Published Confirmed,0,5.516,,4.13,1314.0,F8 V,6196.0,1.26,1.21,62.5388
DMPP-2 b,DMPP-2,1,3,Radial Velocity,2019.0,Multiple Facilities,Published Confirmed,0,5.2072,,138.89171,1000.0,F5 V,6500.0,1.78,1.44,137.94
DMPP-2 c,DMPP-2,1,3,Radial Velocity,2026.0,Multiple Observatories,Published Confirmed,0,3.168,,51.79,,,,,1.41,137.94
DMPP-2 d,DMPP-2,1,3,Radial Velocity,2026.0,Multiple Observatories,Published Confirmed,0,16.491,,91.79,,,,,1.41,137.94
DMPP-3 A b,DMPP-3 A,2,1,Radial Velocity,2019.0,La Silla Observatory,Published Confirmed,0,6.6732,,2.58,854.0,K0 V,5138.0,0.91,0.87,45.23
DMPP-4 b,DMPP-4,1,1,Radial Velocity,2023.0,Multiple Observatories,Published Confirmed,0,3.4982,,12.2,,F5-F8 V,6400.0,1.38,1.25,25.3284
DMPP-6 b,DMPP-6,1,2,Radial Velocity,2026.0,Multiple Observatories,Published Confirmed,0,7.6027,,5.8,,,,1.27,1.079,54.6303
DMPP-6 c,DMPP-6,1,2,Radial Velocity,2026.0,Multiple Observatories,Published Confirmed,0,36.441,,13.47,,,,1.27,1.079,54.6303
DMPP-7 b,DMPP-7,1,1,Radial Velocity,2026.0,Multiple Observatories,Published Confirmed,0,4.984,,61.39,,G1 V,,,1.09,101.386
DMPP-8 b,DMPP-8,1,1,Radial Velocity,2026.0,Multiple Observatories,Published Confirmed,0,62.915,,81.09,,,,1.24,0.99,76.1335
DMPP-9 b,DMPP-9,1,1,Radial Velocity,2026.0,Multiple Observatories,Published Confirmed,0,12.733,,14.43,,,,1.26,1.1,109.539
DP Leo b,DP Leo,2,1,Eclipse Timing Variations,2009.0,Yunnan Astronomical Observatory,Published Confirmed,0,10220.0,,1922.79,,,,,0.69,305.684
DS Tuc A b,DS Tuc A,2,1,Transit,2019.0,Transiting Exoplanet Survey Satellite (TESS),Published Confirmed,0,8.1387,5.63,413.179,,G6 V,5542.0,0.872,0.959,44.0622
EPIC 201170410.02,EPIC 201170410,1,1,Transit,2020.0,K2,Published Confirmed,0,6.7987,1.047,,,,3648.0,0.282,0.287,
EPIC 201238110 b,EPIC 201238110,1,1,Transit,2019.0,K2,Published Confirmed,0,28.1656,1.87,,,,,,0.41,159.259
EPIC 201427007 b,EPIC 201427007,1,1,Transit,2021.0,K2,Published Confirmed,0,0.72091,1.5,,,,5633.0,0.94,,706.391
EPIC 201497682 b,EPIC 201497682,1,1,Transit,2019.0,K2,Published Confirmed,0,2.13174,0.692,,,,,,0.78,253.026
EPIC 201595106 b,EPIC 201595106,1,2,Transit,2021.0,K2,Published Confirmed,0,0.87724,1.565,7.67,2038.0,,5679.0,0.98,0.958,232.1
EPIC 201615463 c,K2-166,1,2,Transit,2019.0,K2,Published Confirmed,0,3.80464,1.22,,,,,,1.073,476.882
EPIC 201754305 d,K2-16,1,3,Transit,2019.0,K2,Published Confirmed,0,2.71578,1.03,,,,,,0.67,334.967
EPIC 201757695.02,EPIC 201757695,1,1,Transit,2020.0,K2,Published Confirmed,0,2.0478,0.90819,,,,4520.0,0.655,0.727,
EPIC 201833600 c,K2-50,1,2,Transit,2019.0,K2,Published Confirmed,0,3.96151,1.0,,,,,,0.611,257.443
EPIC 201841433 b,EPIC 201841433,1,1,Transit,2019.0,K2,Published Confirmed,0,4.1698,1.04,,,,5053.0,0.628461,0.802,436.488
EPIC 205950854 c,K2-168,1,2,Transit,2019.0,K2,Published Confirmed,0,8.050722,1.31,,960.6,,5502.7,0.83,0.877,243.935
EPIC 206024342 b,EPIC 206024342,1,3,Transit,2019.0,K2,Published Confirmed,0,4.50756,1.7,,,,,,0.928,369.888
EPIC 206024342 c,EPIC 206024342,1,3,Transit,2021.0,K2,Published Confirmed,0,0.911724,1.4,,,,5724.0,1.1,,369.888
EPIC 206024342 d,EPIC 206024342,1,3,Transit,2021.0,K2,Published Confirmed,0,14.647531,2.6,,,,5724.0,1.1,,369.888
EPIC 206032309 b,EPIC 206032309,1,1,Transit,2019.0,K2,Published Confirmed,0,2.87814,1.01,,,,,,0.221,161.365
EPIC 206042996 b,EPIC 206042996,1,2,Transit,2019.0,K2,Published Confirmed,0,5.2986,1.7,,,,4114.0,0.5,,451.769
EPIC 206042996 c,EPIC 206042996,1,2,Transit,2021.0,K2,Published Confirmed,0,0.354884,1.2,,,,4114.0,0.5,,451.769
EPIC 206215704 b,EPIC 206215704,1,1,Transit,2019.0,K2,Published Confirmed,0,2.255436,1.0,,,,3297.0,0.25,,109.888
EPIC 206317286 b,EPIC 206317286,1,2,Transit,2019.0,K2,Published Confirmed,0,1.58252,0.96,,,,,,0.711,314.35
EPIC 206317286 c,EPIC 206317286,1,2,Transit,2022.0,K2,Published Confirmed,0,17.515472,2.094,,,,4752.0,0.758,0.832,314.35
EPIC 211822797 b,EPIC 211822797,1,1,Transit,2016.0,K2,Published Confirmed,0,21.1701963,1.92,,431.0,,4057.0,0.58,0.62,186.197
EPIC 211945201 b,EPIC 211945201,1,1,Transit,2018.0,K2,Published Confirmed,0,19.49213,6.12,27.0,886.35,G0,6025.0,1.38,1.18,181.69
EPIC 212297394 b,EPIC 212297394,1,2,Transit,2019.0,K2,Published Confirmed,0,2.289363,1.48,,1149.0,,5171.0,0.8,0.83,418.395
EPIC 212297394 c,EPIC 212297394,1,2,Transit,2021.0,K2,Published Confirmed,0,5.213965,2.27,,866.0,,5171.0,0.8,0.83,418.395
EPIC 212424622 b,EPIC 212424622,1,1,Transit,2019.0,K2,Published Confirmed,0,18.0983,2.17,,,,,,1.106,611.804
EPIC 212499991 b,EPIC 212499991,1,1,Transit,2019.0,K2,Published Confirmed,0,34.885,1.6,,,,,,0.912,283.29
EPIC 212587672 b,EPIC 212587672,1,2,Transit,2019.0,K2,Published Confirmed,0,15.28078,1.26,,756.0,,6004.0,0.98,0.99,320.07
EPIC 212587672 c,EPIC 212587672,1,2,Transit,2021.0,K2,Published Confirmed,0,23.228555,2.32,,658.0,,6004.0,0.98,0.99,320.07
EPIC 212624936 b,EPIC 212624936,1,2,Transit,2021.0,K2,Published Confirmed,0,0.578657,1.2,,,,5765.0,0.93,,561.929
EPIC 212624936 c,EPIC 212624936,1,2,Transit,2021.0,K2,Published Confirmed,0,11.811437,2.3,,,,5765.0,0.93,,561.929
EPIC 212737443 b,EPIC 212737443,1,2,Transit,2019.0,K2,Published Confirmed,0,13.603,2.586,,536.0,K3,4684.0,0.673,0.69,336.25
EPIC 212737443 c,EPIC 212737443,1,2,Transit,2019.0,K2,Published Confirmed,0,65.55,2.69,,316.0,K3,4684.0,0.673,0.69,336.25
EPIC 220492298 b,EPIC 220492298,1,1,Transit,2021.0,K2,Published Confirmed,0,0.762406,0.99,,,,5620.0,0.89,,624.512
EPIC 220554210 c,K2-282,1,2,Transit,2019.0,K2,Published Confirmed,0,0.70531,1.6,,,,5499.0,1.0,,496.289
EPIC 220674823 b,EPIC 220674823,1,2,Transit,2016.0,K2,Published Confirmed,0,0.5713127,1.676,7.8,2299.0,G5 V,5578.0,0.99,0.913,244.59
EPIC 220674823 c,EPIC 220674823,1,2,Transit,2016.0,K2,Published Confirmed,0,13.340603,2.712,7.9,838.0,G5 V,5578.0,0.99,0.913,244.59
EPIC 228836835 b,EPIC 228836835,1,1,Transit,2021.0,K2,Published Confirmed,0,0.728113,1.1,,,,3782.0,0.32,,150.124
EPIC 229004835 b,EPIC 229004835,1,1,Transit,2023.0,K2,Published Confirmed,0,16.141132,2.332,10.4,804.0,,5868.0,0.999,0.97,121.971
EPIC 246851721 b,EPIC 246851721,2,1,Transit,2018.0,K2,Published Confirmed,0,6.180235,11.780659,953.49,1401.0,F5 V,6202.0,1.586,1.317,372.632
EPIC 248847494 b,EPIC 248847494,1,1,Transit,2018.0,K2,Published Confirmed,0,3650.0,12.44199,4131.79,183.0,,4898.0,2.7,0.9,551.886
EPIC 249893012 b,EPIC 249893012,1,3,Transit,2020.0,K2,Published Confirmed,0,3.5951,1.95,8.75,1616.0,G8 IV/V,5430.0,1.71,1.05,321.296
EPIC 249893012 c,EPIC 249893012,1,3,Transit,2020.0,K2,Published Confirmed,0,15.624,3.67,14.67,990.0,G8 IV/V,5430.0,1.71,1.05,321.296
EPIC 249893012 d,EPIC 249893012,1,3,Transit,2020.0,K2,Published Confirmed,0,35.747,3.94,10.18,752.0,G8 IV/V,5430.0,1.71,1.05,321.296
FU Tau b,FU Tau,1,1,Imaging,2008.0,Spitzer Space Telescope,Published Confirmed,0,,,5085.28,2375.0,M7.25,2838.0,,0.05,
G 192-15 b,G 192-15,1,2,Radial Velocity,2025.0,Calar Alto Observatory,Published Confirmed,0,2.27476,,1.03,453.6,M5.0 V,,,0.132,9.53114
G 192-15 c,G 192-15,1,2,Radial Velocity,2025.0,Calar Alto Observatory,Published Confirmed,0,1219.0,,14.3,55.9,M5.0 V,,,0.132,9.53114
G 196-3 b,G 196-3,1,1,Imaging,2024.0,European Space Agency (ESA) Gaia Satellite,Published Confirmed,0,,,8263.538582,1670.0,,,,,21.7912
G 261-6 b,G 261-6,1,1,Radial Velocity,2025.0,Calar Alto Observatory,Published Confirmed,0,5.4536,,1.37,322.3,M5.5 V,,,0.118,10.6267
G 264-012 b,G 264-012,1,2,Radial Velocity,2021.0,Calar Alto Observatory,Published Confirmed,0,2.30538,,2.5,587.0,M4.0 V,3326.0,0.305,0.297,16.009
G 264-012 c,G 264-012,1,2,Radial Velocity,2021.0,Calar Alto Observatory,Published Confirmed,0,8.0518,,3.75,387.0,M4.0 V,3326.0,0.305,0.297,16.009
G 268-110 b,G 268-110,1,1,Radial Velocity,2025.0,Calar Alto Observatory,Published Confirmed,0,1.43263,,1.52,534.0,M5.0 V,,,0.137,
G 9-40 b,G 9-40,1,1,Transit,2019.0,K2,Published Confirmed,0,5.746007,2.025,11.7,456.0,M2.5 V,3348.0,0.3073,0.29,27.9276
GJ 1002 b,GJ 1002,1,2,Radial Velocity,2022.0,Multiple Observatories,Published Confirmed,0,10.3465,,1.08,230.9,M5.5 V,3024.0,0.137,0.12,4.84867
GJ 1002 c,GJ 1002,1,2,Radial Velocity,2022.0,Multiple Observatories,Published Confirmed,0,21.202,,1.36,181.7,M5.5 V,3024.0,0.137,0.12,4.84867
GJ 1061 b,GJ 1061,1,3,Radial Velocity,2020.0,La Silla Observatory,Published Confirmed,0,3.2073,,1.11,,M5.5 V,2953.0,0.156,0.12,3.67278
GJ 1061 c,GJ 1061,1,3,Radial Velocity,2020.0,La Silla Observatory,Published Confirmed,0,6.6821,,1.81,,M5.5 V,2953.0,0.156,0.12,3.67278
GJ 1061 d,GJ 1061,1,3,Radial Velocity,2020.0,La Silla Observatory,Published Confirmed,0,13.066,,1.67,,M5.5 V,2953.0,0.156,0.12,3.67278
GJ 1132 b,GJ 1132,1,2,Transit,2015.0,Cerro Tololo Inter-American Observatory,Published Confirmed,0,1.62893,1.16,1.62,409.0,M4.5 V,3270.0,0.207,0.181,12.613
GJ 1132 c,GJ 1132,1,2,Radial Velocity,2018.0,La Silla Observatory,Published Confirmed,0,8.929,,2.64,300.0,,3270.0,0.2105,0.181,12.613
GJ 1137 c,HD 93083,1,2,Radial Velocity,2026.0,La Silla Observatory,Published Confirmed,0,9.6412,,5.12,,K2 IV-V,5033.8,0.837,0.836,28.5159
GJ 1148 b,GJ 1148,1,2,Radial Velocity,2010.0,W. M. Keck Observatory,Published Confirmed,0,41.38,,96.7,,,3287.0,0.358519,0.344045,11.0143
GJ 1148 c,GJ 1148,1,2,Radial Velocity,2017.0,Calar Alto Observatory,Published Confirmed,0,532.58,,68.06,,,3287.0,0.358519,0.344045,11.0143
GJ 1151 c,GJ 1151,1,1,Radial Velocity,2023.0,Multiple Facilities,Published Confirmed,0,389.7,,10.62,,M 4.5V,3280.0,0.1781,0.1639,8.03625
GJ 1214 b,GJ 1214,1,1,Transit,2009.0,MEarth Project,Published Confirmed,0,1.58040433,2.742,8.17,596.0,M4 V,3250.0,0.215,0.178,14.6427
GJ 1252 b,GJ 1252,1,1,Transit,2020.0,Transiting Exoplanet Survey Satellite (TESS),Published Confirmed,0,0.5182349,1.193,2.09,1089.0,M3,3458.0,0.391,0.381,20.373
GJ 1265 b,GJ 1265,1,1,Radial Velocity,2018.0,Calar Alto Observatory,Published Confirmed,0,3.6511,,7.4,,M4.5 V,3236.0,0.192,0.178,10.2525
GJ 1289 b,GJ 1289,1,1,Radial Velocity,2024.0,Multiple Observatories,Published Confirmed,0,111.74,,6.27,150.0,M4.5 Ve,3296.0,,0.21,8.35147
GJ 143 b,GJ 143,1,2,Transit,2019.0,Transiting Exoplanet Survey Satellite (TESS),Published Confirmed,0,35.61253,2.61,22.7,422.0,K4.5,4640.0,0.695,0.73,16.32
GJ 15 A b,GJ 15 A,2,2,Radial Velocity,2014.0,W. M. Keck Observatory,Published Confirmed,1,11.4433,,5.35,550.0,M2 V,3567.0,0.3863,0.375,3.56228
GJ 15 A c,GJ 15 A,2,2,Radial Velocity,2018.0,Roque de los Muchachos Observatory,Published Confirmed,0,7600.0,,36.0,,M1,3607.0,0.38,0.38,3.56228
GJ 160.2 b,GJ 160.2,1,1,Radial Velocity,2014.0,Multiple Observatories,Published Confirmed,0,5.2354,,10.2,,M0 V,4347.0,,0.69,25.8557
GJ 163 b,GJ 163,1,3,Radial Velocity,2013.0,La Silla Observatory,Published Confirmed,0,8.63182,,10.6,,,,,,15.1285
GJ 163 c,GJ 163,1,3,Radial Velocity,2013.0,La Silla Observatory,Published Confirmed,0,25.63058,,6.8,,,,,,15.1285
GJ 163 d,GJ 163,1,3,Radial Velocity,2013.0,La Silla Observatory,Published Confirmed,0,603.95116,,29.4,,,,,,15.1285
GJ 179 b,GJ 179,1,1,Radial Velocity,2009.0,W. M. Keck Observatory,Published Confirmed,0,2288.0,,260.61,,M3.5 V,3370.0,0.38,0.357,12.356
GJ 180 b,GJ 180,1,3,Radial Velocity,2014.0,Multiple Observatories,Published Confirmed,0,17.38,,8.3,,M2 V,3371.0,,0.43,11.9407
GJ 180 c,GJ 180,1,3,Radial Velocity,2014.0,Multiple Observatories,Published Confirmed,0,24.329,,6.4,,M2 V,3371.0,,0.43,11.9407
GJ 180 d,GJ 180,1,3,Radial Velocity,2020.0,Multiple Facilities,Published Confirmed,0,106.3,,7.56,,,,,0.43,11.9407
GJ 2030 b,GJ 2030,1,2,Radial Velocity,2022.0,Multiple Observatories,Published Confirmed,0,2.38129,,4.76742611,,,,,0.96,37.0788
GJ 2030 c,GJ 2030,1,2,Radial Velocity,2022.0,Multiple Observatories,Published Confirmed,0,25533.11353,,4069.15709482,,,,,0.96,37.0788
GJ 2056 b,GJ 2056,1,1,Radial Velocity,2020.0,Multiple Observatories,Published Confirmed,0,69.971,,16.2,,,,,0.62,28.4434
GJ 2126 b,GJ 2126,1,1,Radial Velocity,2025.0,La Silla Observatory,Published Confirmed,0,272.7,,413.1769291,,M0 V,4159.0,0.728,0.65,38.129
GJ 229 A c,GJ 229,3,2,Radial Velocity,2020.0,Multiple Facilities,Published Confirmed,1,121.93268,,8.58136699,,,,,0.509,5.75624
GJ 229 b,GJ 229,3,2,Radial Velocity,2014.0,Multiple Observatories,Published Confirmed,1,471.0,,32.0,,M1/M2 V,3564.0,,0.58,5.75624
GJ 238 b,GJ 238,1,1,Transit,2024.0,Transiting Exoplanet Survey Satellite (TESS),Published Confirmed,0,1.7446999,0.566,,758.0,M2.5 V,3485.0,0.4314,0.4193,15.2142
GJ 251 b,GJ 251,1,2,Radial Velocity,2020.0,W. M. Keck Observatory,Published Confirmed,0,14.238,,4.0,351.0,M3.0 V,3451.0,0.364,0.36,5.58057
GJ 251 c,GJ 251,1,2,Radial Velocity,2025.0,Multiple Observatories,Published Confirmed,0,53.647,,3.88,216.0,,3342.0,0.36,0.35,5.58057
GJ 27.1 b,GJ 27.1,1,1,Radial Velocity,2014.0,Multiple Observatories,Published Confirmed,0,15.819,,13.0,,M0.5 V,3542.0,,0.53,23.6062
GJ 273 b,GJ 273,1,2,Radial Velocity,2017.0,La Silla Observatory,Published Confirmed,0,18.6498,,2.89,,M3.5,3382.0,0.293,0.29,5.921535
GJ 273 c,GJ 273,1,2,Radial Velocity,2017.0,La Silla Observatory,Published Confirmed,0,4.7234,,1.18,,M3.5,3382.0,0.293,0.29,5.921535
GJ 3021 b,GJ 3021,2,1,Radial Velocity,2000.0,La Silla Observatory,Published Confirmed,0,133.71,,1071.04,350.0,G6 V,5540.0,0.9,0.9,17.5559
GJ 3082 b,GJ 3082,1,1,Radial Velocity,2020.0,Multiple Facilities,Published Confirmed,0,11.949,,8.2,,,,,0.47,16.6186
GJ 3090 b,GJ 3090,1,2,Transit,2022.0,Transiting Exoplanet Survey Satellite (TESS),Published Confirmed,0,2.8531054,2.13,3.34,693.0,M2 V,3556.0,0.516,0.519,22.4751
GJ 3090 c,GJ 3090,1,2,Radial Velocity,2026.0,Multiple Facilities,Published Confirmed,0,15.9407,,10.0,407.2,M2 V,3707.0,0.516,0.519,22.4751
GJ 3138 b,GJ 3138,1,3,Radial Velocity,2017.0,La Silla Observatory,Published Confirmed,0,1.22003,,1.78,,M0,3717.0,0.5,0.681,28.4712
GJ 3138 c,GJ 3138,1,3,Radial Velocity,2017.0,La Silla Observatory,Published Confirmed,0,5.974,,4.18,,M0,3717.0,0.5,0.681,28.4712
GJ 3138 d,GJ 3138,1,3,Radial Velocity,2017.0,La Silla Observatory,Published Confirmed,0,257.8,,10.5,,M0,3717.0,0.5,0.681,28.4712
GJ 317 b,GJ 317,1,2,Radial Velocity,2007.0,W. M. Keck Observatory,Published Confirmed,0,695.69,,536.49435102,,M3.5 V,3496.0,0.403,0.402,15.1968
GJ 317 c,GJ 317,1,2,Radial Velocity,2018.0,W. M. Keck Observatory,Published Confirmed,0,6500.0,,454.49462201,,M3.5 V,3496.0,0.403,0.402,15.1968
GJ 3222 b,GJ 3222,2,1,Radial Velocity,2022.0,Multiple Observatories,Published Confirmed,0,10.66669,,11.44182265,,,,,0.89,18.23817
GJ 328 b,GJ 328,1,2,Radial Velocity,2013.0,McDonald Observatory,Published Confirmed,0,3771.0,,797.74930157,,M0.0,3897.0,0.63,0.65,20.5266
GJ 328 c,GJ 328,1,2,Radial Velocity,2023.0,Roque de los Muchachos Observatory,Published Confirmed,0,241.8,,21.4,,M0.0,3897.0,0.63,0.65,20.5266
GJ 3293 b,GJ 3293,1,4,Radial Velocity,2015.0,La Silla Observatory,Published Confirmed,0,30.6,,25.72,,M2.5,3466.0,0.404,0.42,20.1903
GJ 3293 c,GJ 3293,1,4,Radial Velocity,2015.0,La Silla Observatory,Published Confirmed,0,123.75,,25.72,,M2.5,3466.0,0.404,0.42,20.1903
GJ 3293 d,GJ 3293,1,4,Radial Velocity,2017.0,La Silla Observatory,Published Confirmed,0,48.1345,,7.6,,M2.5,3466.0,0.404,0.42,20.1903
GJ 3293 e,GJ 3293,1,4,Radial Velocity,2017.0,La Silla Observatory,Published Confirmed,0,13.2543,,3.28,,M2.5,3466.0,0.404,0.42,20.1903
GJ 3323 b,GJ 3323,1,2,Radial Velocity,2017.0,La Silla Observatory,Published Confirmed,0,5.3636,,2.02,,M4,3159.0,0.119,0.164,5.37484
GJ 3323 c,GJ 3323,1,2,Radial Velocity,2017.0,La Silla Observatory,Published Confirmed,0,40.54,,2.31,,M4,3159.0,0.119,0.164,5.37484
GJ 3341 b,GJ 3341,1,1,Radial Velocity,2015.0,La Silla Observatory,Published Confirmed,0,14.207,,6.6,,M2.5,3526.0,0.439,0.47,23.619
GJ 338 B b,GJ 338 B,2,1,Radial Velocity,2020.0,Calar Alto Observatory,Published Confirmed,0,24.45,,10.27,391.0,M0.0 V,4005.0,0.58,0.64,6.33256
GJ 341 b,GJ 341,1,1,Transit,2025.0,Transiting Exoplanet Survey Satellite (TESS),Published Confirmed,0,7.57686,0.88,4.0,,M1,3770.0,0.5066,0.48,10.454
GJ 3470 b,GJ 3470,1,1,Radial Velocity,2012.0,La Silla Observatory,Published Confirmed,0,3.33714,4.2,14.0,615.0,M1.5,3600.0,0.503,0.541,29.4214
GJ 3473 b,GJ 3473,2,2,Transit,2020.0,Transiting Exoplanet Survey Satellite (TESS),Published Confirmed,0,1.1980035,1.264,1.86,773.0,,3347.0,0.364,0.36,27.3644
GJ 3473 c,GJ 3473,2,2,Radial Velocity,2020.0,Multiple Observatories,Published Confirmed,0,15.509,,7.41,329.1,,3347.0,0.364,0.36,27.3644
GJ 3512 b,GJ 3512,1,2,Radial Velocity,2019.0,Calar Alto Observatory,Published Confirmed,0,203.69,,146.20106722,,M5.5 V,3081.0,0.139,0.123,9.48637
GJ 3512 c,GJ 3512,1,2,Radial Velocity,2020.0,Multiple Observatories,Published Confirmed,0,2354.0,,143.97626837,,M5.5 V,3141.0,0.139,0.123,9.48637
GJ 357 b,GJ 357,1,3,Transit,2019.0,Transiting Exoplanet Survey Satellite (TESS),Published Confirmed,0,3.93072,1.217,1.84,525.0,M2.5 V,3505.0,0.337,0.342,9.44181
GJ 357 c,GJ 357,1,3,Radial Velocity,2019.0,Multiple Observatories,Published Confirmed,0,9.1247,,3.4,401.2,M2.5 V,3505.0,0.337,0.342,9.44181
GJ 357 d,GJ 357,1,3,Radial Velocity,2019.0,Multiple Observatories,Published Confirmed,0,55.661,,6.1,219.6,M2.5 V,3505.0,0.337,0.342,9.44181
GJ 3634 b,GJ 3634,1,1,Radial Velocity,2010.0,La Silla Observatory,Published Confirmed,0,2.64561,,8.4,,M2.5,,0.43,0.45,20.3779
GJ 367 b,GJ 367,1,3,Transit,2021.0,Transiting Exoplanet Survey Satellite (TESS),Published Confirmed,0,0.3219225,0.699,0.633,1365.0,M1.0 V,3522.0,0.458,0.455,9.41263
GJ 367 c,GJ 367,1,3,Radial Velocity,2023.0,La Silla Observatory,Published Confirmed,0,11.5301,,4.13,,M1.0 V,3522.0,0.458,0.455,9.41263
GJ 367 d,GJ 367,1,3,Radial Velocity,2023.0,La Silla Observatory,Published Confirmed,0,34.369,,6.03,,M1.0 V,3522.0,0.458,0.455,9.41263
GJ 3779 b,GJ 3779,1,1,Radial Velocity,2018.0,Calar Alto Observatory,Published Confirmed,0,3.0232,,8.0,,M4.0 V,3324.0,0.281,0.27,13.743
GJ 3929 b,GJ 3929,1,2,Transit,2022.0,Transiting Exoplanet Survey Satellite (TESS),Published Confirmed,0,2.6162745,1.15,1.21,568.8,M3.5 V,3369.0,0.315,0.309,15.8095
GJ 3929 c,GJ 3929,1,2,Radial Velocity,2022.0,Multiple Observatories,Published Confirmed,0,15.04,,5.71,317.0,,3384.0,0.32,0.313,15.8095
GJ 393 b,GJ 393,1,1,Radial Velocity,2021.0,Multiple Observatories,Published Confirmed,0,7.02679,,1.71,485.0,M2.0 V,3579.0,0.426,0.426,7.03149
GJ 3942 b,GJ 3942,1,1,Radial Velocity,2017.0,Roque de los Muchachos Observatory,Published Confirmed,0,6.905,,7.14,590.0,M0,3867.0,0.61,0.63,16.9287
GJ 3988 b,GJ 3988,1,1,Radial Velocity,2023.0,Calar Alto Observatory,Published Confirmed,0,6.9442,,3.69,348.0,M4.5 V,3273.0,0.19734,0.1842,9.9105
GJ 3998 b,GJ 3998,1,3,Radial Velocity,2016.0,Roque de los Muchachos Observatory,Published Confirmed,0,2.64977,,2.47,,M1,3722.0,0.49,0.5,18.1459
GJ 3998 c,GJ 3998,1,3,Radial Velocity,2016.0,Roque de los Muchachos Observatory,Published Confirmed,0,13.74,,6.26,,M1,3722.0,0.49,0.5,18.1459
GJ 3998 d,GJ 3998,1,3,Radial Velocity,2025.0,Multiple Observatories,Published Confirmed,0,41.78,,6.07,,,3726.0,0.5,0.52,18.1459
GJ 411 b,GJ 411,1,2,Radial Velocity,2019.0,Haute-Provence Observatory,Published Confirmed,0,12.946,,2.69,370.1,M1.5 V,3601.0,0.392,0.39,5.675773
GJ 414 A b,GJ 414 A,2,2,Radial Velocity,2021.0,W. M. Keck Observatory,Published Confirmed,0,50.8,2.63,7.6,308.6,K7 V,4120.0,0.68,0.65,11.8893
GJ 414 A c,GJ 414 A,2,2,Radial Velocity,2021.0,W. M. Keck Observatory,Published Confirmed,0,749.83,8.4,53.83,124.7,K7 V,4120.0,0.68,0.65,11.8893
GJ 422 b,GJ 422,1,1,Radial Velocity,2014.0,Multiple Observatories,Published Confirmed,0,26.161,,9.9,,M3.5 V,3323.0,,0.35,12.6631
GJ 4274 b,GJ 4274,1,2,Radial Velocity,2026.0,Mauna Kea Observatory,Published Confirmed,0,1.6339,,2.97,,M4.5 V,3228.0,0.19,0.18,7.23556
GJ 4274 c,GJ 4274,1,2,Radial Velocity,2026.0,Mauna Kea Observatory,Published Confirmed,0,69.57,,8.39,,M4.5 V,3228.0,0.19,0.18,7.23556
GJ 4276 b,GJ 4276,1,1,Radial Velocity,2019.0,Calar Alto Observatory,Published Confirmed,0,13.352,,16.57,,M4.0,3387.0,0.407,0.406,21.3362
GJ 433 b,GJ 433,1,3,Radial Velocity,2011.0,La Silla Observatory,Published Confirmed,0,7.3709,,5.79,,M1.5,3600.0,,0.48,9.06456
GJ 433 c,GJ 433,1,3,Radial Velocity,2014.0,Multiple Observatories,Published Confirmed,0,3400.0,,45.0,,M1.5 V,3472.0,,0.48,9.06456
GJ 433 d,GJ 433,1,3,Radial Velocity,2020.0,Multiple Facilities,Published Confirmed,0,36.059,,5.223,,,,,0.48,9.06456
GJ 436 b,GJ 436,1,1,Radial Velocity,2004.0,W. M. Keck Observatory,Published Confirmed,0,2.64385,4.2224,23.1688,649.0,,3350.0,0.464,0.452,9.75321
GJ 463 b,GJ 463,1,1,Radial Velocity,2022.0,Multiple Observatories,Published Confirmed,0,3448.0,,1080.6165838,,M3 V,3540.0,0.49,0.49,18.3554
GJ 480 b,GJ 480,1,1,Radial Velocity,2020.0,Multiple Observatories,Published Confirmed,0,9.5536,,8.8,406.0,,3509.0,0.449,0.45,14.2358
GJ 486 b,GJ 486,1,1,Radial Velocity,2021.0,Calar Alto Observatory,Published Confirmed,0,1.467119,1.305,2.82,701.0,M3.5 V,3340.0,0.328,0.323,8.07426
GJ 504 b,GJ 504,1,1,Imaging,2013.0,Subaru Telescope,Published Confirmed,0,,,1271.3,510.0,G0 V,6234.0,,1.22,17.5299
GJ 508.2 b,GJ 508.2,1,1,Radial Velocity,2025.0,Calar Alto Observatory,Published Confirmed,0,5300.0,,587.98255295,,M1.0 V,3720.0,0.53,0.54,16.6374
GJ 514 b,GJ 514,1,1,Radial Velocity,2022.0,Multiple Observatories,Published Confirmed,0,140.43,,5.2,202.0,M0.5-1.0 V,3728.0,0.5,0.51,7.61778
GJ 536 b,GJ 536,1,2,Radial Velocity,2016.0,La Silla Observatory,Published Confirmed,0,8.70874,,6.37,451.0,,3641.0,0.529,0.528,10.4092
GJ 536 c,GJ 536,1,2,Radial Velocity,2025.0,Multiple Facilities,Published Confirmed,0,32.761,,5.89,290.5,,3641.0,0.529,0.528,10.4092
GJ 581 b,GJ 581,1,3,Radial Velocity,2005.0,La Silla Observatory,Published Confirmed,0,5.3686,,20.5,,M3.0 V,3500.0,0.302,0.295,6.2981
GJ 581 c,GJ 581,1,3,Radial Velocity,2007.0,La Silla Observatory,Published Confirmed,0,12.9211,,6.81,,M3.0 V,3500.0,0.302,0.295,6.2981
GJ 581 e,GJ 581,1,3,Radial Velocity,2009.0,La Silla Observatory,Published Confirmed,0,3.1481,,2.48,,M3.0 V,3500.0,0.302,0.295,6.2981
GJ 625 b,GJ 625,1,1,Radial Velocity,2017.0,Multiple Observatories,Published Confirmed,0,14.628,,2.82,,M2,3499.0,0.31,0.3,6.47249
GJ 649 b,GJ 649,1,1,Radial Velocity,2009.0,W. M. Keck Observatory,Published Confirmed,0,600.1,,81.99972901,,M1.0,3734.0,0.5,0.51,10.3796
GJ 667 C b,GJ 667 C,3,5,Radial Velocity,2012.0,La Silla Observatory,Published Confirmed,0,7.2004,,5.6,,M1.5 V,3350.0,,0.33,7.24396
GJ 667 C c,GJ 667 C,3,5,Radial Velocity,2013.0,La Silla Observatory,Published Confirmed,0,28.14,,3.8,,M1.5 V,3350.0,,0.33,7.24396
GJ 667 C e,GJ 667 C,3,5,Radial Velocity,2013.0,La Silla Observatory,Published Confirmed,1,62.24,,2.7,,M1.5 V,3350.0,,0.33,7.24396
GJ 667 C f,GJ 667 C,3,5,Radial Velocity,2013.0,La Silla Observatory,Published Confirmed,1,39.026,,2.7,,M1.5 V,3350.0,,0.33,7.24396
GJ 667 C g,GJ 667 C,3,5,Radial Velocity,2013.0,La Silla Observatory,Published Confirmed,1,256.2,,4.6,,M1.5 V,3350.0,,0.33,7.24396
GJ 674 b,GJ 674,1,1,Radial Velocity,2007.0,La Silla Observatory,Published Confirmed,0,4.6938,,11.09,,M2.5,3600.0,,0.35,4.54896
GJ 676 A b,GJ 676 A,2,4,Radial Velocity,2010.0,La Silla Observatory,Published Confirmed,0,1056.80005,,1576.4368,,,3734.0,0.69,0.73,16.0272
GJ 676 A c,GJ 676 A,2,4,Radial Velocity,2016.0,Paranal Observatory,Published Confirmed,0,13921.42302,,4288.14086724,,,,,0.626,16.0272
GJ 676 A d,GJ 676 A,2,4,Radial Velocity,2012.0,La Silla Observatory,Published Confirmed,0,3.6,,4.4,,M0 V,,,0.71,16.0272
GJ 676 A e,GJ 676 A,2,4,Radial Velocity,2012.0,La Silla Observatory,Published Confirmed,0,35.37,,11.5,,M0 V,,,0.71,16.0272
GJ 680 b,GJ 680,2,1,Radial Velocity,2022.0,Multiple Observatories,Published Confirmed,0,17281.66514,,7977.4930157,,,,,0.456,9.67315
GJ 682 b,GJ 682,1,2,Radial Velocity,2014.0,Multiple Observatories,Published Confirmed,0,17.478,,4.4,,M3.5 V,3028.0,,0.27,5.00671
GJ 682 c,GJ 682,1,2,Radial Velocity,2014.0,Multiple Observatories,Published Confirmed,0,57.32,,8.7,,M3.5 V,3028.0,,0.27,5.00671
GJ 685 b,GJ 685,1,1,Radial Velocity,2019.0,Roque de los Muchachos Observatory,Published Confirmed,0,24.16,,9.0,,M0.5,3816.0,0.54,0.55,14.3155
GJ 687 b,GJ 687,1,2,Radial Velocity,2014.0,Lick Observatory,Published Confirmed,0,38.14,,18.394,,M3 V,3413.0,0.4183,0.413,4.54939
GJ 687 c,GJ 687,1,2,Radial Velocity,2020.0,Multiple Observatories,Published Confirmed,0,727.562,,16.0,,,,,0.4,4.54939
GJ 720 A b,GJ 720 A,2,1,Radial Velocity,2021.0,Roque de los Muchachos Observatory,Published Confirmed,0,19.466,,13.64,401.0,M0.5 V,3837.0,0.56,0.57,15.5575
GJ 724 b,GJ 724,1,1,Radial Velocity,2023.0,Calar Alto Observatory,Published Confirmed,0,5.101284,,10.75,611.0,M1.0 V,3799.0,0.52226,0.5271,16.9658
GJ 740 b,GJ 740,1,1,Radial Velocity,2021.0,Multiple Observatories,Published Confirmed,0,2.37756,,2.96,829.0,M1.0 V,3913.0,0.56,0.58,11.1017
GJ 806 b,GJ 806,1,2,Transit,2023.0,Transiting Exoplanet Survey Satellite (TESS),Published Confirmed,0,0.9263237,1.331,1.9,940.0,M1.5 V,3600.0,0.4144,0.413,12.0445
GJ 806 c,GJ 806,1,2,Radial Velocity,2023.0,Multiple Observatories,Published Confirmed,0,6.64064,,5.8,490.0,M1.5 V,3600.0,0.4144,0.413,12.0445
GJ 832 b,GJ 832,1,1,Radial Velocity,2008.0,Anglo-Australian Telescope,Published Confirmed,0,3416.0,,203.4,,M1.5,3657.0,0.48,0.45,4.96435
GJ 849 b,GJ 849,1,2,Radial Velocity,2006.0,W. M. Keck Observatory,Published Confirmed,0,1925.31,,283.82076745,,M3.5,3467.0,0.45,0.45,8.80058
GJ 849 c,GJ 849,1,2,Radial Velocity,2014.0,W. M. Keck Observatory,Published Confirmed,0,5990.0,,314.65012293,,M3.5,3467.0,0.45,0.45,8.80058
GJ 86 b,GJ 86,2,1,Radial Velocity,1999.0,La Silla Observatory,Published Confirmed,0,15.76491,,1404.8086,,,5182.0,0.77,0.93,10.7836
GJ 876 b,GJ 876,1,4,Radial Velocity,1998.0,Multiple Observatories,Published Confirmed,0,61.082,,887.69135194,,,3271.0,0.352224,0.336778,4.67517
GJ 876 c,GJ 876,1,4,Radial Velocity,2000.0,Multiple Observatories,Published Confirmed,0,30.22902,,221.84422809,,,3293.74,0.367,0.369607,4.67517
GJ 876 d,GJ 876,1,4,Radial Velocity,2005.0,W. M. Keck Observatory,Published Confirmed,0,1.937916,,5.84804269,,,3293.74,0.367,0.369607,4.67517
GJ 876 e,GJ 876,1,4,Radial Velocity,2010.0,W. M. Keck Observatory,Published Confirmed,0,124.4,,18.00115332,,,3271.0,0.352224,0.336778,4.67517
GJ 887 b,GJ 887,1,4,Radial Velocity,2020.0,La Silla Observatory,Published Confirmed,0,9.2619,,3.9,426.0,M1 V,3688.0,0.468,0.495,3.28679
GJ 887 c,GJ 887,1,4,Radial Velocity,2020.0,La Silla Observatory,Published Confirmed,0,21.789,,7.6,352.0,M1 V,3688.0,0.4712,0.489,3.29
GJ 887 d,GJ 887,1,4,Radial Velocity,2026.0,Multiple Observatories,Published Confirmed,0,50.77,,6.1,241.0,M1 V,3688.0,0.468,0.495,3.28679
GJ 887 e,GJ 887,1,4,Radial Velocity,2026.0,Multiple Observatories,Published Confirmed,0,4.4249,,1.46,544.0,M1 V,3688.0,0.468,0.495,3.28679
GJ 896 A b,GJ 896 A,2,1,Astrometry,2022.0,Very Long Baseline Array,Published Confirmed,0,284.39,,718.29219982,,M3.5 V,,,0.43599,6.26022
GJ 900 b,GJ 900 A,3,1,Imaging,2024.0,Multiple Observatories,Published Confirmed,0,,,3496.112477,,K7,,,1.08,20.8065
GJ 9066 c,GJ 9066,1,1,Radial Velocity,2020.0,Multiple Observatories,Published Confirmed,0,771.36,,66.74396547,,M5.0 V,3154.0,0.164,0.15,4.471
GJ 9404 b,GJ 9404,1,1,Radial Velocity,2023.0,Roque de los Muchachos Observatory,Published Confirmed,0,13.4586,,11.9,,,,,0.62,23.8839
GJ 96 b,GJ 96,1,1,Radial Velocity,2018.0,Haute-Provence Observatory,Published Confirmed,0,73.94,,19.66,,M2,3785.0,,0.6,11.9315
GJ 9689 b,GJ 9689,1,1,Radial Velocity,2020.0,Roque de los Muchachos Observatory,Published Confirmed,0,18.27,,9.65,453.04,M0.5,3836.0,0.57,0.59,30.6203
GJ 9714 b,GJ 9714,1,1,Radial Velocity,2022.0,Multiple Observatories,Published Confirmed,0,19240.75467,,2988.54051102,,,,,0.67,20.5121
GJ 9773 b,GJ 9773,1,1,Radial Velocity,2025.0,Calar Alto Observatory,Published Confirmed,0,2965.0,,172.580825,,M3.0 V,3528.0,0.362,0.358,15.9211
GJ 9827 b,GJ 9827,1,3,Transit,2017.0,K2,Published Confirmed,0,1.208966,1.58,3.69,1114.0,K6 V,4219.0,0.622,0.637,29.661
GJ 9827 c,GJ 9827,1,3,Transit,2017.0,K2,Published Confirmed,0,3.64823,1.24,1.45,771.0,K6 V,4219.0,0.622,0.637,29.661
GJ 9827 d,GJ 9827,1,3,Transit,2017.0,K2,Published Confirmed,0,6.20183,1.98,3.02,675.0,K7 V,4236.0,0.58,0.62,29.661
GPX-1 b,GPX-1,1,1,Transit,2021.0,Acton Sky Portal Observatory,Published Confirmed,0,1.744579,16.47720163,6261.2196179,2300.0,F2,7000.0,1.56,1.68,655.013
GQ Lup b,GQ Lup,1,1,Imaging,2004.0,Paranal Observatory,Published Confirmed,0,,33.6,6356.0,2650.0,K7e V,,,0.7,151.169
GSC 06214-00210 b,GSC 06214-00210,1,1,Imaging,2010.0,Palomar Observatory,Published Confirmed,0,,20.1762,4767.45,2200.0,,4432.0,0.90484,0.694,108.5
GU Psc b,GU Psc,1,1,Imaging,2014.0,Gemini Observatory,Published Confirmed,0,,14.179,3591.3,1050.0,M3,,,0.325,47.5501
Gaia-1 b,Gaia-1,1,1,Transit,2022.0,European Space Agency (ESA) Gaia Satellite,Published Confirmed,0,3.052524,13.77583728,533.95172376,,,5470.0,0.952,0.949,363.66
Gaia-2 b,Gaia-2,1,1,Transit,2022.0,European Space Agency (ESA) Gaia Satellite,Published Confirmed,0,3.6915224,14.81827249,259.66580852,,,5720.0,1.064,1.0,209.229
Gaia-4 b,Gaia-4,1,1,Astrometry,2025.0,European Space Agency (ESA) Gaia Satellite,Published Confirmed,0,571.3,,3750.3752026,,,4034.0,0.624,0.644,73.4829
Gaia-5 b,Gaia-5,1,1,Astrometry,2025.0,European Space Agency (ESA) Gaia Satellite,Published Confirmed,0,358.62,,6633.07885409,,,3447.0,0.345,0.339,41.1813
Gaia22dkvL b,Gaia22dkvL,1,1,Microlensing,2024.0,European Space Agency (ESA) Gaia Satellite,Published Confirmed,0,,,1797.9552984,,,,,1.273,1660.0
Gl 378 b,Gl 378,1,1,Radial Velocity,2019.0,Haute-Provence Observatory,Published Confirmed,0,3.822,,13.02,830.0,M1,3879.0,0.56,0.56,14.9545
Gl 410 b,Gl 410,1,1,Radial Velocity,2025.0,Mauna Kea Observatory,Published Confirmed,0,6.02,,8.4,,,3842.0,0.543,0.55,11.9324
Gl 49 b,Gl 49,2,1,Radial Velocity,2019.0,Multiple Observatories,Published Confirmed,0,13.8508,,5.63,,M1.5 V,3805.0,0.511,0.515,9.8528
Gl 686 b,Gl 686,1,1,Radial Velocity,2018.0,Roque de los Muchachos Observatory,Published Confirmed,0,15.53209,,7.1,379.0,M1,3663.0,0.42,0.42,8.15728
Gl 725 A b,Gl 725 A,2,1,Radial Velocity,2025.0,Multiple Observatories,Published Confirmed,0,11.2201,,2.78,,M3,3433.0,0.351,0.33,3.5214
Gliese 12 b,Gliese 12,1,1,Transit,2024.0,Transiting Exoplanet Survey Satellite (TESS),Published Confirmed,0,12.761408,0.958,3.87,314.6,M3.0 V,3296.0,0.2617,0.2414,12.21
HAT-P-1 b,HAT-P-1,2,1,Transit,2006.0,HATNet,Published Confirmed,0,4.4652934,13.641353,166.54292,1291.0,,5975.0,1.112,1.134,158.979
HAT-P-11 b,HAT-P-11,1,2,Transit,2008.0,HATNet,Published Confirmed,0,4.8878162,4.73,25.743,878.0,K4,4780.0,0.75,0.81,37.7647
HAT-P-11 c,HAT-P-11,1,2,Radial Velocity,2018.0,W. M. Keck Observatory,Published Confirmed,0,3407.0,,507.0,,,4780.0,0.683,0.809,37.7647
HAT-P-12 b,HAT-P-12,1,1,Transit,2009.0,HATNet,Published Confirmed,0,3.2130598,10.749,67.059,963.0,K4,4650.0,0.701,0.733,142.751
HAT-P-13 b,HAT-P-13,1,2,Transit,2009.0,HATNet,Published Confirmed,0,2.91626,14.359,271.098,1653.0,G4,5653.0,1.56,1.22,246.81
HAT-P-13 c,HAT-P-13,1,2,Radial Velocity,2009.0,W. M. Keck Observatory,Published Confirmed,0,428.5,,4830.8,340.0,G4,5653.0,1.56,1.22,246.81
HAT-P-14 b,HAT-P-14,2,1,Transit,2010.0,HATNet,Published Confirmed,0,4.627649,13.4508,724.6524,1612.0,F5 V,6583.0,1.53,1.32,222.663
HAT-P-15 b,HAT-P-15,1,1,Transit,2010.0,HATNet,Published Confirmed,0,10.863502,12.016,618.471,904.0,G5,5568.0,1.08,1.013,192.516
HAT-P-16 b,HAT-P-16,3,1,Transit,2010.0,HATNet,Published Confirmed,0,2.77596,14.448,1332.605,1626.0,F8,6158.0,1.237,1.218,226.637
HAT-P-17 b,HAT-P-17,1,2,Transit,2010.0,HATNet,Published Confirmed,0,10.338523,11.321,169.71,792.0,K,5246.0,0.838,0.857,92.3831
HAT-P-17 c,HAT-P-17,1,2,Radial Velocity,2010.0,W. M. Keck Observatory,Published Confirmed,0,1610.0,,416.34,,K,5246.0,0.838,0.857,92.3831
HAT-P-18 b,HAT-P-18,1,1,Transit,2010.0,HATNet,Published Confirmed,0,5.508023,11.153,62.61,852.0,K2,4803.0,0.749,0.77,161.4
HAT-P-19 b,HAT-P-19,1,1,Transit,2010.0,HATNet,Published Confirmed,0,4.008778,12.689,92.802,1010.0,K1,4990.0,0.82,0.842,202.078
HAT-P-2 b,HAT-P-2,1,2,Transit,2007.0,HATNet,Published Confirmed,0,5.6334729,12.969,2888.95,1540.0,,6290.0,1.64,1.36,127.774
HAT-P-2 c,HAT-P-2,1,2,Radial Velocity,2023.0,Multiple Observatories,Published Confirmed,0,8500.0,,3400.7639549,,,,,1.33,127.774
HAT-P-20 b,HAT-P-20,1,1,Transit,2010.0,HATNet,Published Confirmed,0,2.875317,9.718,2302.899,970.0,K3,4595.0,0.694,0.756,71.0374
HAT-P-21 b,HAT-P-21,1,1,Transit,2010.0,HATNet,Published Confirmed,0,4.124481,11.478,1291.289,1283.0,G3,5588.0,1.105,0.947,277.278
HAT-P-22 b,HAT-P-22,2,1,Transit,2010.0,HATNet,Published Confirmed,0,3.21222,12.106,682.352,1283.0,G5,5302.0,1.04,0.916,81.7647
HAT-P-23 b,HAT-P-23,1,1,Transit,2010.0,HATNet,Published Confirmed,0,1.212884,15.334,664.237,2056.0,G0,5905.0,1.203,1.13,364.813
HAT-P-24 b,HAT-P-24,2,1,Transit,2010.0,HATNet,Published Confirmed,0,3.35524,13.922,217.704,1637.0,F8,6373.0,1.317,1.191,415.344
HAT-P-25 b,HAT-P-25,1,1,Transit,2010.0,HATNet,Published Confirmed,0,3.652836,13.339,180.202,1202.0,G5,5500.0,0.959,1.01,300.384
HAT-P-26 b,HAT-P-26,1,1,Transit,2010.0,HATNet,Published Confirmed,0,4.234516,6.333,18.751,1001.0,K1,5079.0,0.788,0.816,141.837
HAT-P-27 b,HAT-P-27,2,1,Transit,2011.0,HATNet,Published Confirmed,0,3.039586,11.6349,209.759,,G8,5300.0,0.898,0.945,199.173
HAT-P-28 b,HAT-P-28,1,1,Transit,2011.0,HATNet,Published Confirmed,0,3.257215,13.585,198.953,1384.0,G3,5680.0,1.103,1.025,401.319
HAT-P-29 b,HAT-P-29,2,1,Transit,2011.0,HATNet,Published Confirmed,0,5.723186,12.408,247.261,1260.0,F8,6087.0,1.224,1.207,313.576
HAT-P-3 b,HAT-P-3,2,1,Transit,2007.0,HATNet,Published Confirmed,0,2.89973838,10.211399,189.10885,1170.0,,5190.0,0.85,0.925,134.554
HAT-P-30 b,HAT-P-30,2,1,Transit,2011.0,HATNet,Published Confirmed,0,2.810595,15.02,225.968,1630.0,,6304.0,1.215,1.242,213.985
HAT-P-31 b,HAT-P-31,1,1,Transit,2011.0,HATNet,Published Confirmed,0,5.005425,11.99,689.98,1450.0,,6065.0,1.36,1.218,344.05
HAT-P-32 b,HAT-P-32,2,1,Transit,2011.0,HATNet,Published Confirmed,0,2.1500082,22.19382,216.1244,1835.7,,6001.0,1.367,1.132,289.205
HAT-P-33 b,HAT-P-33,2,1,Transit,2011.0,HATNet,Published Confirmed,0,3.474474,18.898,242.176,1782.0,,6446.0,1.637,1.375,396.11
HAT-P-34 b,HAT-P-34,1,1,Transit,2011.0,HATNet,Published Confirmed,0,5.452654,13.417,1057.694,1520.0,,6442.0,1.535,1.392,249.325
HAT-P-35 b,HAT-P-35,3,1,Transit,2011.0,HATNet,Published Confirmed,0,3.646706,14.93,334.979,1581.0,,6096.0,1.435,1.236,506.965
HAT-P-36 b,HAT-P-36,1,1,Transit,2011.0,HATNet,Published Confirmed,0,1.32734683,14.616536,588.62116,1788.0,G5 V,5620.0,1.041,1.03,294.419
HAT-P-37 b,HAT-P-37,1,1,Transit,2011.0,HATNet,Published Confirmed,0,2.797436,13.204,371.528,1271.0,,5500.0,0.877,0.929,390.594
HAT-P-38 b,HAT-P-38,1,1,Transit,2012.0,HATNet,Published Confirmed,0,4.640382,9.247,84.857,1082.0,,5330.0,0.923,0.886,255.206
HAT-P-39 b,HAT-P-39,2,1,Transit,2012.0,HATNet,Published Confirmed,0,3.54387,17.609,190.372,1752.0,,6430.0,1.625,1.404,697.004
HAT-P-4 b,HAT-P-4,2,1,Transit,2007.0,HATNet,Published Confirmed,0,3.056536,14.28,213.255,1686.0,,5860.0,1.596,1.248,320.451
HAT-P-40 b,HAT-P-40,1,1,Transit,2012.0,HATNet,Published Confirmed,0,4.457243,19.392,195.457,1770.0,,6080.0,2.206,1.512,464.469
HAT-P-41 b,HAT-P-41,2,1,Transit,2012.0,HATNet,Published Confirmed,0,2.694047,18.887,254.253,1941.0,,6390.0,1.683,1.418,348.185
HAT-P-42 b,HAT-P-42,1,1,Transit,2012.0,HATNet,Published Confirmed,0,4.641878,14.348,331.801,1428.0,,5743.0,1.53,1.178,405.238
HAT-P-43 b,HAT-P-43,1,1,Transit,2012.0,HATNet,Published Confirmed,0,3.332687,14.359,210.395,1361.0,,5645.0,1.103,1.048,528.825
HAT-P-44 b,HAT-P-44,1,2,Transit,2014.0,HATNet,Published Confirmed,0,4.301219,13.922,111.871,1108.0,,5295.0,0.949,0.942,347.85
HAT-P-44 c,HAT-P-44,1,2,Radial Velocity,2014.0,W. M. Keck Observatory,Published Confirmed,0,872.2,,1271.3,,,5295.0,0.949,0.942,347.85
HAT-P-45 b,HAT-P-45,1,1,Transit,2014.0,HATNet,Published Confirmed,0,3.128992,15.984,283.492,1652.0,,6330.0,1.319,1.259,298.64
HAT-P-46 b,HAT-P-46,1,1,Transit,2014.0,HATNet,Published Confirmed,0,4.463129,14.392,156.684,1458.0,,6120.0,1.396,1.284,290.736
HAT-P-49 b,HAT-P-49,1,1,Transit,2014.0,HATNet,Published Confirmed,0,2.691548,15.838,549.823,2131.0,F,6820.0,1.833,1.543,350.351
HAT-P-5 b,HAT-P-5,1,1,Transit,2007.0,HATNet,Published Confirmed,0,2.788491,14.12,336.89,,G,5960.0,1.167,1.16,303.336
HAT-P-50 b,HAT-P-50,1,1,Transit,2015.0,HATNet,Published Confirmed,0,3.1220109,14.437192,429.0705,1862.0,,6280.0,1.698,1.273,515.458
HAT-P-51 b,HAT-P-51,1,1,Transit,2015.0,HATNet,Published Confirmed,0,4.2180278,14.493237,98.20947,1192.0,,5449.0,1.041,0.976,440.089
HAT-P-52 b,HAT-P-52,1,1,Transit,2015.0,HATNet,Published Confirmed,0,2.7535953,11.309881,259.98494,1218.0,,5131.0,0.893,0.887,361.155
HAT-P-53 b,HAT-P-53,1,1,Transit,2015.0,HATNet,Published Confirmed,0,1.9616241,14.773462,471.65972,1778.0,,5956.0,1.209,1.093,666.802
HAT-P-54 b,HAT-P-54,1,1,Transit,2015.0,HATNet,Published Confirmed,0,3.799847,10.581296,241.5508,818.0,,4390.0,0.617,0.645,143.651
HAT-P-55 b,HAT-P-55,1,1,Transit,2015.0,HATNet,Published Confirmed,0,3.5852467,13.249038,184.97706,1313.0,,5808.0,1.011,1.013,511.388
HAT-P-56 b,HAT-P-56,1,1,Transit,2015.0,HATNet,Published Confirmed,0,2.7908327,16.432394,692.8694,1840.0,,6566.0,1.428,1.296,320.639
HAT-P-57 b,HAT-P-57,3,1,Transit,2015.0,HATNet,Published Confirmed,0,2.465295,15.838317,587.9855,2200.0,A8 V,7500.0,1.5,1.47,279.86
HAT-P-58 b,HAT-P-58,1,1,Transit,2021.0,HATNet,Published Confirmed,0,4.0138379,14.93036229,118.2321674,1622.0,,6078.0,1.53,1.031,515.59
HAT-P-59 b,HAT-P-59,1,1,Transit,2021.0,HATNet,Published Confirmed,0,4.1419771,12.58768533,489.45574678,1277.8,,5678.0,1.1038,1.008,265.471
HAT-P-6 b,HAT-P-6,1,1,Transit,2007.0,HATNet,Published Confirmed,0,3.853003,15.636555,337.85329,1704.0,,6570.0,1.518,1.295,275.358
HAT-P-60 b,HAT-P-60,1,1,Transit,2021.0,HATNet,Published Confirmed,0,4.7947813,18.28184752,182.43350562,1772.0,,6212.0,2.197,1.435,233.22
HAT-P-61 b,HAT-P-61,1,1,Transit,2021.0,HATNet,Published Confirmed,0,1.90231289,10.07687365,335.9446262,1505.0,,5587.0,0.938,1.004,338.84
HAT-P-62 b,HAT-P-62,1,1,Transit,2021.0,HATNet,Published Confirmed,0,2.6453235,12.02723629,241.86741773,1512.0,,5629.0,1.17,1.023,348.815
HAT-P-63 b,HAT-P-63,1,1,Transit,2021.0,HATNet,Published Confirmed,0,3.377728,12.5428494,195.1466419,1237.0,,5400.0,0.9661,0.925,403.458
HAT-P-64 b,HAT-P-64,1,1,Transit,2021.0,HATNet,Published Confirmed,0,4.007232,19.08889413,184.34047606,1766.0,,6457.0,1.735,1.298,651.897
HAT-P-65 b,HAT-P-65,1,1,Transit,2016.0,HATNet,Published Confirmed,0,2.6054552,21.18501,167.49641,1930.0,G2,5835.0,1.86,1.212,738.519
HAT-P-66 b,HAT-P-66,1,1,Transit,2016.0,HATNet,Published Confirmed,0,2.972086,17.82231,248.86089,1896.0,G0,6002.0,1.881,1.255,935.456
HAT-P-67 b,HAT-P-67,2,1,Transit,2017.0,HATNet,Published Confirmed,0,4.8101025,23.370765,108.0622,1903.0,,6406.0,2.546,1.642,371.686
HAT-P-68 b,HAT-P-68,1,1,Transit,2020.0,HATNet,Published Confirmed,0,2.29840551,12.016048,230.10892,1027.8,K,4508.0,0.6701,0.6785,202.152
HAT-P-69 b,HAT-P-69,1,1,Transit,2019.0,HATNet,Published Confirmed,0,4.7869491,18.786284,1137.8314,1930.0,,7394.0,1.926,1.648,341.263
HAT-P-7 b,HAT-P-7,3,1,Transit,2008.0,HATNet,Published Confirmed,0,2.204737,15.043,564.442,2733.0,,6532.23,1.99356,1.347,341.079
HAT-P-70 b,HAT-P-70,1,1,Transit,2019.0,HATNet,Published Confirmed,0,2.74432452,20.96083,2154.8874,2562.0,,8450.0,1.858,1.89,330.739
HAT-P-8 b,HAT-P-8,3,1,Transit,2008.0,HATNet,Published Confirmed,0,3.0763776,16.81,483.08,1700.0,,6200.0,1.58,1.28,211.553
HAT-P-9 b,HAT-P-9,1,1,Transit,2008.0,HATNet,Published Confirmed,0,3.92281072,15.614137,238.05467,1540.0,,6350.0,1.338,1.281,455.203
HATS-1 b,HATS-1,1,1,Transit,2012.0,HATSouth,Published Confirmed,0,3.446459,14.594,589.55,1359.0,,5870.0,1.038,0.986,283.971
HATS-10 b,HATS-10,1,1,Transit,2015.0,HATSouth,Published Confirmed,0,3.312846,10.861521,167.17858,1407.0,,5880.0,1.105,1.101,534.889
HATS-11 b,HATS-11,1,1,Transit,2016.0,HATSouth,Published Confirmed,0,3.6191613,16.92559,270.1555,1637.0,G0,6060.0,1.444,1.0,944.603
HATS-12 b,HATS-12,1,1,Transit,2016.0,HATSouth,Published Confirmed,0,3.142833,15.13215,756.4354,2097.0,F,6408.0,2.21,1.489,746.138
HATS-13 b,HATS-13,1,1,Transit,2015.0,HATSouth,Published Confirmed,0,3.0440499,13.585308,172.58169,1244.0,,5523.0,0.887,0.962,421.855
HATS-14 b,HATS-14,1,1,Transit,2015.0,HATSouth,Published Confirmed,0,2.7667641,11.646151,340.39593,1276.0,,5346.0,0.933,0.967,513.011
HATS-15 b,HATS-15,1,1,Transit,2016.0,HATSouth,Published Confirmed,0,1.74748753,12.385945,689.6911,1505.0,G9 V,5311.0,0.922,0.871,1139.55
HATS-16 b,HATS-16,1,1,Transit,2016.0,HATSouth,Published Confirmed,0,2.686502,14.5717,1039.3041,1592.0,G3 V,5738.0,1.238,0.97,757.044
HATS-17 b,HATS-17,1,1,Transit,2016.0,HATSouth,Published Confirmed,0,16.254611,8.709393,425.25654,814.0,G V,5846.0,1.091,1.131,400.331
HATS-18 b,HATS-18,1,1,Transit,2016.0,Multiple Observatories,Published Confirmed,0,0.8378434,14.986433,629.3034,2060.0,G V,5600.0,1.02,1.037,624.368
HATS-2 b,HATS-2,1,1,Transit,2013.0,HATSouth,Published Confirmed,0,1.354133,13.092,427.463,1577.0,K,5227.0,0.898,0.882,341.925
HATS-22 b,HATS-22,1,1,Transit,2017.0,HATSouth,Published Confirmed,0,4.7228124,10.682177,870.8542,858.0,K V,4803.0,0.689,0.759,229.518
HATS-23 b,HATS-23,1,1,Transit,2017.0,HATSouth,Published Confirmed,0,2.1605156,20.84874,467.2101,1654.0,G V,5780.0,1.199,1.121,639.004
HATS-24 b,HATS-24,1,1,Transit,2017.0,HATSouth,Published Confirmed,0,1.3484954,16.667783,775.5052,2067.0,F V,6346.0,1.172,1.212,494.182
HATS-25 b,HATS-25,1,1,Transit,2016.0,HATSouth,Published Confirmed,0,4.2986432,14.12334,194.82979,1277.0,G,5715.0,1.107,0.994,471.158
HATS-26 b,HATS-26,1,1,Transit,2016.0,HATSouth,Published Confirmed,0,3.3023881,19.61575,206.5895,1918.0,F,6071.0,2.04,1.299,861.843
HATS-27 b,HATS-27,1,1,Transit,2016.0,HATSouth,Published Confirmed,0,4.637038,16.8135,168.4499,1659.0,F,6438.0,1.74,1.415,816.988
HATS-28 b,HATS-28,1,1,Transit,2016.0,HATSouth,Published Confirmed,0,3.1810781,13.383546,213.58176,1253.0,G,5498.0,0.922,0.929,535.383
HATS-29 b,HATS-29,1,1,Transit,2016.0,HATSouth,Published Confirmed,0,4.6058749,14.022459,207.54299,1212.0,G,5670.0,1.073,1.032,353.891
HATS-3 b,HATS-3,1,1,Transit,2013.0,HATSouth,Published Confirmed,0,3.547851,15.48,340.382,1648.0,F,6351.0,1.404,1.209,411.211
HATS-30 b,HATS-30,2,1,Transit,2016.0,HATSouth,Published Confirmed,0,3.1743516,13.170575,224.38798,1414.0,G,5943.0,1.061,1.093,342.14
HATS-31 b,HATS-31,1,1,Transit,2016.0,HATSouth,Published Confirmed,0,3.37796,18.38276,279.6904,1823.0,,6050.0,1.87,1.275,773.974
HATS-32 b,HATS-32,1,1,Transit,2016.0,HATSouth,Published Confirmed,0,2.8126548,14.000041,292.4036,1437.0,,5700.0,1.097,1.099,745.116
HATS-33 b,HATS-33,1,1,Transit,2016.0,HATSouth,Published Confirmed,0,2.5495551,13.78707,378.85336,1429.0,,5659.0,1.022,1.062,248.46
HATS-34 b,HATS-34,1,1,Transit,2016.0,HATSouth,Published Confirmed,0,2.1061607,16.02887,299.07803,1445.0,,5380.0,0.98,0.955,508.842
HATS-35 b,HATS-35,1,1,Transit,2016.0,HATSouth,Published Confirmed,0,1.8209993,16.409976,388.38826,2037.0,,6300.0,1.433,1.317,514.555
HATS-36 b,HATS-36,1,1,Transit,2018.0,HATSouth,Published Confirmed,0,4.1752387,13.843115,1022.14128,1356.0,G0 V,6149.0,1.155,1.222,856.436
HATS-37 A b,HATS-37 A,2,1,Transit,2020.0,HATSouth,Published Confirmed,0,4.3315366,6.792654,31.46517,1085.0,,5326.0,0.877,0.843,211.896
HATS-38 b,HATS-38,1,1,Transit,2020.0,HATSouth,Published Confirmed,0,4.375021,6.882326,23.51942,1294.0,,5732.0,1.105,0.89,343.525
HATS-39 b,HATS-39,1,1,Transit,2018.0,HATSouth,Published Confirmed,0,4.5776348,17.59813,200.2329,1645.0,,6572.0,1.621,1.379,878.521
HATS-4 b,HATS-4,1,1,Transit,2014.0,HATSouth,Published Confirmed,0,2.516729,11.433,420.471,1315.0,G,5403.0,0.925,1.001,416.459
HATS-40 b,HATS-40,1,1,Transit,2018.0,HATSouth,Published Confirmed,0,3.2642736,17.71022,505.3497,2101.0,,6460.0,2.26,1.561,1342.29
HATS-41 b,HATS-41,1,1,Transit,2018.0,HATSouth,Published Confirmed,0,4.193649,14.90797,3082.951,1710.0,,6424.0,1.71,1.496,737.668
HATS-42 b,HATS-42,1,1,Transit,2018.0,HATSouth,Published Confirmed,0,2.292102,15.6926,597.5204,1856.0,,6060.0,1.48,1.273,800.377
HATS-43 b,HATS-43,1,1,Transit,2018.0,HATSouth,Published Confirmed,0,4.3888497,13.22662,82.95363,1003.0,,5099.0,0.812,0.837,362.273
HATS-44 b,HATS-44,1,1,Transit,2018.0,HATSouth,Published Confirmed,0,2.7439004,11.960003,177.9848,1161.0,,5080.0,0.847,0.86,446.035
HATS-45 b,HATS-45,1,1,Transit,2018.0,HATSouth,Published Confirmed,0,4.1876244,14.414774,222.481,1518.0,,6450.0,1.315,1.272,772.11
HATS-46 b,HATS-46,1,1,Transit,2018.0,HATSouth,Published Confirmed,0,4.7423729,10.121727,54.98459,1054.0,,5495.0,0.853,0.917,453.808
HATS-47 b,HATS-47,1,1,Transit,2020.0,HATSouth,Published Confirmed,0,3.9228038,12.520453,117.27927,852.9,,4512.0,0.6564,0.674,300.67
HATS-48 A b,HATS-48 A,2,1,Transit,2020.0,HATSouth,Published Confirmed,0,3.1316666,8.9672,77.23269,954.6,,4546.0,0.7152,0.7279,263.609
HATS-49 b,HATS-49,1,1,Transit,2020.0,HATSouth,Published Confirmed,0,4.1480467,8.574885,112.19399,834.8,,4405.0,0.6977,0.7133,324.413
HATS-5 b,HATS-5,1,1,Transit,2014.0,HATSouth,Published Confirmed,0,4.763387,10.223,75.323,1025.0,G,5304.0,0.871,0.936,246.384
HATS-50 b,HATS-50,1,1,Transit,2017.0,HATSouth,Published Confirmed,0,3.8297015,12.66617,123.9537,,,5990.0,1.117,1.168,756.742
HATS-51 b,HATS-51,1,1,Transit,2017.0,HATSouth,Published Confirmed,0,3.3488702,15.80469,244.09344,1553.0,,5758.0,1.44,1.187,389.57
HATS-52 b,HATS-52,1,1,Transit,2017.0,HATSouth,Published Confirmed,0,1.36665436,15.490838,711.9392,1834.0,,6010.0,1.046,1.111,555.134
HATS-53 b,HATS-53,1,1,Transit,2017.0,HATSouth,Published Confirmed,0,3.8537768,15.02006,189.10885,1312.0,,5644.0,1.101,0.964,585.77
HATS-54 b,HATS-54,1,1,Transit,2019.0,HATSouth,Published Confirmed,0,2.5441765,11.37711541,239.32479047,1429.0,G6 V,5621.0,1.23,1.05,748.585
HATS-55 b,HATS-55,1,1,Transit,2019.0,HATSouth,Published Confirmed,0,4.2042001,14.022459,292.72143,1367.0,,6214.0,1.126,1.1955,609.838
HATS-56 b,HATS-56,1,1,Transit,2019.0,HATSouth,Published Confirmed,0,4.324799,18.920792,191.33366,1902.0,,6536.0,2.201,1.573,564.409
HATS-57 b,HATS-57,1,1,Transit,2019.0,HATSouth,Published Confirmed,0,2.350621,12.767051,1000.21101,1413.4,,5587.0,0.96,1.026,279.485
HATS-58 A b,HATS-58 A,2,1,Transit,2019.0,HATSouth,Published Confirmed,0,4.2180896,12.273855,327.3649,1721.0,,7175.0,1.433,1.461,403.591
HATS-59 b,HATS-59,1,2,Transit,2018.0,HATSouth,Published Confirmed,0,5.416081,12.621334,256.17098,1128.0,,5670.0,1.036,1.038,642.884
HATS-59 c,HATS-59,1,2,Radial Velocity,2018.0,HATSouth,Published Confirmed,0,1422.0,,4036.441,175.9,,5670.0,1.036,1.038,642.884
HATS-6 b,HATS-6,1,1,Transit,2015.0,HATSouth,Published Confirmed,0,3.3252725,11.186582,101.38777,712.8,M1 V,3724.0,0.57,0.574,169.318
HATS-60 b,HATS-60,1,1,Transit,2018.0,HATSouth,Published Confirmed,0,3.560829,12.923977,210.40346,1528.0,,5688.0,1.46,1.097,486.474
HATS-61 b,HATS-61,1,1,Transit,2018.0,HATSouth,Published Confirmed,0,7.817953,13.394755,1080.622,1226.1,,5542.0,1.664,1.076,679.761
HATS-62 b,HATS-62,1,1,Transit,2018.0,HATSouth,Published Confirmed,0,3.2768837,11.825495,56.89157,1237.0,,5416.0,0.933,0.896,523.067
HATS-63 b,HATS-63,1,1,Transit,2018.0,HATSouth,Published Confirmed,0,3.0566527,13.529263,305.1168,1398.3,,5627.0,1.07,0.931,623.232
HATS-64 b,HATS-64,1,1,Transit,2018.0,HATSouth,Published Confirmed,0,4.908897,18.819911,305.1168,1793.0,,6554.0,2.113,1.564,1080.15
HATS-65 b,HATS-65,2,1,Transit,2018.0,HATSouth,Published Confirmed,0,3.105161,16.824709,260.93843,1634.0,,6277.0,1.31,1.257,493.32
HATS-66 b,HATS-66,1,1,Transit,2018.0,HATSouth,Published Confirmed,0,3.1414391,15.815899,1694.0339,1998.0,,6626.0,1.841,1.411,1477.98
HATS-67 b,HATS-67,1,1,Transit,2018.0,HATSouth,Published Confirmed,0,1.6091788,18.887165,460.8535,2193.0,,6594.0,1.441,1.435,960.109
HATS-68 b,HATS-68,1,1,Transit,2018.0,HATSouth,Published Confirmed,0,3.5862202,13.809488,410.0007,1741.0,,6147.0,1.748,1.351,603.955
HATS-69 b,HATS-69,1,1,Transit,2018.0,HATSouth,Published Confirmed,0,2.2252577,10.592505,183.38791,1295.7,,5137.0,0.8785,0.892,414.537
HATS-7 b,HATS-7,1,1,Transit,2015.0,HATSouth,Published Confirmed,0,3.185315,6.310667,38.1396,1084.0,K2,4985.0,0.815,0.849,240.707
HATS-70 b,HATS-70,1,1,Transit,2019.0,HATSouth,Published Confirmed,0,1.8882378,15.513256,4100.007,2730.0,,7930.0,1.881,1.78,1458.83
HATS-71 b,HATS-71,1,1,Transit,2020.0,HATSouth,Published Confirmed,0,3.7955202,11.478016,117.5971,586.8,M3 V,3405.0,0.4783,0.4861,140.225
HATS-72 b,HATS-72,1,1,Transit,2020.0,HATSouth,Published Confirmed,0,7.3279474,8.0973816,39.855882,739.3,,4656.1,0.7214,0.7311,127.589
HATS-74 A b,HATS-74 A,2,1,Transit,2021.0,HATSouth,Published Confirmed,0,1.73185606,11.56766808,464.02947422,895.1,,3776.9,0.5758,0.601,299.389
HATS-75 b,HATS-75,1,1,Transit,2021.0,HATSouth,Published Confirmed,0,2.7886556,9.90873894,156.05374784,772.3,,3790.4,0.5848,0.6017,194.964
HATS-76 b,HATS-76,1,1,Transit,2021.0,HATSouth,Published Confirmed,0,1.9416423,12.09449018,835.570882,939.8,,4016.0,0.6259,0.662,385.689
HATS-77 b,HATS-77,1,1,Transit,2021.0,HATSouth,Published Confirmed,0,3.0876262,13.05846252,436.69623122,828.3,,4071.0,0.6428,0.655,436.176
HATS-8 b,HATS-8,1,1,Transit,2015.0,HATSouth,Published Confirmed,0,3.583893,9.785457,43.86054,1324.0,,5679.0,1.086,1.056,794.637
HATS-9 b,HATS-9,1,1,Transit,2015.0,HATSouth,Published Confirmed,0,1.9153073,11.937585,266.02371,1823.0,,5366.0,1.503,1.03,638.7
HD 100508 b,HD 100508,1,1,Radial Velocity,2026.0,Las Campanas Observatory,Published Confirmed,0,5681.0,,381.3940884,,K1 IV,5419.0,,0.94,32.7548
HD 100546 b,HD 100546,1,1,Imaging,2014.0,Paranal Observatory,Published Confirmed,1,,77.3421,2701.5414595,,B9 Vne,10500.0,,2.4,109.677
HD 100655 b,HD 100655,2,1,Radial Velocity,2011.0,Bohyunsan Optical Astronomical Observatory,Published Confirmed,0,157.57,,540.3,,G9 III,4861.0,9.3,2.4,137.178
HD 100777 b,HD 100777,1,1,Radial Velocity,2007.0,La Silla Observatory,Published Confirmed,0,383.70001,,327.3649,,,5533.0,1.04,0.83,49.5336
HD 101581 b,HIP 56998,1,2,Transit,2025.0,Transiting Exoplanet Survey Satellite (TESS),Published Confirmed,0,4.46569,0.956,,834.0,,4675.0,0.63,0.653,12.7781
HD 101581 c,HIP 56998,1,2,Transit,2025.0,Transiting Exoplanet Survey Satellite (TESS),Published Confirmed,0,6.20401,0.99,,747.0,,4675.0,0.63,0.653,12.7781
HD 10180 c,HD 10180,1,6,Radial Velocity,2010.0,La Silla Observatory,Published Confirmed,0,5.75979,,13.1,,G1 V,5911.0,,1.06,38.9607
HD 10180 d,HD 10180,1,6,Radial Velocity,2010.0,La Silla Observatory,Published Confirmed,0,16.357,,12.013974,,,5911.0,1.109,1.06,38.9607
HD 10180 e,HD 10180,1,6,Radial Velocity,2010.0,La Silla Observatory,Published Confirmed,0,49.748,,25.585315,,,5911.0,1.109,1.06,38.9607
HD 10180 f,HD 10180,1,6,Radial Velocity,2010.0,La Silla Observatory,Published Confirmed,0,122.76,,23.9,,G1 V,5911.0,,1.06,38.9607
HD 10180 g,HD 10180,1,6,Radial Velocity,2010.0,La Silla Observatory,Published Confirmed,0,601.2,,21.4,,G1 V,5911.0,,1.06,38.9607
HD 10180 h,HD 10180,1,6,Radial Velocity,2010.0,La Silla Observatory,Published Confirmed,0,2222.0,,64.4,,G1 V,5911.0,,1.06,38.9607
HD 101930 b,HD 101930,2,1,Radial Velocity,2005.0,La Silla Observatory,Published Confirmed,0,70.46,,79.4575,,,5108.0,0.86,0.57,30.0274
HD 102117 b,HD 102117,1,1,Radial Velocity,2005.0,La Silla Observatory,Published Confirmed,0,20.8079,,54.664,,,5667.88,1.24307,1.01,39.5792
HD 102195 b,HD 102195,1,1,Radial Velocity,2006.0,Kitt Peak National Observatory,Published Confirmed,0,4.11434,,155.10104,,G8 V,5330.0,0.835,0.926,29.3386
HD 102272 b,HD 102272,1,1,Radial Velocity,2008.0,McDonald Observatory,Published Confirmed,0,127.58,,1875.1,,K0,4908.0,10.1,1.9,347.097
HD 102329 b,HD 102329,1,2,Radial Velocity,2011.0,W. M. Keck Observatory,Published Confirmed,0,778.09998,,2593.4928,,,4745.0,9.82,3.21,217.107
HD 102329 c,HD 102329,1,2,Radial Velocity,2018.0,W. M. Keck Observatory,Published Confirmed,0,1123.0,,483.1016,,,,,1.3,217.107
HD 102843 b,HD 102843,1,1,Radial Velocity,2019.0,Las Campanas Observatory,Published Confirmed,0,3090.942,,113.9,,K0 V,5436.0,,0.95,62.758
HD 102888 b,HD 102888,1,1,Radial Velocity,2025.0,La Silla Observatory,Published Confirmed,0,252.06,,1808.44363583,,G8 III,4990.0,8.6,2.42,126.484
HD 102956 b,HD 102956,2,1,Radial Velocity,2010.0,W. M. Keck Observatory,Published Confirmed,0,6.4948,,292.4036,,,4994.0,4.41,1.59,121.89
HD 103197 b,HD 103197,1,1,Radial Velocity,2009.0,La Silla Observatory,Published Confirmed,0,47.84,,28.6047,,,5250.0,0.88,0.8,57.1463
HD 103720 b,HD 103720,1,1,Radial Velocity,2014.0,La Silla Observatory,Published Confirmed,0,4.5557,,197.046,,K3 V,5017.0,0.73,0.794,45.5352
HD 103774 b,HD 103774,2,1,Radial Velocity,2013.0,La Silla Observatory,Published Confirmed,0,5.8881,,116.0,,F5 V,6489.0,,1.335,56.4089
HD 103891 b,HD 103891,1,1,Radial Velocity,2022.0,La Silla Observatory,Published Confirmed,0,1919.0,,457.67290608,,F9,6072.0,2.22,1.28,55.5213
HD 103949 b,HD 103949,1,1,Radial Velocity,2019.0,Las Campanas Observatory,Published Confirmed,0,120.878,,11.2,,K3 V,4792.0,,0.77,26.4997
HD 104067 b,HD 104067,1,2,Radial Velocity,2009.0,La Silla Observatory,Published Confirmed,0,55.806,,58.985,,K2 V,4969.0,,0.791,20.3632
HD 104067 c,HD 104067,1,2,Radial Velocity,2024.0,Multiple Observatories,Published Confirmed,0,13.8992,,13.2,,,4952.0,0.78,0.82,20.3632
HD 10442 b,HD 10442,1,1,Radial Velocity,2014.0,W. M. Keck Observatory,Published Confirmed,0,1053.2,,486.2799,,K0 IV,4912.0,1.97,1.01,135.374
HD 104985 b,HD 104985,1,1,Radial Velocity,2003.0,Okayama Astrophysical Observatory,Published Confirmed,0,199.505,,2637.9,,G9 III,4877.0,11.0,2.3,100.576
HD 105618 b,HD 105618,1,2,Radial Velocity,2022.0,Multiple Observatories,Published Confirmed,0,10.02245,,25.42627256,,,,,1.01,70.0837
HD 105618 c,HD 105618,1,2,Radial Velocity,2022.0,Multiple Observatories,Published Confirmed,0,77114.07158,,8419.59232984,,,,,1.01,70.0837
HD 105779 b,HD 105779,1,1,Radial Velocity,2022.0,La Silla Observatory,Published Confirmed,0,2412.0,,203.41018048,,G2,5792.0,0.94,0.89,55.2411
HD 106252 b,HD 106252,1,1,Radial Velocity,2002.0,Lick Observatory,Published Confirmed,0,1531.0,,2199.29,,G0,5870.0,,1.007,38.185
HD 106270 b,HD 106270,1,1,Radial Velocity,2011.0,W. M. Keck Observatory,Published Confirmed,0,1890.0,,3623.2438398,,G5 IV,5567.0,,1.48,93.808
HD 106315 b,HD 106315,1,2,Transit,2017.0,K2,Published Confirmed,0,9.55237,2.44,12.6,1153.0,F5 V,6327.0,1.296,1.091,109.353
HD 106315 c,HD 106315,1,2,Transit,2017.0,K2,Published Confirmed,0,21.05704,4.35,15.2,886.0,F5 V,6327.0,1.296,1.091,109.353
HD 10647 b,HD 10647,1,1,Radial Velocity,2006.0,W. M. Keck Observatory,Published Confirmed,0,989.2,,298.75,,F9 V,6218.0,1.1,1.11,17.3357
HD 106515 A b,HD 106515 A,2,1,Radial Velocity,2012.0,La Silla Observatory,Published Confirmed,0,3630.0,,3054.22,,G5,5362.0,1.62,0.97,34.0915
HD 106906 b,HD 106906,1,1,Imaging,2013.0,Las Campanas Observatory,Published Confirmed,0,,,4115.8985,1820.0,,6473.79,2.12351,1.32,103.029
HD 10697 b,HD 10697,1,1,Radial Velocity,1999.0,W. M. Keck Observatory,Published Confirmed,0,1076.4,,2027.7,,,5600.0,1.83908,0.99,33.1205
HD 107148 b,HD 107148,2,2,Radial Velocity,2005.0,W. M. Keck Observatory,Published Confirmed,0,77.181,,64.51916662,,,5752.92,1.169193,1.105215,49.4156
HD 107148 c,HD 107148,2,2,Radial Velocity,2021.0,Multiple Observatories,Published Confirmed,0,18.3267,,19.89605828,,,5752.92,1.169193,1.105215,49.4156
HD 108147 b,HD 108147,1,1,Radial Velocity,2002.0,La Silla Observatory,Published Confirmed,0,10.8985,,82.95,,,6255.73,1.20664,1.22,38.92
HD 108202 b,HD 108202,1,1,Radial Velocity,2023.0,La Silla Observatory,Published Confirmed,0,2990.0,,953.485221,,K4/5 V,,,0.74,38.6846
HD 108236 b,HD 108236,1,5,Transit,2020.0,Transiting Exoplanet Survey Satellite (TESS),Published Confirmed,0,3.79523,1.586,,1099.0,G3 V,5730.0,0.888,0.97,64.5978
HD 108236 c,HD 108236,1,5,Transit,2020.0,Transiting Exoplanet Survey Satellite (TESS),Published Confirmed,0,6.2037,2.068,,932.0,G3 V,5730.0,0.888,0.97,64.5978
HD 108236 e,HD 108236,1,5,Transit,2020.0,Transiting Exoplanet Survey Satellite (TESS),Published Confirmed,0,19.5917,3.12,,636.0,G3 V,5730.0,0.888,0.97,64.5978
HD 108236 f,HD 108236,1,5,Transit,2021.0,CHaracterising ExOPlanets Satellite (CHEOPS),Published Confirmed,0,29.54115,2.017,,,,5660.0,0.877,0.869,64.5978
HD 108341 b,HD 108341,2,1,Radial Velocity,2014.0,La Silla Observatory,Published Confirmed,0,1129.0,,1112.4,,K2 V,5122.0,0.79,0.843,48.9102
HD 108863 b,HD 108863,1,1,Radial Velocity,2011.0,W. M. Keck Observatory,Published Confirmed,0,443.4,,826.3,,,4956.0,5.6,1.85,164.742
HD 108874 b,HD 108874,1,2,Radial Velocity,2002.0,W. M. Keck Observatory,Published Confirmed,0,395.38,,419.53349724,,,5569.95,1.091098,0.995578,59.5175
HD 108874 c,HD 108874,1,2,Radial Velocity,2005.0,W. M. Keck Observatory,Published Confirmed,0,1680.0,,338.2,,,5533.0,1.08736,0.97,59.5175
HD 109246 b,HD 109246,1,1,Radial Velocity,2010.0,Haute-Provence Observatory,Published Confirmed,0,68.27,,244.72,,G0 V,5844.0,1.02,1.01,67.8349
HD 109271 b,HD 109271,1,2,Radial Velocity,2013.0,La Silla Observatory,Published Confirmed,0,7.8543,,17.162,,G5 V,5783.0,,1.047,55.8716
HD 109271 c,HD 109271,1,2,Radial Velocity,2013.0,La Silla Observatory,Published Confirmed,0,30.93,,24.154,,G5 V,5783.0,,1.047,55.8716
HD 109286 b,HD 109286,1,1,Radial Velocity,2021.0,Haute-Provence Observatory,Published Confirmed,0,520.1,,950.30693693,259.4,G4 V,5694.0,1.089,0.98,55.4156
HD 109749 b,HD 109749,2,1,Radial Velocity,2005.0,W. M. Keck Observatory,Published Confirmed,0,5.239891,,85.8141,,G3 V,5824.0,1.22,1.13,63.0821
HD 10975 b,HD 10975,1,1,Radial Velocity,2021.0,Okayama Astrophysical Observatory,Published Confirmed,0,283.8,,143.02278315,,K0 III,4840.0,11.16,1.41,116.506
HD 109833 b,HD 109833,1,2,Transit,2022.0,Transiting Exoplanet Survey Satellite (TESS),Published Confirmed,0,9.188526,2.888,,,,5881.0,1.0,1.08,79.5561
HD 109833 c,HD 109833,1,2,Transit,2022.0,Transiting Exoplanet Survey Satellite (TESS),Published Confirmed,0,13.900148,2.59,,,,5881.0,1.0,1.08,79.5561
HD 109988 b,HD 109988,1,1,Radial Velocity,2022.0,Multiple Observatories,Published Confirmed,0,17132.15854,,6935.33366915,,,,,0.88,42.5279
HD 110014 b,HD 110014,1,1,Radial Velocity,2009.0,La Silla Observatory,Published Confirmed,0,835.477,,3524.59,,K2 III,4445.0,20.9,2.17,100.758
HD 110067 b,HD 110067,3,6,Transit,2023.0,Multiple Observatories,Published Confirmed,0,9.113678,2.2,5.69,800.0,K0.0 V,5266.0,0.788,0.798,32.1585
HD 110067 c,HD 110067,3,6,Transit,2023.0,Multiple Observatories,Published Confirmed,0,13.673694,2.388,6.3,699.0,K0.0 V,5266.0,0.788,0.798,32.1585
HD 110067 d,HD 110067,3,6,Transit,2023.0,Multiple Observatories,Published Confirmed,0,20.519617,2.852,8.52,602.0,K0.0 V,5266.0,0.788,0.798,32.1585
HD 110067 e,HD 110067,3,6,Transit,2023.0,Multiple Observatories,Published Confirmed,0,30.793091,1.94,3.9,533.0,K0.0 V,5266.0,0.788,0.798,32.1585
HD 110067 f,HD 110067,3,6,Transit,2023.0,Multiple Observatories,Published Confirmed,0,41.05854,2.601,5.04,489.0,K0.0 V,5266.0,0.788,0.798,32.1585
HD 110067 g,HD 110067,3,6,Transit,2023.0,Multiple Observatories,Published Confirmed,0,54.76992,2.607,8.4,440.0,K0.0 V,5266.0,0.788,0.798,32.1585
HD 110082 b,HD 110082,2,1,Transit,2021.0,Transiting Exoplanet Survey Satellite (TESS),Published Confirmed,0,10.18271,3.2,,,F8 V,6200.0,1.19,1.21,105.096
HD 110113 b,HD 110113,1,2,Transit,2021.0,Transiting Exoplanet Survey Satellite (TESS),Published Confirmed,0,2.541,2.05,4.55,1371.0,G,5732.0,0.968,0.997,106.307
HD 110113 c,HD 110113,1,2,Radial Velocity,2021.0,La Silla Observatory,Published Confirmed,0,6.744,,10.5,990.0,G,5732.0,0.968,0.997,106.307
HD 110537 b,HD 110537,1,1,Radial Velocity,2022.0,Multiple Observatories,Published Confirmed,0,24469.67342,,8612.83200129,,,,,1.02,45.0858
HD 11112 b,HD 11112,1,1,Radial Velocity,2022.0,Multiple Observatories,Published Confirmed,0,17244.90764,,2598.56505563,,,,,1.07,44.3804
HD 111232 b,HD 111232,1,2,Radial Velocity,2003.0,La Silla Observatory,Published Confirmed,0,1143.0,,2161.15,,G5 V,5494.0,,0.78,28.9571
HD 111232 c,HD 111232,1,2,Radial Velocity,2022.0,Multiple Observatories,Published Confirmed,0,32100.0,,6579.0480249,,G8 V,5494.0,,0.83,28.9571
HD 111591 b,HD 111591,1,1,Radial Velocity,2017.0,Multiple Observatories,Published Confirmed,0,1056.4,,1398.452,,,4884.0,8.03,1.94,114.166
HD 111998 b,HD 111998,1,1,Radial Velocity,2016.0,La Silla Observatory,Published Confirmed,0,825.9,,1433.4133,,F5 V,6557.0,1.45,1.18,33.2237
HD 112300 b,HD 112300,1,1,Radial Velocity,2023.0,Bohyunsan Optical Astronomical Observatory,Published Confirmed,0,466.63,,5031.22368281,,M1 III,3657.0,65.8,1.4,62.07324
HD 112570 b,HD 112570,1,1,Radial Velocity,2023.0,Multiple Observatories,Published Confirmed,0,2615.0,,1086.97315194,,K0 III,4750.0,9.85,1.15,101.166
HD 112640 b,HD 112640,1,1,Radial Velocity,2020.0,Bohyunsan Optical Astronomical Observatory,Published Confirmed,0,613.2,,1589.15,,K0 III,4155.0,39.0,1.8,323.335
HD 113337 b,HD 113337,3,2,Radial Velocity,2013.0,Haute-Provence Observatory,Published Confirmed,0,324.0,,899.42,,F6 V,6576.6,1.5,1.4,36.18
HD 113337 c,HD 113337,3,2,Radial Velocity,2020.0,Haute-Provence Observatory,Published Confirmed,0,3165.0,,4449.597698,,,,,1.4,36.18
HD 11343 c,HIP 8541,2,2,Radial Velocity,2022.0,Multiple Observatories,Published Confirmed,0,228.53731,,255.53403923,,,,,2.009,155.121
HD 113538 b,HD 113538,1,2,Radial Velocity,2010.0,La Silla Observatory,Published Confirmed,0,663.2,,114.41,,K9 V,4462.0,0.53,0.585,16.2817
HD 113538 c,HD 113538,1,2,Radial Velocity,2010.0,La Silla Observatory,Published Confirmed,0,1657.0,,225.65,,K9 V,4685.0,0.65,0.7,16.2817
HD 113996 b,HD 113996,2,1,Radial Velocity,2017.0,Bohyunsan Optical Astronomical Observatory,Published Confirmed,0,610.2,,2002.329,,,4181.0,25.11,1.49,116.334
HD 114082 b,HD 114082,1,1,Radial Velocity,2022.0,La Silla Observatory,Published Confirmed,0,109.75,11.2089807,2542.627256,,F3 V,6651.0,1.49,1.47,95.3906
HD 114386 b,HD 114386,1,2,Radial Velocity,2003.0,La Silla Observatory,Published Confirmed,0,1049.4,,464.02947422,,K3 VC,4895.0,,0.8,27.9243
HD 114386 c,HD 114386,1,2,Radial Velocity,2026.0,Las Campanas Observatory,Published Confirmed,0,444.0,,117.59651059,,K3 VC,4895.0,,0.8,27.9243
HD 114729 b,HD 114729,2,1,Radial Velocity,2002.0,W. M. Keck Observatory,Published Confirmed,0,1132.7,,283.50293904,,,5755.82,1.650594,0.955311,37.8063
HD 114783 b,HD 114783,1,2,Radial Velocity,2001.0,W. M. Keck Observatory,Published Confirmed,0,492.56,,328.31674443,,,5126.74,0.840622,0.866925,21.0628
HD 114783 c,HD 114783,1,2,Radial Velocity,2018.0,W. M. Keck Observatory,Published Confirmed,0,4340.0,,209.44892021,,,5126.74,0.840622,0.866925,21.0628
HD 11505 b,HD 11505,1,1,Radial Velocity,2022.0,Multiple Observatories,Published Confirmed,0,32669.22247,,2510.52658689,,,,,1.03,38.9679
HD 11506 b,HD 11506,1,3,Radial Velocity,2007.0,W. M. Keck Observatory,Published Confirmed,0,1405.0,,1506.45,,G0 V,6058.0,1.38,1.19,51.261
HD 11506 c,HD 11506,1,3,Radial Velocity,2008.0,W. M. Keck Observatory,Published Confirmed,0,223.41,,129.67464,,G0 V,6030.0,1.34,1.24,51.261
HD 11506 d,HD 11506,1,3,Radial Velocity,2022.0,Multiple Observatories,Published Confirmed,0,26500.0,,4068.2036096,,G0 V,6123.0,,1.22,51.261
HD 115404 A b,HD 115404 A,1,2,Radial Velocity,2022.0,Multiple Observatories,Published Confirmed,0,10.49488,,30.82935548,,,,,0.83,10.9816
HD 115404 A c,HD 115404 A,1,2,Radial Velocity,2022.0,Multiple Observatories,Published Confirmed,0,15319.22517,,3279.67133183,,,,,0.83,10.9816
HD 115954 b,HD 115954,1,1,Radial Velocity,2021.0,Haute-Provence Observatory,Published Confirmed,0,3700.0,,2634.79749403,144.9,G0 V,5957.0,1.213,1.18,87.6437
HD 116029 b,HD 116029,2,2,Radial Velocity,2011.0,W. M. Keck Observatory,Published Confirmed,0,670.0,,667.4,,,4951.0,4.6,1.58,123.245
HD 116029 c,HD 116029,2,2,Radial Velocity,2018.0,W. M. Keck Observatory,Published Confirmed,0,907.0,,403.6441,,,,,1.33,123.245
HD 117207 b,HD 117207,1,1,Radial Velocity,2004.0,W. M. Keck Observatory,Published Confirmed,0,2627.08,,654.7298,,G8 IV/V,5723.0,,1.04,32.3547
HD 11755 b,HD 11755,1,1,Radial Velocity,2015.0,Bohyunsan Optical Astronomical Observatory,Published Confirmed,0,433.7,,2065.895,,G5,4312.5,27.3,0.9,235.045
HD 117618 b,HD 117618,1,1,Radial Velocity,2004.0,Anglo-Australian Telescope,Published Confirmed,0,25.8,,50.8528,,G2 V,5855.0,,1.05,37.7781
HD 118203 b,HD 118203,1,2,Radial Velocity,2005.0,Haute-Provence Observatory,Published Confirmed,0,6.134989,12.55405838,693.50158407,1371.0,K0 IV,5788.0,2.03,1.22,92.2589
HD 118203 c,HD 118203,1,2,Radial Velocity,2024.0,Multiple Observatories,Published Confirmed,0,5070.0,,3527.8953177,146.0,K0 IV,5788.0,2.03,1.22,92.2589
HD 11964 b,HD 11964,2,2,Radial Velocity,2005.0,W. M. Keck Observatory,Published Confirmed,0,1935.0,,200.54972482,,,5345.6,2.0475,1.151343,33.5369
HD 11964 c,HD 11964,2,2,Radial Velocity,2008.0,W. M. Keck Observatory,Published Confirmed,0,37.9196,,24.34565598,,,5345.6,2.0475,1.151343,33.5369
HD 11977 b,HD 11977,1,1,Radial Velocity,2005.0,La Silla Observatory,Published Confirmed,0,711.0,,2080.0,,,4970.0,10.09,1.91,67.9331
HD 120084 b,HD 120084,1,1,Radial Velocity,2013.0,Okayama Astrophysical Observatory,Published Confirmed,0,2082.0,,1430.2,,G7 III,4892.0,9.12,2.39,103.044
HD 121504 b,HD 121504,1,1,Radial Velocity,2003.0,La Silla Observatory,Published Confirmed,0,63.33,,479.9233,,,6027.0,1.07,1.62,41.6592
HD 12235 b,HD 12235,1,2,Radial Velocity,2022.0,Multiple Observatories,Published Confirmed,0,4.36305,,10.48833743,,,,,1.1,31.7627
HD 12235 c,HD 12235,1,2,Radial Velocity,2022.0,Multiple Observatories,Published Confirmed,0,36336.70679,,3135.69506346,,,,,1.1,31.7627
HD 122562 c,HD 122562,1,1,Radial Velocity,2022.0,Multiple Observatories,Published Confirmed,0,84.96276,,73.10053361,,,,,1.241,53.2528
HD 124330 b,HD 124330,1,1,Radial Velocity,2021.0,Haute-Provence Observatory,Published Confirmed,0,270.66,,238.37130525,,G4 IV,5873.0,,1.15,60.1977
HD 12484 b,HD 12484,1,1,Radial Velocity,2016.0,Haute-Provence Observatory,Published Confirmed,0,58.83,,947.1334,,F8,5920.0,,1.01,48.3367
HD 125271 b,HD 125271,1,1,Radial Velocity,2022.0,Multiple Observatories,Published Confirmed,0,14901.99295,,3465.60094993,,,,,0.75,39.3466
HD 125390 b,HD 125390,1,1,Radial Velocity,2019.0,W. M. Keck Observatory,Published Confirmed,0,1756.2,,7043.1128,,G7 V,4850.0,6.47,1.36,153.647
HD 125595 b,HD 125595,1,1,Radial Velocity,2009.0,La Silla Observatory,Published Confirmed,0,9.6737,,13.134,,K4 V,4908.0,,0.756,28.1989
HD 125612 b,HD 125612,2,3,Radial Velocity,2007.0,W. M. Keck Observatory,Published Confirmed,0,510.0,,1112.405,,G3 V,5897.0,1.05,1.1,57.6207
HD 125612 c,HD 125612,2,3,Radial Velocity,2009.0,La Silla Observatory,Published Confirmed,0,4.15514,,17.48065,,G3 V,5841.0,1.05,1.11,57.6207
HD 125612 d,HD 125612,2,3,Radial Velocity,2009.0,La Silla Observatory,Published Confirmed,0,2835.0,,2313.8024,,G3 V,5841.0,1.05,1.11,57.6207
HD 12648 b,HD 12648,1,1,Radial Velocity,2015.0,Bohyunsan Optical Astronomical Observatory,Published Confirmed,0,133.6,,921.707,,G5,4835.8,9.2,1.2,182.192
HD 126525 b,HD 126525,1,1,Radial Velocity,2018.0,La Silla Observatory,Published Confirmed,0,960.41,,75.32571,,,5638.0,0.979,0.897,37.6506
HD 12661 b,HD 12661,1,2,Radial Velocity,2000.0,Multiple Observatories,Published Confirmed,0,252.7,,886.7457,,,5754.0,1.096,1.07,37.8478
HD 12661 c,HD 12661,1,2,Radial Velocity,2002.0,Multiple Observatories,Published Confirmed,0,1708.0,,575.884,,,5748.0,1.11,1.02,37.8478
HD 126614 b,HD 126614,3,1,Radial Velocity,2009.0,W. M. Keck Observatory,Published Confirmed,0,1244.0,,120.0,,,5585.0,1.09,1.145,73.0961
HD 127506 b,HD 127506,1,1,Radial Velocity,2022.0,Multiple Observatories,Published Confirmed,0,65.78395,,27.333243,,,,,0.73,22.5279
HD 128311 b,HD 128311,1,2,Radial Velocity,2002.0,W. M. Keck Observatory,Published Confirmed,0,453.28,,635.656814,,,4931.94,0.783313,0.837059,16.3292
HD 128311 c,HD 128311,1,2,Radial Velocity,2005.0,W. M. Keck Observatory,Published Confirmed,0,923.8,,1029.73,,K0,4965.0,,0.828,16.3292
HD 128356 b,HD 128356,1,1,Radial Velocity,2016.0,Multiple Observatories,Published Confirmed,0,298.2,,282.8687,,K3 V,4875.0,0.85,0.65,26.1548
HD 128717 b,HD 128717,1,1,Astrometry,2025.0,European Space Agency (ESA) Gaia Satellite,Published Confirmed,0,3420.0,,6293.0024586,,,6210.0,1.248,1.212,73.636
HD 129445 b,HD 129445,1,1,Radial Velocity,2009.0,Las Campanas Observatory,Published Confirmed,0,1802.0,,797.74930157,,G6 V,5646.0,,1.09,67.4386
HD 130322 b,HD 130322,1,1,Radial Velocity,1999.0,La Silla Observatory,Published Confirmed,0,10.7085,,330.53,,K0 V,5308.0,,0.836,31.8766
HD 131496 b,HD 131496,1,1,Radial Velocity,2011.0,W. M. Keck Observatory,Published Confirmed,0,883.0,,699.2,,,4927.0,4.3,1.61,131.849
HD 13167 b,HD 13167,1,1,Radial Velocity,2018.0,W. M. Keck Observatory,Published Confirmed,0,2613.0,,1052.0173,,,5671.0,2.39,1.35,148.934
HD 13189 b,HD 13189,1,1,Radial Velocity,2005.0,Thueringer Landessternwarte Tautenburg,Published Confirmed,0,471.60001,,3480.2385,,,4175.0,38.41,2.24,497.823
HD 132406 b,HD 132406,1,1,Radial Velocity,2007.0,Haute-Provence Observatory,Published Confirmed,0,974.0,,1709.9254,,,5783.0,1.34,1.03,70.7832
HD 132563 b,HD 132563,3,1,Radial Velocity,2011.0,Roque de los Muchachos Observatory,Published Confirmed,0,1544.0,,473.547,,,6289.0,1.29577,1.231,105.155
HD 133131 A b,HD 133131 A,2,3,Radial Velocity,2016.0,Las Campanas Observatory,Published Confirmed,0,649.0,,451.3186,,G2 V,5799.0,,0.95,51.4736
HD 133131 A c,HD 133131 A,2,3,Radial Velocity,2016.0,Las Campanas Observatory,Published Confirmed,0,3568.0,,133.4886,,G2 V,5799.0,,0.95,51.4736
HD 133131 B b,HD 133131 B,2,3,Radial Velocity,2016.0,Las Campanas Observatory,Published Confirmed,0,5769.0,,794.575,,G2 V,5805.0,,0.93,51.2993
HD 134060 b,HD 134060,1,2,Radial Velocity,2019.0,La Silla Observatory,Published Confirmed,0,3.2696,,10.1,,G3 IV,5966.0,,1.095,24.0125
HD 134060 c,HD 134060,1,2,Radial Velocity,2019.0,La Silla Observatory,Published Confirmed,0,1291.5646,,29.29,,G3 IV,5966.0,,1.095,24.0125
HD 134606 b,HD 134606,1,5,Radial Velocity,2024.0,Multiple Observatories,Published Confirmed,0,12.089,,9.09,,,5576.0,1.158,1.046,26.7909
HD 134606 c,HD 134606,1,5,Radial Velocity,2024.0,Multiple Observatories,Published Confirmed,0,58.883,,11.31,,,5576.0,1.158,1.046,26.7909
HD 134606 d,HD 134606,1,5,Radial Velocity,2024.0,Multiple Observatories,Published Confirmed,0,966.5,,44.8,,,5576.0,1.158,1.046,26.7909
HD 134606 e,HD 134606,1,5,Radial Velocity,2024.0,Multiple Observatories,Published Confirmed,0,4.3203,,2.34,,,5576.0,1.158,1.046,26.7909
HD 134606 f,HD 134606,1,5,Radial Velocity,2024.0,Multiple Observatories,Published Confirmed,0,26.915,,5.63,,,5576.0,1.158,1.046,26.7909
HD 134987 b,HD 134987,1,2,Radial Velocity,1999.0,W. M. Keck Observatory,Published Confirmed,0,258.19,,505.0,,G5 V,5585.0,1.25,1.1,26.1804
HD 134987 c,HD 134987,1,2,Radial Velocity,2009.0,Multiple Observatories,Published Confirmed,0,5000.0,,260.0,,G5 V,5585.0,1.25,1.1,26.1804
HD 135344 A b,HD 135344 A,2,1,Imaging,2025.0,Paranal Observatory,Published Confirmed,0,,16.25302201,3178.28407,1585.0,A0 V,9540.0,1.5,,141.595
HD 135625 b,HD 135625,1,1,Radial Velocity,2023.0,La Silla Observatory,Published Confirmed,0,4055.0,,731.0053361,,G3 IV/V,,,1.28,56.518
HD 135694 b,HD 135694,1,1,Transit,2023.0,Transiting Exoplanet Survey Satellite (TESS),Published Confirmed,0,15.92346,2.5320132,6.1,750.83,,5698.0,1.0726,0.913,73.8713
HD 135872 b,HD 135872,1,1,Radial Velocity,2022.0,Multiple Observatories,Published Confirmed,0,2422.32597,,1744.56012602,,,,,1.646,82.4251
HD 136118 b,HD 136118,1,1,Radial Velocity,2022.0,Multiple Observatories,Published Confirmed,0,1191.0,,5244.1687155,,F7 V,6097.0,,1.21,51.4359
HD 136352 b,HD 136352,1,3,Radial Velocity,2019.0,La Silla Observatory,Published Confirmed,0,11.57779,1.482,4.62,911.0,,5850.0,1.012,0.906,14.682
HD 136352 c,HD 136352,1,3,Radial Velocity,2019.0,La Silla Observatory,Published Confirmed,0,27.5909,2.608,11.29,682.0,,5850.0,1.012,0.906,14.682
HD 136352 d,HD 136352,1,3,Radial Velocity,2019.0,La Silla Observatory,Published Confirmed,0,107.245,2.562,8.82,431.0,,5664.0,1.058,0.87,14.682
HD 136418 b,HD 136418,1,1,Radial Velocity,2009.0,W. M. Keck Observatory,Published Confirmed,0,464.29999,,680.1562,,,4989.0,3.78,1.48,105.168
HD 136925 b,HD 136925,1,1,Radial Velocity,2021.0,Multiple Observatories,Published Confirmed,0,4540.0,,266.97586188,,,5773.19,1.193078,0.875104,47.874
HD 13724 c,HD 13724,1,1,Radial Velocity,2022.0,Multiple Observatories,Published Confirmed,0,142.22895,,50.85254512,,,,,1.004,43.465
HD 137388 b,HD 137388,1,1,Radial Velocity,2011.0,La Silla Observatory,Published Confirmed,0,330.0,,63.566,,,5181.0,0.88,0.68,40.4841
HD 137496 b,HD 137496,1,2,Transit,2021.0,K2,Published Confirmed,0,1.62116,1.31,4.04,2130.0,G,5799.0,1.59,1.04,155.317
HD 137496 c,HD 137496,1,2,Radial Velocity,2021.0,Multiple Observatories,Published Confirmed,0,479.9,,2434.56559762,370.0,G,5799.0,1.59,1.04,155.317
HD 13808 b,HD 13808,1,2,Radial Velocity,2021.0,La Silla Observatory,Published Confirmed,0,14.1815,,11.2,,K2 V,5035.0,0.781,0.771,28.2305
HD 13808 c,HD 13808,1,2,Radial Velocity,2021.0,La Silla Observatory,Published Confirmed,0,53.753,,9.96,,K2 V,5035.0,0.781,0.771,28.2305
HD 13908 b,HD 13908,1,2,Radial Velocity,2013.0,Haute-Provence Observatory,Published Confirmed,0,19.382,,274.91,,F8 V,6255.0,1.67,1.29,79.5515
HD 13908 c,HD 13908,1,2,Radial Velocity,2013.0,Haute-Provence Observatory,Published Confirmed,0,931.0,,1630.4,,F8 V,6255.0,1.67,1.29,79.5515
HD 13931 b,HD 13931,1,1,Radial Velocity,2009.0,W. M. Keck Observatory,Published Confirmed,0,4218.0,,597.0,,,5829.0,1.23,1.022,47.3963
HD 139357 b,HD 139357,1,1,Radial Velocity,2008.0,Thueringer Landessternwarte Tautenburg,Published Confirmed,0,1128.0,,5784.4770074,,K4 III,4700.0,,1.35,112.09
HD 1397 b,HD 1397,1,1,Transit,2018.0,Transiting Exoplanet Survey Satellite (TESS),Published Confirmed,0,11.5366,11.466807,116.64361,1519.0,,5474.0,2.341,1.257,79.5702
HD 14067 b,HD 14067,1,1,Radial Velocity,2014.0,Okayama Astrophysical Observatory,Published Confirmed,0,2744.0,,4862.7746271,,G9 III,4815.0,12.4,2.4,142.024
HD 140901 b,HD 140901,1,2,Radial Velocity,2022.0,Multiple Observatories,Published Confirmed,1,9.02378,,15.57359194,,,,,0.99,15.2528
HD 140901 c,HD 140901,1,2,Radial Velocity,2022.0,Multiple Observatories,Published Confirmed,0,14386.0,,572.0911326,,G7 IV,,,1.06,15.2528
HD 141004 b,HD 141004,1,1,Radial Velocity,2021.0,Multiple Observatories,Published Confirmed,0,15.5083,,13.63483866,,,5885.38,1.389372,1.051904,11.8148
HD 141399 b,HD 141399,1,4,Radial Velocity,2014.0,Multiple Observatories,Published Confirmed,0,94.35,,146.2018,,K0 V,5360.0,1.46,1.14,37.0169
HD 141399 c,HD 141399,1,4,Radial Velocity,2014.0,Multiple Observatories,Published Confirmed,0,202.08,,432.2488,,K0 V,5360.0,1.46,1.14,37.0169
HD 141399 d,HD 141399,1,4,Radial Velocity,2014.0,Multiple Observatories,Published Confirmed,0,1070.35,,387.7526,,K0 V,5360.0,1.46,1.14,37.0169
HD 141399 e,HD 141399,1,4,Radial Velocity,2014.0,Multiple Observatories,Published Confirmed,0,3717.35,,219.3027,,K0 V,5360.0,1.46,1.14,37.0169
HD 141937 b,HD 141937,1,1,Radial Velocity,2002.0,La Silla Observatory,Published Confirmed,0,653.21997,,3079.7727,,,5870.0,1.03,1.09,33.3622
HD 142 A d,HD 142,2,3,Radial Velocity,2022.0,Multiple Observatories,Published Confirmed,0,108.45299,,82.63538582,,,,,1.21,26.1853
HD 142 b,HD 142,2,3,Radial Velocity,2001.0,Anglo-Australian Telescope,Published Confirmed,0,349.7,,397.27,,,6245.0,1.47,1.232,26.1853
HD 142 c,HD 142,2,3,Radial Velocity,2012.0,Anglo-Australian Telescope,Published Confirmed,0,6005.0,,1684.4,,,6245.0,1.47,1.232,26.1853
HD 142022 A b,HD 142022 A,2,1,Radial Velocity,2005.0,La Silla Observatory,Published Confirmed,0,1928.0,,1411.1652,,,5421.0,1.04,0.9,34.2802
HD 142245 b,HD 142245,3,1,Radial Velocity,2011.0,W. M. Keck Observatory,Published Confirmed,0,1299.0,,603.9,,,4878.0,5.2,1.69,97.2305
HD 142415 b,HD 142415,1,1,Radial Velocity,2003.0,La Silla Observatory,Published Confirmed,0,386.29999,,530.7761,,,5940.0,1.04,1.07,35.5318
HD 143105 b,HD 143105,1,1,Radial Velocity,2016.0,Haute-Provence Observatory,Published Confirmed,0,2.1974,,384.5743,,F5,6380.0,,1.51,46.7789
HD 143361 b,HD 143361,1,1,Radial Velocity,2008.0,Las Campanas Observatory,Published Confirmed,0,1046.2,,1106.0484,,G6 V,5505.0,0.99,0.95,68.5146
HD 143811 AB b,HD 143811 A,2,1,Imaging,2025.0,Paranal Observatory,Published Confirmed,0,120000.0,,1779.8390792,1042.0,,6751.0,,1.3,136.608
HD 144899 b,HD 144899,1,1,Radial Velocity,2022.0,Multiple Observatories,Published Confirmed,0,40.43914,,20.34101805,,,,,1.16,115.665
HD 145377 b,HD 145377,1,1,Radial Velocity,2008.0,La Silla Observatory,Published Confirmed,0,103.95,,1913.3366,,,6014.0,1.05,1.2,53.4884
HD 145457 b,HD 145457,1,1,Radial Velocity,2010.0,Subaru Telescope,Published Confirmed,0,176.13,,888.01256916,,,4757.0,9.9,1.9,135.292
HD 145675 c,14 Her,1,2,Radial Velocity,2021.0,Multiple Observatories,Published Confirmed,0,25000.0,,1843.4047606,,,5314.94,0.995819,0.969205,17.9323
HD 145934 b,HD 145934,1,1,Radial Velocity,2015.0,W. M. Keck Observatory,Published Confirmed,0,2790.0,,648.36995028,,,4823.75,6.930587,1.812692,227.881
HD 1461 b,HD 1461,1,2,Radial Velocity,2010.0,W. M. Keck Observatory,Published Confirmed,0,5.77152,,6.44,,G0 V,5765.0,,1.02,23.4534
HD 1461 c,HD 1461,1,2,Radial Velocity,2015.0,La Silla Observatory,Published Confirmed,0,13.504,,7.05579064,,,5695.23,1.152288,1.03064,23.4534
HD 147018 b,HD 147018,1,2,Radial Velocity,2009.0,La Silla Observatory,Published Confirmed,0,44.236,,674.0,,G9 V,5441.0,,0.927,40.4256
HD 147018 c,HD 147018,1,2,Radial Velocity,2009.0,La Silla Observatory,Published Confirmed,0,1008.0,,2080.0,,G9 V,5441.0,,0.927,40.4256
HD 147379 b,HD 147379,2,1,Radial Velocity,2017.0,Calar Alto Observatory,Published Confirmed,0,86.54,,24.7,,M0.0 V,4090.0,0.57,0.58,10.7643
HD 147513 b,HD 147513,2,1,Radial Velocity,2003.0,La Silla Observatory,Published Confirmed,1,528.4,,385.0,,,5883.0,,1.11,12.9032
HD 14787 b,HD 14787,1,1,Radial Velocity,2018.0,W. M. Keck Observatory,Published Confirmed,0,676.6,,356.28743,,,4946.0,5.01,1.43,119.137
HD 147873 b,HD 147873,2,2,Radial Velocity,2016.0,Multiple Observatories,Published Confirmed,0,116.596,,1633.6462,,G1 V,5972.0,2.29,1.38,109.055
HD 147873 c,HD 147873,2,2,Radial Velocity,2016.0,Multiple Observatories,Published Confirmed,0,491.54,,731.009,,G1 V,5972.0,2.29,1.38,109.055
HD 148156 b,HD 148156,1,1,Radial Velocity,2009.0,La Silla Observatory,Published Confirmed,0,1027.0,,270.144,,,6308.0,1.21,1.22,57.1289
HD 148164 b,HD 148164,1,2,Radial Velocity,2018.0,W. M. Keck Observatory,Published Confirmed,0,328.55,,390.9309,,F8,6032.0,1.34,1.21,77.1971
HD 148164 c,HD 148164,1,2,Radial Velocity,2018.0,W. M. Keck Observatory,Published Confirmed,0,5062.0,,1640.0028,,F8,6032.0,1.34,1.21,77.1971
HD 149026 b,HD 149026,1,1,Radial Velocity,2005.0,Subaru Telescope,Published Confirmed,0,2.8766,8.127,114.8,,G0 IV,6147.0,1.45,1.3,75.8643
HD 149143 b,HD 149143,1,1,Radial Velocity,2005.0,Haute-Provence Observatory,Published Confirmed,0,4.07182,,422.7139,,G0,5856.0,1.44,1.2,73.2801
HD 149806 b,HD 149806,1,1,Radial Velocity,2022.0,Multiple Observatories,Published Confirmed,0,16521.52778,,4003.68444298,,,,,0.93,20.2727
HD 150010 b,HD 150010,1,1,Radial Velocity,2022.0,Bohyunsan Optical Astronomical Observatory,Published Confirmed,0,562.0,,762.7881768,,K2 III,4153.0,16.2,1.3,144.49
HD 1502 b,HD 1502,1,1,Radial Velocity,2011.0,W. M. Keck Observatory,Published Confirmed,0,431.8,,985.2,,,5049.0,4.5,1.61,190.953
HD 150706 b,HD 150706,1,1,Radial Velocity,2012.0,Haute-Provence Observatory,Published Confirmed,0,5894.0,,861.28,,G0 V,5961.0,0.96,1.17,28.2697
HD 151450 b,HD 151450,1,2,Radial Velocity,2022.0,Multiple Observatories,Published Confirmed,0,21.89288,,38.45723725,,,,,1.14,43.6002
HD 151450 c,HD 151450,1,2,Radial Velocity,2022.0,Multiple Observatories,Published Confirmed,0,18144.76236,,1636.18063924,,,,,1.14,43.6002
HD 152079 b,HD 152079,1,1,Radial Velocity,2009.0,Las Campanas Observatory,Published Confirmed,0,2899.0,,692.8694,,G6 V,5726.0,1.15,1.1,87.8888
HD 152581 b,HD 152581,1,1,Radial Velocity,2011.0,W. M. Keck Observatory,Published Confirmed,0,689.0,,724.6524,,,5095.0,4.8,1.72,165.76
HD 152843 b,HD 152843,1,2,Transit,2021.0,Transiting Exoplanet Survey Satellite (TESS),Published Confirmed,0,11.6264,3.41,11.56,,G0,6310.0,1.43,1.15,107.898
HD 152843 c,HD 152843,1,2,Transit,2021.0,Transiting Exoplanet Survey Satellite (TESS),Published Confirmed,0,24.38,5.83,27.5,,G0,6310.0,1.43,1.15,107.898
HD 15337 b,HD 15337,1,2,Transit,2019.0,Transiting Exoplanet Survey Satellite (TESS),Published Confirmed,0,4.75615,1.64,7.51,1001.0,K1 V,5125.0,0.856,0.9,44.8155
HD 15337 c,HD 15337,1,2,Transit,2019.0,Transiting Exoplanet Survey Satellite (TESS),Published Confirmed,0,17.1784,2.39,8.11,642.0,K1 V,5125.0,0.856,0.9,44.8155
HD 153557 b,HD 153557,1,3,Radial Velocity,2022.0,Multiple Observatories,Published Confirmed,0,7.29903,,20.34101805,,,,,0.79,17.9412
HD 153557 c,HD 153557,1,3,Radial Velocity,2022.0,Multiple Observatories,Published Confirmed,0,15.27018,,17.48056238,,,,,0.79,17.9412
HD 153557 d,HD 153557,1,3,Radial Velocity,2022.0,Multiple Observatories,Published Confirmed,0,40654.64809,,8725.66108578,,,,,0.79,17.9412
HD 153950 b,HD 153950,1,1,Radial Velocity,2008.0,La Silla Observatory,Published Confirmed,0,499.4,,867.639,,,6076.0,1.34,1.12,48.4549
HD 154088 b,HD 154088,1,1,Radial Velocity,2021.0,La Silla Observatory,Published Confirmed,0,18.56,,6.6,,K0 IV-V,5374.0,,0.91,18.2692
HD 154345 b,HD 154345,1,1,Radial Velocity,2006.0,W. M. Keck Observatory,Published Confirmed,0,3341.55884,,260.6206,,,5468.0,0.85,0.71,18.284
HD 154391 b,HD 154391,1,1,Radial Velocity,2023.0,Multiple Observatories,Published Confirmed,0,5163.0,,2892.2385037,,K1 III,4909.0,8.56,2.07,100.947
HD 154672 b,HD 154672,1,1,Radial Velocity,2008.0,Las Campanas Observatory,Published Confirmed,0,163.967,,1503.3359,,G3 IV,5655.0,1.44,1.08,63.0484
HD 154857 b,HD 154857,1,2,Radial Velocity,2004.0,Anglo-Australian Telescope,Published Confirmed,0,408.6,,711.91,,G5 V,5605.0,1.76,1.718,63.4482
HD 154857 c,HD 154857,1,2,Radial Velocity,2014.0,Anglo-Australian Telescope,Published Confirmed,0,3452.0,,819.97,,G5 V,5605.0,1.76,1.718,63.4482
HD 155193 b,HD 155193,1,1,Radial Velocity,2021.0,Haute-Provence Observatory,Published Confirmed,0,352.65,,238.37130525,,F8 IV,6239.0,,1.221,57.7995
HD 155358 b,HD 155358,1,2,Radial Velocity,2007.0,McDonald Observatory,Published Confirmed,0,194.3,,270.0,,G0,5900.0,,0.92,43.6197
HD 155358 c,HD 155358,1,2,Radial Velocity,2007.0,McDonald Observatory,Published Confirmed,0,391.9,,261.0,,G0,5900.0,,0.92,43.6197
HD 155918 b,HD 155918,1,2,Radial Velocity,2022.0,Multiple Observatories,Published Confirmed,0,1.87567,,7.62788177,,,,,1.03,27.561
HD 155918 c,HD 155918,1,2,Radial Velocity,2022.0,Multiple Observatories,Published Confirmed,0,17202.19446,,1878.04805696,,,,,1.03,27.561
HD 156098 b,HD 156098,1,2,Radial Velocity,2022.0,Multiple Observatories,Published Confirmed,0,21.85849,,15.89142035,,,,,1.29,48.249
HD 156098 c,HD 156098,1,2,Radial Velocity,2022.0,Multiple Observatories,Published Confirmed,0,7841.5839,,1661.6069118,,,,,1.29,48.249
HD 156279 b,HD 156279,1,2,Radial Velocity,2011.0,Haute-Provence Observatory,Published Confirmed,0,133.4031,,3019.3698665,,,5458.24,0.966117,0.959814,36.1945
HD 156279 c,HD 156279,1,2,Radial Velocity,2018.0,W. M. Keck Observatory,Published Confirmed,0,4758.0,,3003.47844615,,,5458.24,0.966117,0.959814,36.1945
HD 156411 b,HD 156411,1,1,Radial Velocity,2009.0,La Silla Observatory,Published Confirmed,0,842.2,,235.18,,F8 IV/V,5900.0,2.16,1.25,56.8655
HD 156668 b,HD 156668,1,2,Radial Velocity,2010.0,W. M. Keck Observatory,Published Confirmed,0,4.64275,,5.02168883,,,4903.69,0.774528,0.785167,24.3323
HD 156668 c,HD 156668,1,2,Radial Velocity,2021.0,Multiple Observatories,Published Confirmed,0,811.3,,31.49679513,,,4903.69,0.774528,0.785167,24.3323
HD 156846 b,HD 156846,2,1,Radial Velocity,2007.0,La Silla Observatory,Published Confirmed,0,359.51001,,3391.2461,,,6090.0,1.9,1.38,47.7332
HD 158038 b,HD 158038,1,1,Radial Velocity,2011.0,W. M. Keck Observatory,Published Confirmed,0,521.0,,486.2799,,,4860.0,4.5,1.3,94.8625
HD 158259 b,HD 158259,1,5,Radial Velocity,2020.0,Haute-Provence Observatory,Published Confirmed,0,2.178,,2.22,,G0,,1.21,1.08,27.0498
HD 158259 c,HD 158259,1,5,Radial Velocity,2020.0,Haute-Provence Observatory,Published Confirmed,0,3.432,,5.6,,G0,,1.21,1.08,27.0498
HD 158259 d,HD 158259,1,5,Radial Velocity,2020.0,Haute-Provence Observatory,Published Confirmed,0,5.1980814,,5.41,,G0,,1.21,1.08,27.0498
HD 158259 e,HD 158259,1,5,Radial Velocity,2020.0,Haute-Provence Observatory,Published Confirmed,0,7.951,,6.08,,G0,,1.21,1.08,27.0498
HD 158259 f,HD 158259,1,5,Radial Velocity,2020.0,Haute-Provence Observatory,Published Confirmed,0,12.028,,6.14,,G0,,1.21,1.08,27.0498
HD 158996 b,HD 158996,1,1,Radial Velocity,2018.0,Bohyunsan Optical Astronomical Observatory,Published Confirmed,0,820.2,,4449.62,,K5 III,4069.0,50.3,1.8,283.659
HD 15906 b,HD 15906,1,2,Transit,2023.0,Transiting Exoplanet Survey Satellite (TESS),Published Confirmed,0,10.924709,2.24,,668.0,K V,4757.0,0.762,0.79,45.5621
HD 15906 c,HD 15906,1,2,Transit,2023.0,Transiting Exoplanet Survey Satellite (TESS),Published Confirmed,0,21.583298,2.93,,532.0,K V,4757.0,0.762,0.79,45.5621
HD 159243 b,HD 159243,1,2,Radial Velocity,2013.0,Haute-Provence Observatory,Published Confirmed,0,12.62,,359.13,,G0 V,6123.0,1.12,1.125,73.3055
HD 159243 c,HD 159243,1,2,Radial Velocity,2013.0,Haute-Provence Observatory,Published Confirmed,0,248.4,,603.9,,G0 V,6123.0,1.12,1.125,73.3055
HD 159868 b,HD 159868,1,2,Radial Velocity,2006.0,Anglo-Australian Telescope,Published Confirmed,0,1178.4,,667.41,,G5 V,5558.0,,1.087,55.8503
HD 159868 c,HD 159868,1,2,Radial Velocity,2012.0,Anglo-Australian Telescope,Published Confirmed,0,351.0,,244.09344,,,5534.0,2.13,1.19,55.8503
HD 1605 b,HD 1605,1,2,Radial Velocity,2015.0,Multiple Observatories,Published Confirmed,0,577.2,,296.85322,,K1 IV,4915.0,3.49,1.33,88.8047
HD 1605 c,HD 1605,1,2,Radial Velocity,2015.0,Multiple Observatories,Published Confirmed,0,2149.0,,1150.5446,,K1 IV,4915.0,3.49,1.33,88.8047
HD 160691 b,HD 160691,1,4,Radial Velocity,2000.0,Anglo-Australian Telescope,Published Confirmed,0,645.0,,1366.6621501,,G3 IV-V,5773.0,1.33,1.13,15.5981
HD 160691 c,HD 160691,1,4,Radial Velocity,2004.0,Anglo-Australian Telescope,Published Confirmed,0,3947.0,,1398.4449908,,G3 IV-V,5773.0,1.33,1.13,15.5981
HD 160691 d,HD 160691,1,4,Radial Velocity,2004.0,La Silla Observatory,Published Confirmed,0,9.55,,14.0,900.0,,5813.0,,1.1,15.5981
HD 160691 e,HD 160691,1,4,Radial Velocity,2006.0,La Silla Observatory,Published Confirmed,0,307.9,,2224.798849,,G3 IV-V,5773.0,1.33,1.13,15.5981
HD 161178 b,HD 161178,1,1,Radial Velocity,2021.0,Okayama Astrophysical Observatory,Published Confirmed,0,279.3,,181.16219199,,G9 III,4786.0,10.95,1.06,107.188
HD 16141 b,HD 16141,2,1,Radial Velocity,2000.0,W. M. Keck Observatory,Published Confirmed,0,75.455,,79.45710175,,,5771.02,1.54858,1.101155,37.7861
HD 16175 b,HD 16175,1,1,Radial Velocity,2009.0,Lick Observatory,Published Confirmed,0,995.4,,1516.0491,,G0,6022.0,,1.34,59.859
HD 162020 b,HD 162020,1,1,Radial Velocity,2002.0,La Silla Observatory,Published Confirmed,0,8.428198,,4580.0,650.0,K3 V,4830.0,,0.75,30.8248
HD 163607 b,HD 163607,1,2,Radial Velocity,2010.0,W. M. Keck Observatory,Published Confirmed,0,75.29,,244.72,,G5 IV,5543.0,1.63,1.09,67.7855
HD 163607 c,HD 163607,1,2,Radial Velocity,2010.0,W. M. Keck Observatory,Published Confirmed,0,1314.0,,727.8,,G5 IV,5543.0,1.63,1.09,67.7855
HD 16417 b,HD 16417,2,1,Radial Velocity,2008.0,Anglo-Australian Telescope,Published Confirmed,0,17.24,,22.1,,G1 V,,,1.2,25.3936
HD 164509 b,HD 164509,2,1,Radial Velocity,2010.0,W. M. Keck Observatory,Published Confirmed,0,280.17,,140.79869,,G5,5859.0,1.11,1.12,53.1119
HD 164595 b,HD 164595,2,1,Radial Velocity,2015.0,Haute-Provence Observatory,Published Confirmed,0,40.0,,16.14,,G2 V,5790.0,,0.99,28.254
HD 164604 b,HD 164604,1,2,Radial Velocity,2009.0,Las Campanas Observatory,Published Confirmed,0,653.9,,4195.3349724,,K3.5 V,4663.0,0.78,0.77,39.3633
HD 164604 c,HD 164604,1,2,Radial Velocity,2026.0,Las Campanas Observatory,Published Confirmed,0,5387.0,,2415.4958932,,K3.5 V,4663.0,0.78,0.77,39.3633
HD 164922 b,HD 164922,1,4,Radial Velocity,2005.0,W. M. Keck Observatory,Published Confirmed,0,1201.1,,107.6,159.4,G9 V,5293.0,0.999,0.874,22.0016
HD 164922 c,HD 164922,1,4,Radial Velocity,2016.0,Multiple Observatories,Published Confirmed,0,75.765,,12.9,400.5,G9 V,5293.0,0.999,0.874,22.0016
HD 164922 d,HD 164922,1,4,Radial Velocity,2020.0,Roque de los Muchachos Observatory,Published Confirmed,0,12.458,,4.0,,,5390.0,0.946,0.926,22.0016
HD 164922 e,HD 164922,1,4,Radial Velocity,2021.0,Multiple Observatories,Published Confirmed,0,41.763,,10.52012027,,,5393.43,1.001813,0.921146,22.0016
HD 165131 b,HD 165131,1,1,Radial Velocity,2023.0,Multiple Facilities,Published Confirmed,0,2342.6,,5943.3912109,,G3/5 V,5870.0,,1.06,57.4263
HD 165155 b,HD 165155,1,1,Radial Velocity,2016.0,Multiple Observatories,Published Confirmed,0,434.5,,918.5287,,G8 V,5426.0,0.95,1.02,63.3574
HD 1666 b,HD 1666,1,1,Radial Velocity,2015.0,Multiple Observatories,Published Confirmed,0,270.0,,2040.0,,F7 V,6317.0,1.93,1.5,117.908
HD 166724 b,HD 166724,1,1,Radial Velocity,2012.0,La Silla Observatory,Published Confirmed,0,4750.0,,1207.7479466,,K0 IV/V,5127.0,,0.81,45.1342
HD 167042 b,HD 167042,1,1,Radial Velocity,2007.0,Lick Observatory,Published Confirmed,0,417.67,,444.00628458,,K1 IV,4919.0,4.63,1.39,49.6633
HD 167677 b,HD 167677,1,1,Radial Velocity,2023.0,Multiple Facilities,Published Confirmed,0,1820.0,,905.81095995,,G5 V,5474.0,,0.96,54.3258
HD 167768 b,HD 167768,1,1,Radial Velocity,2022.0,Okayama Astrophysical Observatory,Published Confirmed,0,20.6532,,270.15414595,,G8 III,4851.0,9.7,1.08,107.214
HD 168009 b,HD 168009,1,1,Radial Velocity,2021.0,Multiple Observatories,Published Confirmed,0,15.1479,,9.53485221,,,5778.33,1.209505,0.986073,23.3032
HD 168443 b,HD 168443,1,2,Radial Velocity,1998.0,W. M. Keck Observatory,Published Confirmed,0,58.11247,,2434.157,,G5,5491.0,1.51,0.995,39.6245
HD 168443 c,HD 168443,1,2,Radial Velocity,2000.0,W. M. Keck Observatory,Published Confirmed,0,1749.83,,5464.221,,G5,5491.0,1.51,0.995,39.6245
HD 168746 b,HD 168746,1,1,Radial Velocity,2002.0,La Silla Observatory,Published Confirmed,0,6.403,,73.1009,900.0,G5,5610.0,,0.88,41.5681
HD 168863 b,HD 168863,1,1,Radial Velocity,2022.0,Multiple Observatories,Published Confirmed,0,10000.0,,2415.4958932,,,,,0.826,39.8979
HD 1690 b,HD 1690,1,1,Radial Velocity,2010.0,La Silla Observatory,Published Confirmed,0,533.0,,1938.68,,K1 III,4393.0,16.7,1.09,752.615
HD 16905 b,HD 16905,1,1,Radial Velocity,2022.0,Multiple Observatories,Published Confirmed,0,10256.0,,3591.4609991,,K3 V,,,0.85,39.7401
HD 169142 b,HD 169142,1,1,Imaging,2023.0,Paranal Observatory,Published Confirmed,0,,,953.485221,,,,,1.85,113.6
HD 169830 b,HD 169830,1,2,Radial Velocity,2000.0,La Silla Observatory,Published Confirmed,0,229.9,,934.4202,345.0,F8 V,6300.0,1.2,1.4,37.6048
HD 169830 c,HD 169830,1,2,Radial Velocity,2003.0,La Silla Observatory,Published Confirmed,0,2102.0,,1283.98,,F8 V,6299.0,,1.4,37.6048
HD 170469 b,HD 170469,2,1,Radial Velocity,2007.0,W. M. Keck Observatory,Published Confirmed,0,1145.0,,212.94,,G5 IV,5810.0,1.22,1.14,60.178
HD 17092 b,HD 17092,1,1,Radial Velocity,2007.0,McDonald Observatory,Published Confirmed,0,359.9,,1462.0,,K0 III,4650.0,,2.3,228.422
HD 171028 b,HD 171028,1,1,Radial Velocity,2007.0,La Silla Observatory,Published Confirmed,0,550.0,,832.7146,,,5671.0,2.47,1.53,111.659
HD 171238 b,HD 171238,1,1,Radial Velocity,2009.0,La Silla Observatory,Published Confirmed,0,1532.0,,864.4976,,G8 V,5440.0,1.01,0.96,44.8113
HD 17156 b,HD 17156,1,1,Radial Velocity,2007.0,Subaru Telescope,Published Confirmed,0,21.2164294,12.26262489,1036.12060682,888.0,,6046.0,1.517,1.285,78.0863
HD 173416 b,HD 173416,1,1,Radial Velocity,2008.0,Xinglong Station,Published Confirmed,0,323.6,,858.1,,G8,4683.0,13.5,2.0,132.184
HD 174205 b,HD 174205,1,1,Radial Velocity,2022.0,Bohyunsan Optical Astronomical Observatory,Published Confirmed,0,582.0,,1334.8793094,,K2,4308.0,26.6,1.8,234.027
HD 175167 b,HD 175167,1,1,Radial Velocity,2009.0,Las Campanas Observatory,Published Confirmed,0,1289.0,,3114.7183886,,G5 IV/V,5635.0,,1.17,71.0863
HD 175541 b,HD 175541,1,1,Radial Velocity,2007.0,W. M. Keck Observatory,Published Confirmed,0,297.3,,193.87,,G8 IV,5060.0,3.8,1.65,129.603
HD 175607 b,HD 175607,1,1,Radial Velocity,2015.0,La Silla Observatory,Published Confirmed,0,29.01,,8.98,,G6 V,5392.0,0.7,0.71,40.3303
HD 17674 b,HD 17674,1,1,Radial Velocity,2017.0,Haute-Provence Observatory,Published Confirmed,0,623.8,,276.5121,,G0 V,5904.0,1.18,0.98,44.4264
HD 176986 b,HD 176986,1,3,Radial Velocity,2017.0,Multiple Observatories,Published Confirmed,0,6.49164,,5.36,767.0,K2.5 V,4931.0,0.782,0.789,27.7843
HD 176986 c,HD 176986,1,3,Radial Velocity,2017.0,Multiple Observatories,Published Confirmed,0,16.8124,,9.75,558.0,K2.5 V,4931.0,0.782,0.789,27.7843
HD 176986 d,HD 176986,1,3,Radial Velocity,2026.0,Multiple Observatories,Published Confirmed,0,61.376,,6.76,363.0,K2.5 V,4931.0,0.782,0.789,27.7843
HD 177565 b,HD 177565,1,1,Radial Velocity,2017.0,La Silla Observatory,Published Confirmed,0,44.505,,15.1,,,,,1.0,16.9179
HD 177830 b,HD 177830,2,2,Radial Velocity,1999.0,W. M. Keck Observatory,Published Confirmed,0,407.37,,428.43269264,,,4744.94,3.576443,1.319406,62.7674
HD 177830 c,HD 177830,2,2,Radial Velocity,2010.0,W. M. Keck Observatory,Published Confirmed,0,110.9,,47.6725,,,4949.0,2.62,1.47,62.7674
HD 178911 B b,HD 178911 B,3,1,Radial Velocity,2001.0,W. M. Keck Observatory,Published Confirmed,0,71.479,,2247.04683749,,,5576.1,1.031763,1.02556,40.9727
HD 179079 b,HD 179079,1,1,Radial Velocity,2008.0,W. M. Keck Observatory,Published Confirmed,0,14.476,,27.5,,G5 IV,5684.0,1.599,1.146,69.7116
HD 179949 b,HD 179949,1,1,Radial Velocity,2000.0,Anglo-Australian Telescope,Published Confirmed,0,3.092535,,307.34006957,,,6176.2,1.266865,1.220173,27.4573
HD 180053 b,HD 180053,1,1,Radial Velocity,2018.0,W. M. Keck Observatory,Published Confirmed,0,213.72,,697.31902,,,5131.0,4.06,1.75,137.043
HD 18015 b,HD 18015,1,1,Radial Velocity,2018.0,W. M. Keck Observatory,Published Confirmed,0,2278.0,,1010.6994,,,5603.0,3.13,1.49,123.801
HD 180314 b,HD 180314,1,1,Radial Velocity,2010.0,Subaru Telescope,Published Confirmed,0,396.03,,6992.26,,,4917.0,9.2,2.6,122.362
HD 180617 b,HD 180617,2,1,Radial Velocity,2018.0,Calar Alto Observatory,Published Confirmed,0,105.9,,12.2,,M2.5 V,3557.0,0.453,0.45,5.91059
HD 180902 b,HD 180902,2,1,Radial Velocity,2009.0,W. M. Keck Observatory,Published Confirmed,0,510.9,,535.54355,,,4961.0,4.16,1.41,104.577
HD 181234 b,HD 181234,1,1,Radial Velocity,2019.0,La Silla Observatory,Published Confirmed,0,7462.0575,,2660.2371,,G5,5386.0,1.05,1.01,47.7458
HD 181342 b,HD 181342,1,1,Radial Velocity,2009.0,W. M. Keck Observatory,Published Confirmed,0,562.1,,921.707,,K0 III,5040.0,5.12,1.89,120.391
HD 18143 b,HD 18143,1,2,Radial Velocity,2022.0,Multiple Observatories,Published Confirmed,0,10.2851,,10.80616584,,,,,0.85,22.5243
HD 18143 c,HD 18143,1,2,Radial Velocity,2022.0,Multiple Observatories,Published Confirmed,0,28982.41764,,3177.64841319,,,,,0.85,22.5243
HD 181433 b,HD 181433,1,3,Radial Velocity,2008.0,La Silla Observatory,Published Confirmed,0,9.3743,,7.5,,K3 IV,4962.0,,0.78,26.8762
HD 181433 c,HD 181433,1,3,Radial Velocity,2008.0,La Silla Observatory,Published Confirmed,0,962.0,,203.0,,K3 IV,4962.0,,0.78,26.8762
HD 181433 d,HD 181433,1,3,Radial Velocity,2008.0,La Silla Observatory,Published Confirmed,0,2172.0,,171.0,,K3 IV,4962.0,,0.78,26.8762
HD 181720 b,HD 181720,1,1,Radial Velocity,2009.0,La Silla Observatory,Published Confirmed,0,956.0,,117.59,,G1 V,5781.0,1.39,0.92,60.2046
HD 183263 b,HD 183263,1,2,Radial Velocity,2004.0,W. M. Keck Observatory,Published Confirmed,0,625.1,,1155.263,,,5867.0,1.29106,1.06,54.1955
HD 183263 c,HD 183263,1,2,Radial Velocity,2008.0,W. M. Keck Observatory,Published Confirmed,0,5010.0,,2529.91411972,,,5875.99,1.293337,1.170583,54.1955
HD 183579 b,HD 183579,1,1,Transit,2021.0,Transiting Exoplanet Survey Satellite (TESS),Published Confirmed,0,17.471275,3.53,11.2,748.0,G2 V,5706.0,0.974,1.034,57.2651
HD 184010 b,HD 184010,1,3,Radial Velocity,2022.0,Okayama Astrophysical Observatory,Published Confirmed,0,286.6,,98.52680617,,K0 III-IV,4971.0,4.86,1.35,60.7993
HD 184010 c,HD 184010,1,3,Radial Velocity,2022.0,Okayama Astrophysical Observatory,Published Confirmed,0,484.3,,95.3485221,,K0 III-IV,4971.0,4.86,1.35,60.7993
HD 184010 d,HD 184010,1,3,Radial Velocity,2022.0,Okayama Astrophysical Observatory,Published Confirmed,0,836.4,,143.02278315,,K0 III-IV,4971.0,4.86,1.35,60.7993
HD 18438 b,HD 18438,1,1,Radial Velocity,2023.0,Bohyunsan Optical Astronomical Observatory,Published Confirmed,0,803.0,,6674.396547,,M2.5 III,3860.0,88.475,1.84,224.146
HD 185269 b,HD 185269,3,1,Radial Velocity,2006.0,Lick Observatory,Published Confirmed,0,6.838,,298.75,,G0 IV,5980.0,1.88,1.28,51.9917
HD 185283 b,HD 185283,1,1,Radial Velocity,2023.0,La Silla Observatory,Published Confirmed,0,4060.0,,413.1769291,,K3 V,,,0.8,31.395
HD 18599 b,HD 18599,2,1,Transit,2022.0,Transiting Exoplanet Survey Satellite (TESS),Published Confirmed,0,4.1374354,2.6,24.1,,K2 V,5145.0,0.767,0.863,38.5653
HD 187085 b,HD 187085,1,1,Radial Velocity,2006.0,Anglo-Australian Telescope,Published Confirmed,0,986.0,,238.36,,G0 V,6075.0,,1.22,45.8993
HD 187123 b,HD 187123,1,2,Radial Velocity,1998.0,W. M. Keck Observatory,Published Confirmed,0,3.0965828,,166.218,,,5790.0,1.15043,1.04,45.9548
HD 187123 c,HD 187123,1,2,Radial Velocity,2008.0,W. M. Keck Observatory,Published Confirmed,0,3324.0,,577.791,,,5790.0,1.15043,1.04,45.9548
HD 18742 b,HD 18742,1,1,Radial Velocity,2011.0,W. M. Keck Observatory,Published Confirmed,0,772.0,,858.1,,,5048.0,4.9,1.6,162.685
HD 188015 b,HD 188015,2,1,Radial Velocity,2004.0,W. M. Keck Observatory,Published Confirmed,0,462.59,,462.12250378,,,5649.5,1.125296,1.042676,50.6706
HD 188641 b,HD 188641,1,1,Radial Velocity,2022.0,Multiple Observatories,Published Confirmed,0,14583.81038,,9333.03117155,,,,,1.07,64.3399
HD 189567 b,HD 189567,1,2,Radial Velocity,2021.0,La Silla Observatory,Published Confirmed,0,14.288,,8.5,,G3 V,5726.0,,0.83,17.9055
HD 189567 c,HD 189567,1,2,Radial Velocity,2021.0,La Silla Observatory,Published Confirmed,0,33.688,,7.0,,G3 V,5726.0,,0.83,17.9055
HD 189733 b,HD 189733,2,1,Radial Velocity,2005.0,Haute-Provence Observatory,Published Confirmed,0,2.218577,12.542871,370.58978,1209.0,,5050.0,0.765,0.812,19.7638
HD 190007 b,HD 190007,1,1,Radial Velocity,2020.0,Multiple Observatories,Published Confirmed,0,11.72,,16.46,,,4610.0,0.79,0.77,12.7141
HD 190228 b,HD 190228,1,1,Radial Velocity,2022.0,Multiple Observatories,Published Confirmed,0,1146.6,,1938.7532827,,G5 IV,5360.0,,1.22,62.7146
HD 190360 b,HD 190360,2,2,Radial Velocity,2003.0,Haute-Provence Observatory,Published Confirmed,0,3902.0,,422.7,,G6 IV,5590.0,1.13,0.96,16.0069
HD 190360 c,HD 190360,2,2,Radial Velocity,2005.0,W. M. Keck Observatory,Published Confirmed,0,17.11704,,21.45341747,,,5537.68,1.165616,0.986343,16.0069
HD 190647 b,HD 190647,1,1,Radial Velocity,2007.0,La Silla Observatory,Published Confirmed,0,1038.09998,,616.5902,,,5640.0,1.45,1.14,54.4738
HD 190984 b,HD 190984,1,1,Radial Velocity,2009.0,La Silla Observatory,Published Confirmed,0,4885.0,,985.2,,F8 V,5988.0,1.53,0.91,148.187
HD 191806 b,HD 191806,1,1,Radial Velocity,2016.0,Haute-Provence Observatory,Published Confirmed,0,1604.0,,3219.60176291,,K0,6010.0,,1.14,65.6668
HD 191939 b,HD 191939,1,6,Transit,2020.0,Transiting Exoplanet Survey Satellite (TESS),Published Confirmed,0,8.88029,3.39,10.4,893.0,G9 V,5348.0,0.94,0.81,53.6089
HD 191939 c,HD 191939,1,6,Transit,2020.0,Transiting Exoplanet Survey Satellite (TESS),Published Confirmed,0,28.5805,3.08,7.2,605.0,G9 V,5348.0,0.94,0.81,53.6089
HD 191939 d,HD 191939,1,6,Transit,2020.0,Transiting Exoplanet Survey Satellite (TESS),Published Confirmed,0,38.353037,2.995,2.8,540.0,G9 V,5348.0,0.94,0.81,53.6089
HD 191939 e,HD 191939,1,6,Radial Velocity,2022.0,W. M. Keck Observatory,Published Confirmed,0,101.12,,112.2,390.0,G9 V,5348.0,0.94,0.81,53.6089
HD 191939 f,HD 191939,1,6,Radial Velocity,2022.0,W. M. Keck Observatory,Published Confirmed,0,2200.0,,660.0,125.0,G9 V,5348.0,0.94,0.81,53.6089
HD 191939 g,HD 191939,1,6,Radial Velocity,2022.0,Multiple Observatories,Published Confirmed,0,284.0,,13.5,278.0,G9 V,5348.0,0.94,0.81,53.6089
HD 192263 b,HD 192263,1,1,Radial Velocity,1999.0,La Silla Observatory,Published Confirmed,0,24.3587,,232.96,,,4996.0,0.73,0.807,19.6359
HD 192310 b,HD 192310,1,2,Radial Velocity,2011.0,La Silla Observatory,Published Confirmed,0,74.72,,16.9,355.0,,5166.0,,0.8,8.79687
HD 192310 c,HD 192310,1,2,Radial Velocity,2011.0,La Silla Observatory,Published Confirmed,0,525.8,,24.0,185.0,,5166.0,,0.8,8.79687
HD 192699 b,HD 192699,1,1,Radial Velocity,2007.0,Lick Observatory,Published Confirmed,0,351.5,,794.5,,G8 IV,5220.0,3.9,1.68,71.8627
HD 194490 b,HD 194490,1,1,Radial Velocity,2022.0,Multiple Observatories,Published Confirmed,0,13092.18348,,3561.90295725,,,,,1.06,80.2349
HD 195019 b,HD 195019,2,1,Radial Velocity,1998.0,Lick Observatory,Published Confirmed,0,18.27,,1115.54,,G3 V/IV,5600.0,,0.98,37.6681
HD 196050 b,HD 196050,3,1,Radial Velocity,2002.0,Anglo-Australian Telescope,Published Confirmed,0,1300.0,,889.924,,G4 V,5590.0,,1.13,50.6742
HD 196067 b,HD 196067,2,2,Radial Velocity,2012.0,La Silla Observatory,Published Confirmed,0,3638.0,,2192.9,,G1 V,6017.0,1.73,1.29,39.9346
HD 196067 c,HD 196067,2,2,Radial Velocity,2025.0,La Silla Observatory,Published Confirmed,0,4.601088,,10.4,,G0 V,6072.0,1.71,1.16,39.9346
HD 19615 b,HD 19615,1,1,Radial Velocity,2022.0,Bohyunsan Optical Astronomical Observatory,Published Confirmed,0,402.0,,2701.5414595,,K0,4263.0,32.3,1.1,265.155
HD 196885 A b,HD 196885 A,2,1,Radial Velocity,2007.0,Haute-Provence Observatory,Published Confirmed,0,1346.85,,940.74,,F8 V,6340.0,,1.33,34.1692
HD 197037 b,HD 197037,2,1,Radial Velocity,2012.0,McDonald Observatory,Published Confirmed,0,1035.7,,251.0,,F7 V,6150.0,,1.11,33.1944
HD 199509 b,HD 199509,1,1,Radial Velocity,2022.0,Multiple Observatories,Published Confirmed,0,99.62167,,43.22466335,,,,,1.04,24.3056
HD 19994 b,HD 19994,3,1,Radial Velocity,2003.0,La Silla Observatory,Published Confirmed,0,466.2,,435.41,,F8 V,6188.0,,1.365,22.5242
HD 20003 b,HD 20003,1,2,Radial Velocity,2019.0,La Silla Observatory,Published Confirmed,0,11.8482,,11.66,,G8 V,5494.0,,0.875,41.8316
HD 20003 c,HD 20003,1,2,Radial Velocity,2019.0,La Silla Observatory,Published Confirmed,0,33.9239,,14.44,,G8 V,5494.0,,0.875,41.8316
HD 200964 b,HD 200964,1,2,Radial Velocity,2010.0,Lick Observatory,Published Confirmed,0,613.79999,,721.4741,,,5079.0,4.69,1.97,72.5922
HD 200964 c,HD 200964,1,2,Radial Velocity,2010.0,Lick Observatory,Published Confirmed,0,852.5,,385.84562,,,4982.0,4.92,1.39,72.5922
HD 202206 c,HD 202206,2,1,Radial Velocity,2004.0,La Silla Observatory,Published Confirmed,0,1260.0,,5689.157,,G6 V,5766.0,1.04,1.07,45.9665
HD 202696 b,HD 202696,1,2,Radial Velocity,2019.0,W. M. Keck Observatory,Published Confirmed,0,517.8,,634.38868,,K0 III-IV,5040.0,6.43,1.91,188.546
HD 202696 c,HD 202696,1,2,Radial Velocity,2019.0,W. M. Keck Observatory,Published Confirmed,0,946.6,,592.43512,,K0 III-IV,5040.0,6.43,1.91,188.546
HD 202772 A b,HD 202772 A,2,1,Transit,2019.0,Transiting Exoplanet Survey Satellite (TESS),Published Confirmed,0,3.3088775,18.2370116,323.54931833,2181.0,,6442.0,2.554,1.721,161.498
HD 203030 b,HD 203030,1,1,Imaging,2006.0,Palomar Observatory,Published Confirmed,0,,14.4595851,3496.112477,1040.0,G8 V,,,,39.2503
HD 20329 b,HD 20329,1,1,Transit,2022.0,Transiting Exoplanet Survey Satellite (TESS),Published Confirmed,0,0.926118,1.72,7.42,2141.0,,5596.0,1.13,0.9,63.6796
HD 203387 b,HD 203387,1,2,Radial Velocity,2022.0,Multiple Observatories,Published Confirmed,0,512.5352,,1106.04285636,,,,,2.817,61.7477
HD 203387 c,HD 203387,1,2,Radial Velocity,2022.0,Multiple Observatories,Published Confirmed,0,2481.07227,,2378.9456264,,,,,2.817,61.7477
HD 2039 b,HD 2039,1,1,Radial Velocity,2002.0,Anglo-Australian Telescope,Published Confirmed,0,1120.0,,1999.1507,,,5945.0,1.19,1.23,85.6922
HD 204313 b,HD 204313,1,3,Radial Velocity,2010.0,La Silla Observatory,Published Confirmed,0,1931.0,,1287.16,,G5 V,5767.0,,1.045,47.7945
HD 204313 c,HD 204313,1,3,Radial Velocity,2015.0,La Silla Observatory,Published Confirmed,0,34.905,,17.6,,G5 V,5776.0,,1.02,47.7945
HD 204313 e,HD 204313,1,3,Radial Velocity,2022.0,Multiple Observatories,Published Confirmed,0,27000.0,,6324.7852993,,G5 V,5767.0,,1.045,47.7945
HD 204941 b,HD 204941,2,1,Radial Velocity,2011.0,La Silla Observatory,Published Confirmed,0,1733.0,,73.1009,,,5026.0,0.78,0.58,28.7165
HD 205158 b,HD 205158,1,1,Radial Velocity,2022.0,Multiple Observatories,Published Confirmed,0,25.33798,,124.58873554,,,,,1.16,86.6159
HD 205739 b,HD 205739,1,1,Radial Velocity,2008.0,Las Campanas Observatory,Published Confirmed,0,279.8,,435.41,,,6176.0,1.33,1.22,92.5087
HD 206255 b,HD 206255,1,1,Radial Velocity,2019.0,Las Campanas Observatory,Published Confirmed,0,96.045,,34.2,,G5 IV/V,5635.0,,1.42,75.2363
HD 206610 b,HD 206610,1,1,Radial Velocity,2009.0,W. M. Keck Observatory,Published Confirmed,0,610.0,,699.197,,,4874.0,6.1,1.56,147.192
HD 206893 b,HD 206893,1,2,Imaging,2021.0,Gemini Observatory,Published Confirmed,0,9350.0,14.01122587,8899.195396,1429.2,F5 V,,,1.32,40.7583
HD 206893 c,HD 206893,1,2,Imaging,2022.0,European Southern Observatory,Published Confirmed,0,2090.0,16.36511182,4036.4207689,1181.9,F5 V,,,1.32,40.7583
HD 207496 b,HD 207496,1,1,Transit,2023.0,Transiting Exoplanet Survey Satellite (TESS),Published Confirmed,0,6.441008,2.25,6.1,743.0,K2.5 V,4819.0,0.769,0.8,23.606
HD 20781 b,HD 20781,2,5,Radial Velocity,2019.0,La Silla Observatory,Published Confirmed,0,5.3135,,1.93,,K0 V,5256.0,,0.7,35.9715
HD 20781 c,HD 20781,2,5,Radial Velocity,2019.0,La Silla Observatory,Published Confirmed,0,13.8905,,5.33,,K0 V,5256.0,,0.7,35.9715
HD 20781 d,HD 20781,2,5,Radial Velocity,2019.0,La Silla Observatory,Published Confirmed,0,29.158,,10.61,,K0 V,5256.0,,0.7,35.9715
HD 20781 e,HD 20781,2,5,Radial Velocity,2019.0,La Silla Observatory,Published Confirmed,0,85.5073,,14.03,,K0 V,5256.0,,0.7,35.9715
HD 20782 b,HD 20782,2,5,Radial Velocity,2006.0,Anglo-Australian Telescope,Published Confirmed,0,597.065,,454.4969,,,5798.0,1.09,1.02,35.9864
HD 207832 b,HD 207832,3,2,Radial Velocity,2012.0,W. M. Keck Observatory,Published Confirmed,0,160.07,,177.9848,,G5 V,5726.0,0.89,1.05,58.9291
HD 207832 c,HD 207832,3,2,Radial Velocity,2012.0,W. M. Keck Observatory,Published Confirmed,0,1155.7,,232.0159,,,5710.0,0.901,0.94,58.9291
HD 207897 b,HD 207897,1,1,Transit,2021.0,Transiting Exoplanet Survey Satellite (TESS),Published Confirmed,0,16.202159,2.501,14.4,632.2,K0 V,5070.0,0.779,0.8,28.2938
HD 20794 b,HD 20794,1,4,Radial Velocity,2011.0,La Silla Observatory,Published Confirmed,0,18.314,,2.15,,G6 V,5368.0,0.93,0.79,6.00278
HD 20794 d,HD 20794,1,4,Radial Velocity,2011.0,La Silla Observatory,Published Confirmed,0,90.309,,4.8,388.0,G8 V,5401.0,,0.7,6.00278
HD 20794 e,HD 20794,1,4,Radial Velocity,2017.0,La Silla Observatory,Published Confirmed,1,147.02,,4.77,,G8,,,0.813,6.00278
HD 20794 f,HD 20794,1,4,Radial Velocity,2025.0,Multiple Observatories,Published Confirmed,0,647.6,,5.82,,G6 V,5368.0,0.93,0.79,6.00278
HD 208487 b,HD 208487,1,1,Radial Velocity,2004.0,Anglo-Australian Telescope,Published Confirmed,0,129.36,,146.20106722,,G2 V,6134.0,1.16,1.15,45.147
HD 208527 b,HD 208527,1,1,Radial Velocity,2012.0,Bohyunsan Optical Astronomical Observatory,Published Confirmed,0,875.5,,3146.4,,M1 III,4035.0,51.1,1.6,312.202
HD 20868 b,HD 20868,1,1,Radial Velocity,2008.0,La Silla Observatory,Published Confirmed,0,380.85,,632.46,,K3/4 IV,4795.0,0.79,0.78,47.7223
HD 208897 b,HD 208897,1,1,Radial Velocity,2017.0,Multiple Observatories,Published Confirmed,0,352.7,,444.962,,K0,4860.0,4.98,1.25,67.4872
HD 209458 b,HD 209458,1,1,Radial Velocity,1999.0,W. M. Keck Observatory,Published Confirmed,0,3.524746,15.233,217.704,1449.0,,6065.0,1.155,1.119,48.3016
HD 210193 b,HD 210193,1,1,Radial Velocity,2019.0,Las Campanas Observatory,Published Confirmed,0,649.918,,153.1,,G3 V,5790.0,,1.04,42.2029
HD 210277 b,HD 210277,1,1,Radial Velocity,1998.0,W. M. Keck Observatory,Published Confirmed,0,442.19,,410.0007,,,5538.0,1.07,1.01,21.2985
HD 210702 b,HD 210702,1,1,Radial Velocity,2007.0,Lick Observatory,Published Confirmed,0,355.5,,481.5100366,,K1 IV,4912.0,4.54,1.33,54.1963
HD 211403 b,HD 211403,1,1,Radial Velocity,2021.0,Haute-Provence Observatory,Published Confirmed,0,223.8,,1760.76937478,380.0,F7 V,6273.0,1.206,1.2,83.0919
HD 211810 b,HD 211810,1,1,Radial Velocity,2018.0,W. M. Keck Observatory,Published Confirmed,0,1558.0,,212.9461,,G5,5652.0,1.13,1.03,64.6353
HD 211970 b,HD 211970,1,1,Radial Velocity,2019.0,Las Campanas Observatory,Published Confirmed,0,25.201,,13.0,,K7 V,4127.0,,0.61,13.1277
HD 212301 b,HD 212301,2,1,Radial Velocity,2005.0,La Silla Observatory,Published Confirmed,0,2.24571,,162.0933,,,6239.0,1.16,1.55,54.2304
HD 212771 b,HD 212771,1,1,Radial Velocity,2009.0,W. M. Keck Observatory,Published Confirmed,0,380.7,,759.6137,,,5003.0,5.27,1.56,111.155
HD 213240 b,HD 213240,2,1,Radial Velocity,2001.0,La Silla Observatory,Published Confirmed,0,882.70001,,1773.4914,,,5979.0,1.51,1.57,40.8707
HD 213472 b,HD 213472,1,1,Radial Velocity,2021.0,Multiple Observatories,Published Confirmed,0,17000.0,,1112.3994245,,,5729.54,1.433902,1.048132,64.4527
HD 213519 b,HD 213519,1,1,Radial Velocity,2022.0,Multiple Observatories,Published Confirmed,0,11.12214,,9.2170238,,,,,1.05,41.0014
HD 213885 b,HD 213885,1,2,Transit,2019.0,Transiting Exoplanet Survey Satellite (TESS),Published Confirmed,0,1.008035,1.745,8.83,2128.0,G,5978.0,1.1011,1.068,48.0883
HD 213885 c,HD 213885,1,2,Radial Velocity,2019.0,Multiple Observatories,Published Confirmed,0,4.78503,,19.95,1265.4,G,5978.0,1.1011,1.068,48.0883
HD 21411 b,HD 21411,1,1,Radial Velocity,2019.0,Las Campanas Observatory,Published Confirmed,0,84.288,,65.9,,G8 V,5605.0,,0.89,29.1328
HD 214823 b,HD 214823,2,1,Radial Velocity,2016.0,Haute-Provence Observatory,Published Confirmed,0,1854.4,,6451.949,,G0,5933.0,2.04,1.31,101.368
HD 215152 b,HD 215152,1,4,Radial Velocity,2018.0,La Silla Observatory,Published Confirmed,0,5.75999,,1.819,,K3 V,4935.0,0.73,0.77,21.5974
HD 215152 c,HD 215152,1,4,Radial Velocity,2018.0,La Silla Observatory,Published Confirmed,0,7.28243,,1.72,,K3 V,4935.0,0.73,0.77,21.5974
HD 215152 d,HD 215152,1,4,Radial Velocity,2018.0,La Silla Observatory,Published Confirmed,0,10.86499,,2.801,,K3 V,4935.0,0.73,0.77,21.5974
HD 215152 e,HD 215152,1,4,Radial Velocity,2018.0,La Silla Observatory,Published Confirmed,0,25.1967,,2.877,,K3 V,4935.0,0.73,0.77,21.5974
HD 21520 b,HD 21520,1,1,Transit,2024.0,Transiting Exoplanet Survey Satellite (TESS),Published Confirmed,0,25.1292,2.697,17.7,637.0,,5871.0,1.044,1.09,79.208
HD 215497 b,HD 215497,1,2,Radial Velocity,2009.0,La Silla Observatory,Published Confirmed,0,3.93404,,6.6,,K3 V,5113.0,,0.872,40.5468
HD 215497 c,HD 215497,1,2,Radial Velocity,2009.0,La Silla Observatory,Published Confirmed,0,567.94,,104.3,,K3 V,5113.0,,0.872,40.5468
HD 216435 b,HD 216435,1,1,Radial Velocity,2002.0,Anglo-Australian Telescope,Published Confirmed,0,1391.0,,400.45,,,5943.0,,1.25,32.9834
HD 216437 b,HD 216437,1,1,Radial Velocity,2002.0,Anglo-Australian Telescope,Published Confirmed,0,1336.0,,1233.17421916,,G1 V,5909.0,,1.165,26.6902
HD 216520 b,HD 216520,1,2,Radial Velocity,2020.0,Multiple Observatories,Published Confirmed,0,35.45,,10.26,,,5103.0,0.76,0.82,19.552
HD 216520 c,HD 216520,1,2,Radial Velocity,2020.0,Multiple Observatories,Published Confirmed,0,154.43,,9.44,,,5103.0,0.76,0.82,19.552
HD 216536 b,HD 216536,1,1,Radial Velocity,2015.0,McDonald Observatory,Published Confirmed,0,148.6,,467.19,,K0,4639.0,12.5,1.36,376.233
HD 216770 b,HD 216770,1,1,Radial Velocity,2003.0,La Silla Observatory,Published Confirmed,0,118.45,,181.1631,,,5399.0,0.93,0.74,36.6625
HD 21693 b,HD 21693,1,2,Radial Velocity,2019.0,La Silla Observatory,Published Confirmed,0,22.6786,,8.23,,G8 V,5430.0,,0.8,33.255
HD 21693 c,HD 21693,1,2,Radial Velocity,2019.0,La Silla Observatory,Published Confirmed,0,53.7357,,17.37,,G8 V,5430.0,,0.8,33.255
HD 217107 b,HD 217107,1,2,Radial Velocity,1998.0,Lick Observatory,Published Confirmed,0,7.12689,,422.7,,G8 IV,5646.0,,1.02,20.0619
HD 217107 c,HD 217107,1,2,Radial Velocity,2005.0,Lick Observatory,Published Confirmed,0,5141.0,,1369.84043417,,,5606.83,1.17195,1.059631,20.0619
HD 21749 c,GJ 143,1,2,Transit,2019.0,Transiting Exoplanet Survey Satellite (TESS),Published Confirmed,0,7.78993,0.892,3.7,701.0,K4.5,4640.0,0.695,0.73,16.32
HD 217786 b,HD 217786,2,2,Radial Velocity,2011.0,La Silla Observatory,Published Confirmed,0,1319.0,,4131.62,,F8 V,5966.0,1.27,1.02,55.4847
HD 217786 c,HD 217786,2,2,Radial Velocity,2022.0,Multiple Observatories,Published Confirmed,0,2.52221,,7.31005336,,,,,1.14,55.4847
HD 217958 b,HD 217958,1,1,Radial Velocity,2022.0,Multiple Observatories,Published Confirmed,0,2560.19774,,166.54208527,,,,,1.08,61.7957
HD 218566 b,HD 218566,1,1,Radial Velocity,2010.0,W. M. Keck Observatory,Published Confirmed,0,225.7,,66.7415,,,4820.0,0.86,0.85,28.8274
HD 219077 b,HD 219077,1,1,Radial Velocity,2012.0,La Silla Observatory,Published Confirmed,0,5501.0,,3302.11,,G8 V,5362.0,1.91,1.05,29.1864
HD 219134 b,HD 219134,1,6,Radial Velocity,2015.0,Roque de los Muchachos Observatory,Published Confirmed,0,3.092926,1.602,4.74,1015.0,,4699.0,0.778,0.81,6.53127
HD 219134 c,HD 219134,1,6,Radial Velocity,2015.0,Roque de los Muchachos Observatory,Published Confirmed,0,6.76458,1.511,4.36,782.0,,4699.0,0.778,0.81,6.53127
HD 219134 d,HD 219134,1,6,Radial Velocity,2015.0,Roque de los Muchachos Observatory,Published Confirmed,0,46.859,1.61,16.17,410.5,,4699.0,0.778,0.81,6.53127
HD 219134 f,HD 219134,1,6,Radial Velocity,2015.0,Multiple Observatories,Published Confirmed,1,22.717,1.31,7.3,522.6,,4699.0,0.778,0.81,6.53127
HD 219134 g,HD 219134,1,6,Radial Velocity,2015.0,Multiple Observatories,Published Confirmed,1,94.2,,10.80622,,K3 V,4913.0,0.77,0.794,6.53127
HD 219134 h,HD 219134,1,6,Radial Velocity,2015.0,Roque de los Muchachos Observatory,Published Confirmed,0,2247.0,,108.0622,,K3 V,4913.0,0.77,0.794,6.53127
HD 219139 b,HD 219139,1,1,Radial Velocity,2021.0,Okayama Astrophysical Observatory,Published Confirmed,0,275.5,,247.90615746,,G5 III,4831.0,11.22,1.46,104.935
HD 219415 b,HD 219415,1,1,Radial Velocity,2012.0,McDonald Observatory,Published Confirmed,0,2093.3,,317.83,,K0 III,4820.0,2.9,1.0,165.184
HD 219666 b,HD 219666,1,1,Transit,2018.0,Transiting Exoplanet Survey Satellite (TESS),Published Confirmed,0,6.034468,4.898,17.6,1076.0,,5540.0,1.059,1.02,94.1719
HD 219828 b,HD 219828,1,2,Radial Velocity,2007.0,La Silla Observatory,Published Confirmed,0,3.834887,,21.0,,G0 IV,5891.0,1.69,1.23,73.114
HD 219828 c,HD 219828,1,2,Radial Velocity,2016.0,Multiple Facilities,Published Confirmed,0,4682.0,,4640.318,,G0 IV,5807.0,1.61,1.18,73.114
HD 220074 b,HD 220074,1,1,Radial Velocity,2012.0,Bohyunsan Optical Astronomical Observatory,Published Confirmed,0,672.1,,3527.8,,M2 III,3935.0,49.7,1.2,324.54
HD 220197 b,HD 220197,1,1,Radial Velocity,2018.0,Roque de los Muchachos Observatory,Published Confirmed,0,1728.0,,63.566,,,5683.0,0.98,0.91,64.411
HD 220689 b,HD 220689,1,1,Radial Velocity,2012.0,La Silla Observatory,Published Confirmed,0,2209.0,,336.89,,G3 V,5921.0,1.07,1.04,46.8778
HD 220773 b,HD 220773,1,1,Radial Velocity,2011.0,McDonald Observatory,Published Confirmed,0,3724.7,,460.8,,F9,5940.0,,1.16,50.5103
HD 220842 b,HD 220842,2,1,Radial Velocity,2016.0,Haute-Provence Observatory,Published Confirmed,0,218.47,,1010.6994,,F8,5960.0,,1.13,64.6498
HD 221287 b,HD 221287,1,1,Radial Velocity,2007.0,La Silla Observatory,Published Confirmed,0,456.1,,982.05,,,6304.0,,1.25,55.9231
HD 221416 b,HD 221416,1,1,Transit,2019.0,Transiting Exoplanet Survey Satellite (TESS),Published Confirmed,0,14.2767,9.17,60.5,,,5080.0,2.943,1.212,95.5483
HD 221420 b,HD 221420,1,1,Radial Velocity,2019.0,Anglo-Australian Telescope,Published Confirmed,0,10090.0,,7278.2705203,,G2 IV-V,5847.0,1.947,1.351,31.1415
HD 221585 b,HD 221585,1,1,Radial Velocity,2016.0,Haute-Provence Observatory,Published Confirmed,0,1173.0,,511.7063,,G8 IV,5620.0,,1.19,55.8535
HD 222076 b,HD 222076,1,1,Radial Velocity,2016.0,Multiple Observatories,Published Confirmed,0,871.0,,495.8148,,K0 III,4806.0,4.1,1.07,91.1538
HD 222155 b,HD 222155,1,1,Radial Velocity,2011.0,Haute-Provence Observatory,Published Confirmed,0,3999.0,,603.85,,G2 V,5765.0,1.67,1.13,50.6078
HD 222237 b,HD 222237,1,1,Radial Velocity,2024.0,Multiple Observatories,Published Confirmed,0,14892.0,,1649.52943233,,K3 V,4751.0,0.71,0.76,11.4469
HD 222582 b,HD 222582,2,1,Radial Velocity,1999.0,W. M. Keck Observatory,Published Confirmed,0,572.537,,2504.48784716,,,5746.66,1.145017,0.969129,42.1586
HD 224018 b,HD 224018,1,3,Radial Velocity,2025.0,Roque de los Muchachos Observatory,Published Confirmed,0,10.6413,0.91,4.1,968.0,G V,5784.0,1.147,1.013,105.48
HD 224018 c,HD 224018,1,3,Transit,2025.0,K2,Published Confirmed,0,36.57669,2.42,10.4,641.0,G V,5784.0,1.147,1.013,105.48
HD 224018 d,HD 224018,1,3,Transit,2025.0,K2,Published Confirmed,0,138.0731,2.4,4.2,411.0,G V,5784.0,1.147,1.013,105.48
HD 224538 b,HD 224538,1,1,Radial Velocity,2016.0,Multiple Observatories,Published Confirmed,0,1189.1,,1897.4451,,F9 IV/V,6097.0,1.54,1.34,79.0608
HD 224693 b,HD 224693,1,1,Radial Velocity,2006.0,W. M. Keck Observatory,Published Confirmed,0,26.6904,,222.481,,G2 V,5894.0,1.93,1.31,93.5015
HD 22496 b,HD 22496,1,1,Radial Velocity,2021.0,Paranal Observatory,Published Confirmed,0,5.09071,,5.57,573.0,,4385.0,0.674,0.684,13.5956
HD 22532 b,HD 22532,1,1,Radial Velocity,2022.0,La Silla Observatory,Published Confirmed,0,872.6,,673.79622284,,G8 III/IV,5038.0,5.69,1.57,161.183
HD 22781 b,HD 22781,1,1,Radial Velocity,2011.0,Haute-Provence Observatory,Published Confirmed,0,528.07,,4338.2,,K1,5027.0,,0.75,32.6034
HD 22946 d,HD 22946,1,3,Transit,2023.0,Transiting Exoplanet Survey Satellite (TESS),Published Confirmed,0,47.42489,2.607,26.57,546.0,,6169.0,1.117,1.098,62.7792
HD 23079 b,HD 23079,1,2,Radial Velocity,2001.0,Anglo-Australian Telescope,Published Confirmed,0,735.74,,845.42356262,,F9.5 V,5994.0,1.08,1.16,33.4591
HD 23079 c,HD 23079,1,2,Radial Velocity,2025.0,La Silla Observatory,Published Confirmed,0,5.748913,,8.26,,F9.5 V,5994.0,1.08,1.16,33.4591
HD 23127 b,HD 23127,1,1,Radial Velocity,2006.0,Anglo-Australian Telescope,Published Confirmed,0,1211.17,,485.32641,,,5843.0,1.49,1.208,93.8555
HD 231701 b,HD 231701,1,1,Radial Velocity,2007.0,W. M. Keck Observatory,Published Confirmed,0,141.63,,359.1479,,F8 V,6101.0,1.53,1.21,108.877
HD 233604 b,HD 233604,1,1,Radial Velocity,2013.0,McDonald Observatory,Published Confirmed,0,192.0,,2089.644,,K5,4791.0,10.9,1.5,847.058
HD 233832 b,HD 233832,2,1,Radial Velocity,2018.0,Roque de los Muchachos Observatory,Published Confirmed,0,4047.0,,864.4976,,,4971.74,0.738364,0.82,58.742
HD 23472 b,HD 23472,1,5,Transit,2019.0,Transiting Exoplanet Survey Satellite (TESS),Published Confirmed,0,17.667087,2.0,8.32,543.0,K4 V,4684.0,0.71,0.67,39.0341
HD 23472 c,HD 23472,1,5,Transit,2019.0,Transiting Exoplanet Survey Satellite (TESS),Published Confirmed,0,29.79749,1.87,3.41,467.0,K4 V,4684.0,0.71,0.67,39.0341
HD 23472 d,HD 23472,1,5,Transit,2022.0,Transiting Exoplanet Survey Satellite (TESS),Published Confirmed,0,3.97664,0.75,0.55,909.0,K4 V,4684.0,0.71,0.67,39.0341
HD 23472 e,HD 23472,1,5,Transit,2022.0,Transiting Exoplanet Survey Satellite (TESS),Published Confirmed,0,7.90754,0.818,0.72,723.0,K4 V,4684.0,0.71,0.67,39.0341
HD 23472 f,HD 23472,1,5,Transit,2022.0,Transiting Exoplanet Survey Satellite (TESS),Published Confirmed,0,12.1621839,1.137,0.77,630.0,K4 V,4684.0,0.71,0.67,39.0341
HD 235088 b,HD 235088,1,1,Transit,2023.0,Transiting Exoplanet Survey Satellite (TESS),Published Confirmed,0,7.4341393,2.045,,805.0,K2 V,5037.0,0.789,0.843,41.1706
HD 23596 b,HD 23596,2,1,Radial Velocity,2003.0,Haute-Provence Observatory,Published Confirmed,0,1561.0,,2870.0049,,,6040.0,1.53,1.47,52.0018
HD 238090 b,HD 238090,1,1,Radial Velocity,2020.0,Multiple Observatories,Published Confirmed,0,13.671,,6.89,469.6,M0.0 V,3933.0,0.57,0.578,15.2354
HD 238914 b,HD 238914,1,1,Radial Velocity,2018.0,Multiple Observatories,Published Confirmed,0,4100.0,,1906.98,,,4769.0,12.73,1.47,519.452
HD 240210 b,HD 240210,1,1,Radial Velocity,2009.0,McDonald Observatory,Published Confirmed,0,501.75,,1655.82,,K3 III,4297.0,,0.82,372.405
HD 240237 b,HD 240237,1,1,Radial Velocity,2011.0,McDonald Observatory,Published Confirmed,0,745.7,,1684.4,,K2 III,4361.0,32.0,1.69,933.377
HD 24040 b,HD 24040,1,2,Radial Velocity,2006.0,W. M. Keck Observatory,Published Confirmed,0,3490.0,,1303.05,,,5761.0,1.37879,1.03,46.6224
HD 24040 c,HD 24040,1,2,Radial Velocity,2021.0,Multiple Observatories,Published Confirmed,0,515.4,,63.88350981,,,5776.49,1.387296,1.10394,46.6224
HD 24064 b,HD 24064,1,1,Radial Velocity,2015.0,Bohyunsan Optical Astronomical Observatory,Published Confirmed,0,535.6,,2987.602,,K0,4052.5,38.0,1.0,300.247
HD 24085 b,HD 24085,1,1,Radial Velocity,2019.0,Las Campanas Observatory,Published Confirmed,0,2.0455,,11.8,,G0 V,6034.0,,1.22,54.9004
HD 25015 b,HD 25015,1,1,Radial Velocity,2019.0,La Silla Observatory,Published Confirmed,0,6019.32,,1423.8784,,K1 V,5160.0,0.83,0.86,37.433
HD 25171 b,HD 25171,2,1,Radial Velocity,2010.0,La Silla Observatory,Published Confirmed,0,1845.0,,301.926,,F8 V,6160.0,1.18,1.09,55.6146
HD 25463 b,HD 25463,1,2,Transit,2023.0,Transiting Exoplanet Survey Satellite (TESS),Published Confirmed,0,7.049144,2.62,8.5,1290.0,,6220.0,1.41,1.19,45.6181
HD 25463 c,HD 25463,1,2,Transit,2023.0,Transiting Exoplanet Survey Satellite (TESS),Published Confirmed,0,3.04405,1.36354953,4.3,1585.57,,6353.0,1.4182,1.251,45.6181
HD 25723 b,HD 25723,1,1,Radial Velocity,2020.0,Lick Observatory,Published Confirmed,0,457.01,,794.5710175,,K1 III,4766.0,13.76,2.12,114.816
HD 25912 b,HD 25912,1,2,Radial Velocity,2022.0,Multiple Observatories,Published Confirmed,0,41.83156,,38.13940884,,,,,1.08,49.1661
HD 25912 c,HD 25912,1,2,Radial Velocity,2022.0,Multiple Observatories,Published Confirmed,0,26308.65619,,5252.75008249,,,,,1.08,49.1661
HD 260655 b,HD 260655,1,2,Transit,2022.0,Transiting Exoplanet Survey Satellite (TESS),Published Confirmed,0,2.76953,1.24,2.14,709.0,M0 V,3803.0,0.439,0.439,10.0055
HD 260655 c,HD 260655,1,2,Transit,2022.0,Transiting Exoplanet Survey Satellite (TESS),Published Confirmed,0,5.70588,1.533,3.09,557.0,M0 V,3803.0,0.439,0.439,10.0055
HD 26161 b,HD 26161,1,1,Radial Velocity,2021.0,Multiple Observatories,Published Confirmed,0,32000.0,,4290.6834945,,,6057.62,1.455981,1.132916,40.9128
HD 2638 b,HD 2638,3,1,Radial Velocity,2005.0,La Silla Observatory,Published Confirmed,0,3.4442,,152.55,,G5,5192.0,,0.93,54.9621
HD 2685 b,HD 2685,1,1,Transit,2019.0,Transiting Exoplanet Survey Satellite (TESS),Published Confirmed,0,4.12688,16.14096,371.8611,2061.0,,6801.0,1.56,1.43,196.852
HD 27442 b,HD 27442,2,1,Radial Velocity,2000.0,Anglo-Australian Telescope,Published Confirmed,0,428.1,,495.8,,,4846.0,,1.23,18.2704
HD 27631 b,HD 27631,1,1,Radial Velocity,2012.0,La Silla Observatory,Published Confirmed,0,2208.0,,460.83,,G3 IV-V,5737.0,1.0,0.94,50.2862
HD 27894 b,HD 27894,1,3,Radial Velocity,2005.0,La Silla Observatory,Published Confirmed,0,17.991,,197.05,,K2 V,4875.0,,0.8,43.8214
HD 27894 c,HD 27894,1,3,Radial Velocity,2017.0,La Silla Observatory,Published Confirmed,0,36.07,,51.48846,,K2 V,,,0.8,43.8214
HD 27894 d,HD 27894,1,3,Radial Velocity,2017.0,La Silla Observatory,Published Confirmed,0,5174.0,,1721.04945,,K2 V,,,0.8,43.8214
HD 27969 b,HD 27969,1,1,Radial Velocity,2021.0,Haute-Provence Observatory,Published Confirmed,0,654.5,,1525.5763536,261.0,G0 V,5966.0,1.27,1.16,67.9328
HD 28109 b,HD 28109,1,3,Transit,2022.0,Transiting Exoplanet Survey Satellite (TESS),Published Confirmed,0,22.891054,2.69,6.2,867.0,F8,6189.0,1.425,1.227,139.611
HD 28109 c,HD 28109,1,3,Transit,2022.0,Transiting Exoplanet Survey Satellite (TESS),Published Confirmed,0,55.99712,4.13,9.2,643.0,F8,6189.0,1.425,1.227,139.611
HD 28109 d,HD 28109,1,3,Transit,2022.0,Transiting Exoplanet Survey Satellite (TESS),Published Confirmed,0,84.2899,3.11,5.8,561.0,F8,6189.0,1.425,1.227,139.611
HD 28185 b,HD 28185,1,2,Radial Velocity,2001.0,La Silla Observatory,Published Confirmed,0,385.9,,1776.59,,G5,5546.0,,0.98,39.3809
HD 28185 c,HD 28185,1,2,Radial Velocity,2022.0,Multiple Observatories,Published Confirmed,0,9090.0,,1906.970442,,,5602.0,1.048,0.974,39.3809
HD 28192 b,HD 28192,1,1,Radial Velocity,2022.0,Multiple Observatories,Published Confirmed,0,14.23283,,99.7981198,,,,,1.08,49.8063
HD 28254 b,HD 28254,2,1,Radial Velocity,2010.0,La Silla Observatory,Published Confirmed,0,1116.0,,368.67,,G1 IV/V,5664.0,1.48,1.06,55.2884
HD 284149 AB b,HD 284149 A,2,1,Imaging,2017.0,Paranal Observatory,Published Confirmed,0,,,8352.53053596,2395.0,,6035.0,1.36,,117.807
HD 28471 b,HD 28471,1,3,Radial Velocity,2025.0,La Silla Observatory,Published Confirmed,0,3.1649,,3.72,1377.0,G5 V,5766.0,1.08,0.98,43.6455
HD 28471 c,HD 28471,1,3,Radial Velocity,2025.0,La Silla Observatory,Published Confirmed,0,6.1245,,5.72,1066.0,G5 V,5766.0,1.08,0.98,43.6455
HD 28471 d,HD 28471,1,3,Radial Velocity,2025.0,La Silla Observatory,Published Confirmed,0,11.681,,4.91,945.0,G5 V,5766.0,1.08,0.98,43.6455
HD 285507 b,HD 285507,1,1,Radial Velocity,2013.0,Fred Lawrence Whipple Observatory,Published Confirmed,0,6.0881,,291.438,,K4.5 V,4503.0,0.656,0.734,45.0293
HD 285968 b,HD 285968,1,1,Radial Velocity,2008.0,La Silla Observatory,Published Confirmed,0,8.776,,9.06,,,3543.0,0.486907,0.484967,9.47045
HD 28678 b,HD 28678,1,1,Radial Velocity,2011.0,W. M. Keck Observatory,Published Confirmed,0,380.2,,490.09386,,,4972.0,6.48,1.53,189.908
HD 29021 b,HD 29021,1,1,Radial Velocity,2017.0,Haute-Provence Observatory,Published Confirmed,0,1362.3,,762.792,,G5,5560.0,0.85,0.85,30.9939
HD 290327 b,HD 290327,1,1,Radial Velocity,2009.0,La Silla Observatory,Published Confirmed,0,2443.0,,807.25,,G8 V,5552.0,1.0,0.9,56.433
HD 29399 b,HD 29399,1,1,Radial Velocity,2022.0,La Silla Observatory,Published Confirmed,0,892.7,,498.99059899,,K1 III,4845.0,4.5,1.17,44.1518
HD 2952 b,HD 2952,1,1,Radial Velocity,2013.0,Okayama Astrophysical Observatory,Published Confirmed,0,311.6,,508.5,,K0 III,4844.0,12.02,2.54,110.103
HD 29985 b,HD 29985,1,1,Radial Velocity,2022.0,Multiple Observatories,Published Confirmed,0,9900.0,,899.45439181,,,,,0.718,31.2707
HD 30177 b,HD 30177,1,2,Radial Velocity,2002.0,Anglo-Australian Telescope,Published Confirmed,0,2770.0,,3321.2,,,5545.71,1.19258,0.98,55.5867
HD 30177 c,HD 30177,1,2,Radial Velocity,2016.0,Multiple Observatories,Published Confirmed,0,11613.0,,2415.508,,,5580.0,,0.988,55.5867
HD 30562 b,HD 30562,1,1,Radial Velocity,2009.0,Lick Observatory,Published Confirmed,0,1159.2,,436.362,,F8 V,5994.0,1.53,1.23,26.1597
HD 30669 b,HD 30669,1,1,Radial Velocity,2014.0,La Silla Observatory,Published Confirmed,0,1684.0,,149.37,,G9 V,5400.0,0.91,0.92,58.0844
HD 30856 b,HD 30856,2,1,Radial Velocity,2011.0,W. M. Keck Observatory,Published Confirmed,0,912.0,,572.1,,,4982.0,4.2,1.35,131.199
HD 31253 b,HD 31253,1,1,Radial Velocity,2010.0,W. M. Keck Observatory,Published Confirmed,0,466.0,,158.908,,,5960.0,1.71,1.23,58.1438
HD 31527 b,HD 31527,1,3,Radial Velocity,2019.0,La Silla Observatory,Published Confirmed,0,16.5535,,10.47,,G2 V,5898.0,,0.96,38.4473
HD 31527 c,HD 31527,1,3,Radial Velocity,2019.0,La Silla Observatory,Published Confirmed,0,51.2053,,14.16,,G2 V,5898.0,,0.96,38.4473
HD 31527 d,HD 31527,1,3,Radial Velocity,2019.0,La Silla Observatory,Published Confirmed,0,271.6737,,11.82,,G2 V,5898.0,,0.96,38.4473
HD 3167 b,HD 3167,1,4,Transit,2016.0,K2,Published Confirmed,0,0.959632,1.574,5.69,1759.0,,5286.0,0.835,0.877,47.2899
HD 3167 c,HD 3167,1,4,Transit,2016.0,K2,Published Confirmed,0,29.8454,3.01,9.8,,K0 V,5261.0,0.86,0.86,47.2899
HD 3167 d,HD 3167,1,4,Radial Velocity,2017.0,Multiple Observatories,Published Confirmed,0,8.509,,6.9,776.0,,5261.0,0.872,0.866,47.2899
HD 3167 e,HD 3167,1,4,Radial Velocity,2022.0,CHaracterising ExOPlanets Satellite (CHEOPS),Published Confirmed,0,102.09,,9.74,374.8,,5300.0,0.871,0.852,47.2899
HD 32518 b,HD 32518,1,1,Radial Velocity,2009.0,Thueringer Landessternwarte Tautenburg,Published Confirmed,0,157.54,,966.16,,K1 III,4580.0,10.22,1.13,122.115
HD 32963 b,HD 32963,1,1,Radial Velocity,2015.0,W. M. Keck Observatory,Published Confirmed,0,2368.0,,657.90480249,,G5 IV,5727.0,,1.03,38.0786
HD 330075 b,HD 330075,1,1,Radial Velocity,2004.0,La Silla Observatory,Published Confirmed,0,3.38773,,197.05,990.0,K1,5017.0,,0.7,45.2989
HD 331093 b,HD 331093,1,1,Radial Velocity,2021.0,Haute-Provence Observatory,Published Confirmed,0,621.62,,476.7426105,,K0,5544.0,,1.03,50.1928
HD 33142 b,HD 33142,1,3,Radial Velocity,2011.0,W. M. Keck Observatory,Published Confirmed,0,330.0,,400.46379282,,K0 III,5025.4,4.17,1.52,121.375
HD 33142 c,HD 33142,1,3,Radial Velocity,2018.0,W. M. Keck Observatory,Published Confirmed,0,810.2,,282.86728223,,K0 III,5025.4,4.17,1.52,121.375
HD 33142 d,HD 33142,1,3,Radial Velocity,2022.0,Multiple Observatories,Published Confirmed,0,89.9,,63.5656814,,K0 III,5025.4,4.17,1.52,121.375
HD 332231 b,HD 332231,1,1,Transit,2020.0,Transiting Exoplanet Survey Satellite (TESS),Published Confirmed,0,18.71204,9.718203,77.55052,876.0,F8,6089.0,1.277,1.127,80.6665
HD 33283 b,HD 33283,2,1,Radial Velocity,2006.0,W. M. Keck Observatory,Published Confirmed,0,18.179,,104.88,,G3 V,5995.0,1.2,1.24,89.8623
HD 33564 b,HD 33564,1,1,Radial Velocity,2005.0,Haute-Provence Observatory,Published Confirmed,0,388.0,,2892.1,,F6 V,6250.0,,1.25,20.9531
HD 33844 b,HD 33844,1,2,Radial Velocity,2015.0,Anglo-Australian Telescope,Published Confirmed,0,551.4,,622.9468,,K0 III,4861.0,5.29,1.78,105.779
HD 33844 c,HD 33844,1,2,Radial Velocity,2015.0,Anglo-Australian Telescope,Published Confirmed,1,904.66,,467.20775829,,K0 III,4909.0,5.39,1.55,105.779
HD 34445 b,HD 34445,1,6,Radial Velocity,2009.0,W. M. Keck Observatory,Published Confirmed,0,1056.7,,200.0,,G0 V,5836.0,1.38,1.07,46.0907
HD 34445 c,HD 34445,1,6,Radial Velocity,2017.0,Multiple Observatories,Published Confirmed,0,214.67,,53.5,,G0 V,5836.0,1.38,1.07,46.0907
HD 34445 d,HD 34445,1,6,Radial Velocity,2017.0,Multiple Observatories,Published Confirmed,0,117.87,,30.7,,G0 V,5836.0,1.38,1.07,46.0907
HD 34445 e,HD 34445,1,6,Radial Velocity,2017.0,Multiple Observatories,Published Confirmed,0,49.175,,16.8,,G0 V,5836.0,1.38,1.07,46.0907
HD 34445 f,HD 34445,1,6,Radial Velocity,2017.0,Multiple Observatories,Published Confirmed,0,676.8,,37.9,,G0 V,5836.0,1.38,1.07,46.0907
HD 34445 g,HD 34445,1,6,Radial Velocity,2017.0,Multiple Observatories,Published Confirmed,0,5700.0,,120.6,,G0 V,5836.0,1.38,1.07,46.0907
HD 35759 b,HD 35759,1,1,Radial Velocity,2016.0,Haute-Provence Observatory,Published Confirmed,0,82.467,,1195.0408,,G0,6060.0,,1.15,71.2423
HD 35843 b,HD 35843,1,2,Radial Velocity,2025.0,Paranal Observatory,Published Confirmed,0,9.8991,,5.84,,,5666.0,0.897,0.94,69.6026
HD 35843 c,HD 35843,1,2,Transit,2025.0,Transiting Exoplanet Survey Satellite (TESS),Published Confirmed,0,46.9622,2.54,11.32,479.0,,5666.0,0.897,0.94,69.6026
HD 360 b,HD 360,1,1,Radial Velocity,2021.0,Okayama Astrophysical Observatory,Published Confirmed,0,273.1,,238.37130525,,G8 III,4770.0,10.86,1.69,111.542
HD 36384 b,HD 36384,1,1,Radial Velocity,2023.0,Bohyunsan Optical Astronomical Observatory,Published Confirmed,0,490.0,,2097.6674862,,M0 III,3940.0,38.4,1.14,209.309
HD 3651 b,HD 3651,1,1,Radial Velocity,2003.0,Multiple Observatories,Published Confirmed,0,62.242,,69.98581522,,,5205.95,0.871954,0.888252,11.1336
HD 37124 b,HD 37124,1,3,Radial Velocity,2002.0,W. M. Keck Observatory,Published Confirmed,0,154.26,,206.58846455,,,5698.64,0.949168,0.812728,31.6634
HD 37124 c,HD 37124,1,3,Radial Velocity,2002.0,W. M. Keck Observatory,Published Confirmed,0,887.7,,205.63497933,,,5698.64,0.949168,0.812728,31.6634
HD 37124 d,HD 37124,1,3,Radial Velocity,2005.0,W. M. Keck Observatory,Published Confirmed,0,1768.0,,209.44892021,,,5698.64,0.949168,0.812728,31.6634
HD 37605 b,HD 37605,1,2,Radial Velocity,2004.0,McDonald Observatory,Published Confirmed,0,55.01292,,854.9627,,K0,5329.0,0.91,0.94,46.7864
HD 37605 c,HD 37605,1,2,Radial Velocity,2012.0,Multiple Observatories,Published Confirmed,0,2720.0,,1069.771,,K0 V,5448.0,0.901,1.0,46.7864
HD 3765 b,HD 3765,1,1,Radial Velocity,2021.0,Multiple Observatories,Published Confirmed,0,1211.0,,54.98431441,,,5049.8,0.83061,0.851785,17.926
HD 38283 b,HD 38283,1,1,Radial Velocity,2010.0,Anglo-Australian Telescope,Published Confirmed,0,363.20001,,127.132,,,5981.0,1.49,1.37,38.0615
HD 38529 b,HD 38529,2,2,Radial Velocity,2000.0,Multiple Observatories,Published Confirmed,0,14.32,,244.7291,,G4 IV,5370.0,2.82,1.39,42.3538
HD 38529 c,HD 38529,2,2,Radial Velocity,2000.0,Multiple Observatories,Published Confirmed,0,2136.1,,4128.6117,,,5541.0,2.56,1.41,42.3538
HD 38801 b,HD 38801,1,1,Radial Velocity,2009.0,Subaru Telescope,Published Confirmed,0,687.14,,3178.3,,K0,5207.0,2.41,1.29,91.4349
HD 39091 b,HD 39091,1,3,Radial Velocity,2001.0,Anglo-Australian Telescope,Published Confirmed,0,2091.0,,4099.9864503,,G0 V,6037.0,1.1,1.094,18.2702
HD 39194 b,HD 39194,1,3,Radial Velocity,2021.0,La Silla Observatory,Published Confirmed,0,5.6368,,4.0,,K0 V,5205.0,,0.67,26.4131
HD 39194 c,HD 39194,1,3,Radial Velocity,2021.0,La Silla Observatory,Published Confirmed,0,14.03,,6.3,,K0 V,5205.0,,0.67,26.4131
HD 39194 d,HD 39194,1,3,Radial Velocity,2021.0,La Silla Observatory,Published Confirmed,0,33.91,,4.0,,K0 V,5205.0,,0.67,26.4131
HD 39855 b,HD 39855,1,1,Radial Velocity,2019.0,Las Campanas Observatory,Published Confirmed,0,3.2498,,8.5,,G8 V,5576.0,,0.87,23.2599
HD 40307 b,HD 40307,1,5,Radial Velocity,2009.0,La Silla Observatory,Published Confirmed,0,4.3123,,4.0,910.0,,4867.44,0.716684,0.79,12.9363
HD 40307 c,HD 40307,1,5,Radial Velocity,2009.0,La Silla Observatory,Published Confirmed,0,9.6183,,6.6,696.0,,4867.44,0.716684,0.79,12.9363
HD 40307 d,HD 40307,1,5,Radial Velocity,2009.0,La Silla Observatory,Published Confirmed,0,20.4321,,9.5,541.0,,4867.44,0.716684,0.79,12.9363
HD 40307 f,HD 40307,1,5,Radial Velocity,2013.0,La Silla Observatory,Published Confirmed,0,51.7768,,5.2,398.0,,4867.44,0.716684,0.79,12.9363
HD 40307 g,HD 40307,1,5,Radial Velocity,2013.0,La Silla Observatory,Published Confirmed,1,196.343,,7.1,255.0,,4867.44,0.716684,0.79,12.9363
HD 40956 b,HD 40956,1,1,Radial Velocity,2017.0,Multiple Observatories,Published Confirmed,0,578.6,,858.141,,,4869.0,8.56,2.0,116.593
HD 40979 b,HD 40979,3,1,Radial Velocity,2002.0,Multiple Observatories,Published Confirmed,0,264.14999,,1484.2661,,,6165.0,1.21,1.45,34.0883
HD 41004 A b,HD 41004 A,2,2,Radial Velocity,2004.0,La Silla Observatory,Published Confirmed,0,963.0,,807.25,,,,,,36.69117
HD 41004 B b,HD 41004 B,2,2,Radial Velocity,2003.0,La Silla Observatory,Published Confirmed,0,1.3283,,5838.29,,M2 V,,,0.4,41.5504
HD 4113 b,HD 4113,3,1,Radial Velocity,2007.0,La Silla Observatory,Published Confirmed,0,526.62,,495.79,,G5,5688.0,,0.99,41.8727
HD 42012 b,HD 42012,1,1,Radial Velocity,2017.0,Haute-Provence Observatory,Published Confirmed,0,857.5,,508.528,,K0,5405.0,0.82,0.83,36.7984
HD 4203 b,HD 4203,1,2,Radial Velocity,2001.0,W. M. Keck Observatory,Published Confirmed,0,437.05,,578.43,,,5582.0,1.49795,0.99,81.3795
HD 4203 c,HD 4203,1,2,Radial Velocity,2014.0,W. M. Keck Observatory,Published Confirmed,0,6700.0,,689.66,,,5582.0,1.49795,0.99,81.3795
HD 4208 b,HD 4208,1,1,Radial Velocity,2001.0,W. M. Keck Observatory,Published Confirmed,0,829.5,,245.0457018,,,5669.81,0.935398,0.846671,34.1937
HD 42618 b,HD 42618,1,1,Radial Velocity,2016.0,Multiple Observatories,Published Confirmed,0,149.61,,14.4,337.0,G4 V,5727.0,0.999,1.015,24.3358
HD 4308 b,HD 4308,1,1,Radial Velocity,2005.0,La Silla Observatory,Published Confirmed,0,15.56,,15.8915,,,5686.0,1.02,0.93,22.0158
HD 4313 b,HD 4313,1,1,Radial Velocity,2009.0,W. M. Keck Observatory,Published Confirmed,0,356.0,,950.3117,,,5005.0,4.91,2.47,136.308
HD 43197 b,HD 43197,1,2,Radial Velocity,2010.0,La Silla Observatory,Published Confirmed,0,327.8,,190.69,,G8 V,5508.0,1.0,0.96,62.4112
HD 43197 c,HD 43197,1,2,Radial Velocity,2022.0,Multiple Observatories,Published Confirmed,0,9295.9735,,2500.67390628,,,,,0.96,62.4112
HD 43691 b,HD 43691,3,1,Radial Velocity,2007.0,Haute-Provence Observatory,Published Confirmed,0,36.9987,,810.4665,,G0,6093.0,1.6,1.32,85.6009
HD 44219 b,HD 44219,1,1,Radial Velocity,2010.0,La Silla Observatory,Published Confirmed,0,472.3,,184.33,,G2 V,5752.0,1.32,1.0,52.9051
HD 45184 b,HD 45184,1,2,Radial Velocity,2019.0,La Silla Observatory,Published Confirmed,0,5.8858,,11.91856526,,,5820.13,1.075139,1.014904,21.9532
HD 45184 c,HD 45184,1,2,Radial Velocity,2019.0,La Silla Observatory,Published Confirmed,0,13.1407,,10.9332972,,,5820.13,1.075139,1.014904,21.9532
HD 45350 b,HD 45350,1,1,Radial Velocity,2004.0,W. M. Keck Observatory,Published Confirmed,0,963.6,,568.89,,,5566.0,1.26442,0.98,46.8733
HD 45364 b,HD 45364,1,2,Radial Velocity,2008.0,La Silla Observatory,Published Confirmed,0,225.79,,60.16491745,,K0 V,5466.0,0.89,0.82,34.354
HD 45364 c,HD 45364,1,2,Radial Velocity,2008.0,La Silla Observatory,Published Confirmed,0,345.43,,174.48779544,,K0 V,5466.0,0.89,0.82,34.354
HD 45652 b,HD 45652,1,1,Radial Velocity,2008.0,Haute-Provence Observatory,Published Confirmed,0,44.073,,137.62039,,G8/K0,5294.0,0.94,0.92,34.8541
HD 457 b,HD 457,1,1,Radial Velocity,2022.0,Multiple Observatories,Published Confirmed,0,20324.58153,,8445.3364308,,,,,1.15,55.0375
HD 46375 b,HD 46375,2,1,Radial Velocity,2000.0,W. M. Keck Observatory,Published Confirmed,0,3.023495,,72.01991703,,,5264.38,0.914196,0.932831,29.5529
HD 47186 b,HD 47186,1,2,Radial Velocity,2008.0,La Silla Observatory,Published Confirmed,0,4.0845,,22.2481,,,5657.0,1.08,0.96,37.4574
HD 47186 c,HD 47186,1,2,Radial Velocity,2008.0,La Silla Observatory,Published Confirmed,0,1353.6,,111.42,,,,,,37.4574
HD 4732 b,HD 4732,2,2,Radial Velocity,2012.0,Multiple Observatories,Published Confirmed,0,371.74,,631.2072163,,K0 IV,4898.0,5.03,1.39,54.7841
HD 4732 c,HD 4732,2,2,Radial Velocity,2012.0,Multiple Observatories,Published Confirmed,0,3184.2,,1069.49258955,,K0 IV,4898.0,5.03,1.39,54.7841
HD 47366 b,HD 47366,1,2,Radial Velocity,2016.0,Okayama Astrophysical Observatory,Published Confirmed,0,360.08,,661.71874337,,K1 III,4866.0,7.3,1.81,84.3552
HD 47366 c,HD 47366,1,2,Radial Velocity,2016.0,Okayama Astrophysical Observatory,Published Confirmed,0,684.7,,591.1638,,K1 III,4866.0,7.3,1.81,84.3552
HD 47536 b,HD 47536,1,1,Radial Velocity,2002.0,La Silla Observatory,Published Confirmed,0,712.13,,2330.0,,K1 III,4380.0,23.47,2.1,122.536
HD 4760 b,HD 4760,1,1,Radial Velocity,2021.0,Multiple Observatories,Published Confirmed,0,434.0,,4417.837,,,4076.0,42.4,1.05,537.873
HD 48265 b,HD 48265,1,2,Radial Velocity,2008.0,Las Campanas Observatory,Published Confirmed,0,780.3,,467.2101,,G5 IV/V,5650.0,2.05,1.28,90.5446
HD 48265 c,HD 48265,1,2,Radial Velocity,2026.0,Las Campanas Observatory,Published Confirmed,0,10418.0,,1414.33641115,,G5 IV/V,5805.0,,1.38,90.5446
HD 48948 b,HD 48948,1,3,Radial Velocity,2024.0,Roque de los Muchachos Observatory,Published Confirmed,0,7.34013,,4.88,957.0,K3 V,4593.0,0.679,0.686,16.9043
HD 48948 c,HD 48948,1,3,Radial Velocity,2024.0,Roque de los Muchachos Observatory,Published Confirmed,0,38.06,,7.27,553.0,K3 V,4593.0,0.679,0.686,16.9043
HD 48948 d,HD 48948,1,3,Radial Velocity,2024.0,Roque de los Muchachos Observatory,Published Confirmed,0,151.92,,10.59,349.0,K3 V,4593.0,0.679,0.686,16.9043
HD 4917 b,HD 4917,1,1,Radial Velocity,2018.0,W. M. Keck Observatory,Published Confirmed,0,400.5,,513.29545,,,4802.0,5.01,1.32,204.277
HD 49674 b,HD 49674,1,1,Radial Velocity,2002.0,W. M. Keck Observatory,Published Confirmed,0,4.94737,,31.783,,,5602.0,1.02,1.03,43.0399
HD 50499 b,HD 50499,1,2,Radial Velocity,2005.0,W. M. Keck Observatory,Published Confirmed,0,2483.7,,460.8535,,G1 V,6099.0,1.42,1.31,46.2845
HD 50499 c,HD 50499,1,2,Radial Velocity,2019.0,La Silla Observatory,Published Confirmed,0,8619.9,,931.2419,,G1 V,6099.0,1.42,1.31,46.2845
HD 50554 b,HD 50554,1,1,Radial Velocity,2002.0,Lick Observatory,Published Confirmed,0,1254.6,,1200.0,,F8 V,5844.0,1.096,1.065,31.1664
HD 51608 b,HD 51608,1,2,Radial Velocity,2019.0,La Silla Observatory,Published Confirmed,0,14.0726,,12.77,,G7 V,5358.0,,0.8,35.0553
HD 51608 c,HD 51608,1,2,Radial Velocity,2019.0,La Silla Observatory,Published Confirmed,0,95.9446,,14.31,,G7 V,5358.0,,0.8,35.0553
HD 52265 b,HD 52265,1,1,Radial Velocity,2000.0,W. M. Keck Observatory,Published Confirmed,0,119.6,,334.0,405.0,,6060.0,1.1,1.18,29.9803
HD 5278 b,HD 5278,1,2,Transit,2021.0,Transiting Exoplanet Survey Satellite (TESS),Published Confirmed,0,14.339156,2.45,7.8,943.0,F V,6203.0,1.194,1.126,57.5846
HD 5278 c,HD 5278,1,2,Radial Velocity,2021.0,Paranal Observatory,Published Confirmed,0,40.87,,18.4,,F V,6203.0,1.194,1.126,57.5846
HD 5319 b,HD 5319,1,2,Radial Velocity,2007.0,W. M. Keck Observatory,Published Confirmed,0,638.6,,495.8148,,G5,4871.0,4.06,1.27,121.405
HD 5319 c,HD 5319,1,2,Radial Velocity,2014.0,W. M. Keck Observatory,Published Confirmed,0,877.0,,324.1866,,G5,4871.0,4.06,1.27,121.405
HD 55696 b,HD 55696,1,1,Radial Velocity,2018.0,W. M. Keck Observatory,Published Confirmed,0,1827.0,,1230.0021,,G0 V,6012.0,1.52,1.29,77.9693
HD 5583 b,HD 5583,1,1,Radial Velocity,2016.0,Roque de los Muchachos Observatory,Published Confirmed,0,139.35,,1837.0574,,,4830.0,9.09,1.01,219.216
HD 5608 b,HD 5608,2,1,Radial Velocity,2012.0,Okayama Astrophysical Observatory,Published Confirmed,0,768.7,,371.22357938,,K0 IV,4807.0,5.43,1.29,58.1105
HD 564 b,HD 564,1,1,Radial Velocity,2014.0,La Silla Observatory,Published Confirmed,0,492.3,,104.88,,G2/G3 V,5902.0,1.01,0.961,51.1659
HD 56414 b,HD 56414,1,1,Transit,2022.0,Transiting Exoplanet Survey Satellite (TESS),Published Confirmed,0,29.04992,3.71,,1133.0,,8500.0,1.751,1.89,272.217
HD 56957 b,HD 56957,1,1,Radial Velocity,2022.0,Multiple Observatories,Published Confirmed,0,5859.08992,,1880.90851263,,,,,1.03,61.4925
HD 5891 b,HD 5891,1,1,Radial Velocity,2011.0,W. M. Keck Observatory,Published Confirmed,0,177.11,,2415.4,,,4907.0,8.7,1.91,283.502
HD 59686 A b,HD 59686 A,2,1,Radial Velocity,2016.0,Lick Observatory,Published Confirmed,0,299.36,,2199.3836,,K2 III,4658.0,13.2,1.9,89.2721
HD 60292 b,HD 60292,1,1,Radial Velocity,2020.0,Bohyunsan Optical Astronomical Observatory,Published Confirmed,0,495.4,,2065.895,,K0 III,4348.0,27.0,1.7,315.211
HD 60532 b,HD 60532,1,2,Radial Velocity,2008.0,La Silla Observatory,Published Confirmed,0,201.9,,336.8998,,,6245.0,2.57,1.5,25.9716
HD 60532 c,HD 60532,1,2,Radial Velocity,2008.0,La Silla Observatory,Published Confirmed,0,604.0,,781.83,,F6 IV,6095.0,,1.44,25.9716
HD 6061 b,HD 6061,2,1,Transit,2023.0,Transiting Exoplanet Survey Satellite (TESS),Published Confirmed,0,5.254467,2.45,10.8,1194.0,,5920.0,1.03,1.0,67.6203
HD 62364 b,HD 62364,1,2,Radial Velocity,2022.0,Multiple Observatories,Published Confirmed,0,5138.0,,5965.63919939,,F7 V,6255.0,1.401,1.157,53.112
HD 62364 c,HD 62364,1,2,Radial Velocity,2022.0,Multiple Observatories,Published Confirmed,1,74839.94555,,7923.46218651,,,,,1.19,53.112
HD 62509 b,HD 62509,1,1,Radial Velocity,2006.0,Multiple Observatories,Published Confirmed,0,589.7,,920.0,,,,8.9,1.7,
HD 62549 b,HD 62549,1,1,Radial Velocity,2022.0,Multiple Observatories,Published Confirmed,0,14306.88519,,2707.58019923,,,,,1.08,49.3305
HD 63433 b,HD 63433,1,3,Transit,2020.0,Transiting Exoplanet Survey Satellite (TESS),Published Confirmed,0,7.1079475,2.14,21.755,967.11,G5 V,5553.0,0.934,0.956,22.4035
HD 63433 c,HD 63433,1,3,Transit,2020.0,Transiting Exoplanet Survey Satellite (TESS),Published Confirmed,0,20.5438281,2.692,15.539,678.92,G5 V,5553.0,0.934,0.956,22.4035
HD 63433 d,HD 63433,1,3,Transit,2023.0,Transiting Exoplanet Survey Satellite (TESS),Published Confirmed,0,4.209075,1.073,,1040.0,G5 V,5688.0,0.912,0.99,22.4035
HD 63454 b,HD 63454,1,1,Radial Velocity,2005.0,La Silla Observatory,Published Confirmed,0,2.818049,12.31,126.0,,,4840.0,1.05,0.84,37.6894
HD 63765 b,HD 63765,1,1,Radial Velocity,2009.0,La Silla Observatory,Published Confirmed,0,358.0,,203.4,,G9 V,5432.0,,0.865,32.5376
HD 63935 b,HD 63935,1,2,Transit,2021.0,Transiting Exoplanet Survey Satellite (TESS),Published Confirmed,0,9.058807,2.91575244,10.5,825.22,,5513.0,0.9598,0.9406,48.9739
HD 63935 c,HD 63935,1,2,Radial Velocity,2021.0,Multiple Observatories,Published Confirmed,0,21.4027,3.06451296,11.1,619.59,,5513.0,0.9598,0.9406,48.9739
HD 64114 b,HD 64114,1,1,Radial Velocity,2019.0,Las Campanas Observatory,Published Confirmed,0,45.791,,17.8,,G7 V,5676.0,,0.95,31.5262
HD 64121 b,HD 64121,1,1,Radial Velocity,2022.0,La Silla Observatory,Published Confirmed,0,623.0,,813.64072192,,G8/K0 III,5078.0,5.44,1.64,129.966
HD 6434 b,HD 6434,1,1,Radial Velocity,2003.0,La Silla Observatory,Published Confirmed,0,22.017,,139.8452,,,5690.0,1.14,0.89,42.358
HD 65216 b,HD 65216,3,2,Radial Velocity,2003.0,La Silla Observatory,Published Confirmed,0,613.09998,,375.0394,,,5645.0,0.88,0.88,35.1205
HD 65216 c,HD 65216,3,2,Radial Velocity,2013.0,La Silla Observatory,Published Confirmed,0,5370.0,,645.1949,,,5612.0,,0.874,35.1205
HD 66141 b,HD 66141,1,1,Radial Velocity,2012.0,Bohyunsan Optical Astronomical Observatory,Published Confirmed,0,480.5,,1906.9,,K2 III,4323.0,21.4,1.1,68.1509
HD 66428 b,HD 66428,1,2,Radial Velocity,2005.0,W. M. Keck Observatory,Published Confirmed,0,2288.9,,1013.87261833,,,5647.6,1.169119,1.050575,53.2817
HD 66428 c,HD 66428,1,2,Radial Velocity,2021.0,Multiple Observatories,Published Confirmed,0,39000.0,,8581.366989,,,5647.6,1.169119,1.050575,53.2817
HD 67087 b,HD 67087,1,2,Radial Velocity,2015.0,Multiple Observatories,Published Confirmed,0,352.2,,973.0,,F8 V,6330.0,1.55,1.36,76.5217
HD 67087 c,HD 67087,1,2,Radial Velocity,2015.0,Multiple Observatories,Published Confirmed,0,2374.0,,1540.0,,F8 V,6330.0,1.55,1.36,76.5217
HD 68402 b,HD 68402,1,1,Radial Velocity,2016.0,Multiple Observatories,Published Confirmed,0,1103.0,,975.7381,,G5 IV/V,5950.0,1.02,1.12,78.4293
HD 68475 b,HD 68475,1,1,Radial Velocity,2026.0,Las Campanas Observatory,Published Confirmed,0,7832.0,,1639.99458012,,K2 VC,5022.0,,0.83,33.4297
HD 6860 b,HD 6860,1,1,Radial Velocity,2023.0,Bohyunsan Optical Astronomical Observatory,Published Confirmed,0,663.87,,8981.83078182,,M0 III,3802.0,86.4,2.49,61.12469
HD 68988 b,HD 68988,1,2,Radial Velocity,2001.0,Multiple Observatories,Published Confirmed,0,6.27711,,626.1251,,,5932.0,1.19,1.28,60.8447
HD 68988 c,HD 68988,1,2,Radial Velocity,2021.0,Multiple Observatories,Published Confirmed,0,16000.0,,4767.426105,,,5883.41,1.255733,1.171665,60.8447
HD 69123 b,HD 69123,1,1,Radial Velocity,2022.0,La Silla Observatory,Published Confirmed,0,1193.3,,966.19835728,,K1 III,4842.0,7.72,1.68,75.116
HD 69830 b,HD 69830,1,3,Radial Velocity,2006.0,La Silla Observatory,Published Confirmed,0,8.66945,,10.26585755,,,5420.58,0.886947,0.889787,12.5591
HD 69830 c,HD 69830,1,3,Radial Velocity,2006.0,La Silla Observatory,Published Confirmed,0,31.613,,9.85268062,,,5420.58,0.886947,0.889787,12.5591
HD 69830 d,HD 69830,1,3,Radial Velocity,2006.0,La Silla Observatory,Published Confirmed,0,200.61,,14.07979843,,,5420.58,0.886947,0.889787,12.5591
HD 70573 b,HD 70573,1,1,Radial Velocity,2007.0,La Silla Observatory,Published Confirmed,0,851.8,,1900.0,,G1-1.5 V,5737.0,,1.0,59.182
HD 70642 b,HD 70642,1,1,Radial Velocity,2003.0,Anglo-Australian Telescope,Published Confirmed,0,2231.0,,640.0,,G5,5670.0,,1.0,29.276
HD 7199 b,HD 7199,1,1,Radial Velocity,2011.0,La Silla Observatory,Published Confirmed,0,615.0,,92.1668,,,5386.0,0.96,0.89,36.1531
HD 72490 b,HD 72490,1,1,Radial Velocity,2018.0,W. M. Keck Observatory,Published Confirmed,0,858.0,,561.92344,,,4934.0,4.96,1.21,126.339
HD 72659 b,HD 72659,1,2,Radial Velocity,2002.0,W. M. Keck Observatory,Published Confirmed,0,3658.0,,1001.1645,,G2 V,5926.0,1.36,1.06,51.8949
HD 72659 c,HD 72659,1,2,Radial Velocity,2022.0,Multiple Observatories,Published Confirmed,0,35500.0,,6165.8710958,,G2 V,5929.0,1.36,1.033,51.8949
HD 72892 b,HD 72892,1,1,Radial Velocity,2016.0,Multiple Observatories,Published Confirmed,0,39.475,,1732.1735,,G5 V,5688.0,1.22,1.02,69.7311
HD 73256 c,HD 73256,1,1,Radial Velocity,2023.0,La Silla Observatory,Published Confirmed,0,2690.0,,5085.254512,,G8 IV,,,1.0,36.708
HD 73267 b,HD 73267,1,2,Radial Velocity,2008.0,La Silla Observatory,Published Confirmed,0,1260.0,,973.0,,G5 V,5317.0,1.04,0.89,50.4093
HD 73267 c,HD 73267,1,2,Radial Velocity,2022.0,Multiple Observatories,Published Confirmed,0,13900.0,,1398.4449908,,K0 V,5317.0,,0.89,50.4093
HD 73344 b,HD 73344,1,3,Transit,2024.0,K2,Published Confirmed,0,15.611,2.884,10.48,911.0,F6 V,6252.6,1.22,1.2,35.26
HD 73344 c,HD 73344,1,3,Radial Velocity,2025.0,Multiple Observatories,Published Confirmed,0,65.94,,118.54999581,,,6148.0,1.22,1.19,35.26
HD 73344 d,HD 73344,1,3,Radial Velocity,2025.0,Multiple Observatories,Published Confirmed,0,5823.0,,810.46243785,,,6148.0,1.22,1.19,35.26
HD 73526 b,HD 73526,1,2,Radial Velocity,2002.0,Anglo-Australian Telescope,Published Confirmed,1,188.3,,978.9164,,,5601.0,1.53,1.14,97.2396
HD 73526 c,HD 73526,1,2,Radial Velocity,2005.0,Anglo-Australian Telescope,Published Confirmed,0,379.1,,715.09,,,,,1.014,97.2396
HD 73534 b,HD 73534,1,1,Radial Velocity,2008.0,W. M. Keck Observatory,Published Confirmed,0,1770.0,,350.0,,G5 IV,5041.0,2.39,1.228,83.3321
HD 73583 b,HD 73583,1,2,Transit,2022.0,Transiting Exoplanet Survey Satellite (TESS),Published Confirmed,0,6.3980661,2.84,15.9,742.7,K4,4582.0,0.677,0.702,31.5666
HD 73583 c,HD 73583,1,2,Transit,2022.0,Transiting Exoplanet Survey Satellite (TESS),Published Confirmed,0,18.8805,2.73,22.5,517.8,K4,4582.0,0.677,0.702,31.5666
HD 74156 b,HD 74156,1,2,Radial Velocity,2003.0,Haute-Provence Observatory,Published Confirmed,0,51.63603,,554.61057022,,,5951.71,1.510576,1.15133,57.603
HD 74156 c,HD 74156,1,2,Radial Velocity,2003.0,Haute-Provence Observatory,Published Confirmed,0,2448.6,,2431.38731355,,,5951.71,1.510576,1.15133,57.603
HD 7449 b,HD 7449,2,1,Radial Velocity,2011.0,La Silla Observatory,Published Confirmed,0,1275.0,,352.776,,,6024.0,1.01,1.05,38.662
HD 74698 b,HD 74698,1,2,Radial Velocity,2023.0,La Silla Observatory,Published Confirmed,0,15.017,,23.0,,G5 V,5783.0,1.333,1.039,52.0648
HD 74698 c,HD 74698,1,2,Radial Velocity,2023.0,La Silla Observatory,Published Confirmed,0,3449.0,,126.0,,G5 V,5783.0,1.333,1.039,52.0648
HD 75289 b,HD 75289,2,1,Radial Velocity,1999.0,La Silla Observatory,Published Confirmed,0,3.5098,,133.4886,1260.0,G0,6000.0,,1.15,29.1158
HD 75302 b,HD 75302,1,1,Radial Velocity,2023.0,La Silla Observatory,Published Confirmed,0,4356.0,,1716.2733978,,G5 V,,,1.06,30.3288
HD 75784 b,HD 75784,1,2,Radial Velocity,2014.0,W. M. Keck Observatory,Published Confirmed,0,341.5,,343.2564,,G5,4867.0,3.4,1.26,85.4321
HD 75784 c,HD 75784,1,2,Radial Velocity,2018.0,W. M. Keck Observatory,Published Confirmed,0,3878.0,,1430.235,,G5,4867.0,3.4,1.26,85.4321
HD 75898 b,HD 75898,1,2,Radial Velocity,2007.0,W. M. Keck Observatory,Published Confirmed,0,418.2,,797.7533,,G0 V,6021.0,1.6,1.28,78.0505
HD 75898 c,HD 75898,1,2,Radial Velocity,2024.0,Multiple Observatories,Published Confirmed,0,6717.0,,2698.36317543,,F8 V,6122.0,,1.295,78.0505
HD 76700 b,HD 76700,1,1,Radial Velocity,2002.0,Anglo-Australian Telescope,Published Confirmed,0,3.97097,,66.7443,,,5644.0,1.37,0.99,60.8831
HD 76920 b,HD 76920,1,1,Radial Velocity,2017.0,Multiple Observatories,Published Confirmed,0,415.4,,1249.0719,,K1 III,4698.0,7.47,1.17,184.031
HD 77338 b,HD 77338,1,1,Radial Velocity,2012.0,La Silla Observatory,Published Confirmed,0,5.7361,,15.9,,,5370.0,0.88,0.93,45.935
HD 77946 b,HD 77946,1,1,Transit,2024.0,Transiting Exoplanet Survey Satellite (TESS),Published Confirmed,0,6.527282,2.705,8.38,,F5,6046.0,1.31,1.17,99.451
HD 79181 b,HD 79181,1,1,Radial Velocity,2021.0,Okayama Astrophysical Observatory,Published Confirmed,0,273.1,,203.41018048,,G8 III,4862.0,11.06,1.28,103.335
HD 7924 b,HD 7924,1,3,Radial Velocity,2008.0,W. M. Keck Observatory,Published Confirmed,0,5.39792,,8.68,825.9,K0.5 V,5075.0,0.7821,0.832,16.9922
HD 7924 c,HD 7924,1,3,Radial Velocity,2015.0,W. M. Keck Observatory,Published Confirmed,0,15.299,,7.86,583.6,K0.5 V,5075.0,0.7821,0.832,16.9922
HD 7924 d,HD 7924,1,3,Radial Velocity,2015.0,W. M. Keck Observatory,Published Confirmed,0,24.451,,6.44,499.0,K0.5 V,5075.0,0.7821,0.832,16.9922
HD 79498 b,HD 79498,2,1,Radial Velocity,2011.0,McDonald Observatory,Published Confirmed,0,1807.0,,425.8922,,G5,5748.0,1.05,1.08,48.9489
HD 80606 b,HD 80606,2,1,Radial Velocity,2001.0,Multiple Observatories,Published Confirmed,0,111.4367,11.242627,1307.55262,405.0,,5574.0,1.037,1.018,66.4711
HD 80653 b,HD 80653,1,2,Transit,2020.0,K2,Published Confirmed,0,0.719573,1.613,5.72,2463.0,,5959.0,1.22,1.18,109.86
HD 80869 b,HD 80869,1,1,Radial Velocity,2021.0,Haute-Provence Observatory,Published Confirmed,0,1711.7,,1544.64605802,203.2,G1 V,5837.0,1.062,1.08,85.3951
HD 80883 b,HD 80883,1,1,Radial Velocity,2022.0,Multiple Observatories,Published Confirmed,0,6383.78352,,1748.0562385,,,,,0.88,34.6011
HD 80913 b,HD 80913,1,1,Radial Velocity,2022.0,Multiple Observatories,Published Confirmed,0,10839.83341,,7505.2000029,,,,,1.11,61.3603
HD 81040 b,HD 81040,1,1,Radial Velocity,2005.0,Multiple Observatories,Published Confirmed,0,1001.7,,2180.3138,,G2/G3,5700.0,0.86,0.96,34.4341
HD 81688 b,HD 81688,1,1,Radial Velocity,2007.0,Okayama Astrophysical Observatory,Published Confirmed,0,183.93,,525.68818518,,K0 III-IV,4797.0,11.13,1.07,85.7183
HD 81817 b,HD 81817,1,2,Radial Velocity,2020.0,Bohyunsan Optical Astronomical Observatory,Published Confirmed,0,1047.1,,8613.193,,K3 III,4140.0,83.8,4.3,269.126
HD 81817 c,HD 81817,1,2,Radial Velocity,2022.0,Multiple Observatories,Published Confirmed,0,622.97802,,7185.78245386,,,,,4.3,269.126
HD 82886 b,HD 82886,1,1,Radial Velocity,2011.0,W. M. Keck Observatory,Published Confirmed,0,705.0,,740.5439,,,4953.0,5.26,2.53,127.061
HD 82943 b,HD 82943,1,2,Radial Velocity,2003.0,La Silla Observatory,Published Confirmed,0,442.4,,476.725,,,6011.0,1.03,1.04,27.5902
HD 82943 c,HD 82943,1,2,Radial Velocity,2003.0,La Silla Observatory,Published Confirmed,0,220.078,,622.603,,,5935.0,1.1826,1.08,27.5902
HD 8326 b,HD 8326,1,1,Radial Velocity,2019.0,Las Campanas Observatory,Published Confirmed,0,158.991,,66.6,,K2 V,4914.0,,0.8,30.6862
HD 83443 b,HD 83443,1,2,Radial Velocity,2002.0,Multiple Observatories,Published Confirmed,0,2.985628,,127.76701961,,K0 V,5442.0,0.94,1.0,40.8991
HD 83443 c,HD 83443,1,2,Radial Velocity,2022.0,Multiple Observatories,Published Confirmed,0,8241.0,,476.7426105,,K0 V,5442.0,0.94,1.0,40.8991
HD 8535 b,HD 8535,2,1,Radial Velocity,2010.0,La Silla Observatory,Published Confirmed,0,1313.0,,216.1244,,G0 V,6136.0,1.19,1.13,55.4401
HD 85390 b,HD 85390,1,1,Radial Velocity,2009.0,La Silla Observatory,Published Confirmed,0,788.0,,34.9613,,,5164.0,0.8,0.54,33.5225
HD 85426 c,TOI-1774,1,2,Radial Velocity,2026.0,Multiple Observatories,Published Confirmed,0,35.73,,10.3,640.0,,5746.0,1.1303,0.991,53.974
HD 8574 b,HD 8574,1,1,Radial Velocity,2002.0,Haute-Provence Observatory,Published Confirmed,0,227.04,,561.28496676,,,6004.14,1.423047,1.090782,44.8264
HD 86065 b,HD 86065,1,1,Radial Velocity,2022.0,Multiple Observatories,Published Confirmed,0,25775.78859,,2877.30056857,,,,,0.81,40.3661
HD 86081 b,HD 86081,2,1,Radial Velocity,2006.0,W. M. Keck Observatory,Published Confirmed,0,2.1378431,,470.3884,,F8,5939.0,1.46,1.21,103.936
HD 86226 b,HD 86226,1,2,Radial Velocity,2009.0,Las Campanas Observatory,Published Confirmed,0,1628.0,,143.0235,176.0,G1 V,5863.0,1.053,1.019,45.683
HD 86226 c,HD 86226,1,2,Transit,2020.0,Transiting Exoplanet Survey Satellite (TESS),Published Confirmed,0,3.98442,2.16,7.25,1311.0,G1 V,5863.0,1.053,1.019,45.683
HD 86264 b,HD 86264,1,1,Radial Velocity,2009.0,Lick Observatory,Published Confirmed,0,1480.0,,3909.2894061,,F7 V,6210.0,,1.42,67.8107
HD 86728 b,HD 86728,1,1,Radial Velocity,2025.0,Multiple Observatories,Published Confirmed,0,31.1515,,9.43,,,5610.0,1.237,0.967,14.9202
HD 8673 b,HD 8673,2,1,Radial Velocity,2009.0,Thueringer Landessternwarte Tautenburg,Published Confirmed,0,1634.0,,4513.0,,,6389.05,1.50225,1.28,37.8619
HD 86950 b,HD 86950,1,1,Radial Velocity,2016.0,Multiple Observatories,Published Confirmed,0,1270.0,,1144.188,,K1 III,4805.0,8.8,1.66,209.839
HD 87646 b,HD 87646,3,1,Radial Velocity,2016.0,Apache Point Observatory,Published Confirmed,0,13.481,,3941.092,,G,5770.0,1.55,1.12,73.58352
HD 87816 b,HD 87816,1,2,Radial Velocity,2025.0,La Silla Observatory,Published Confirmed,0,484.17,,2142.16346318,,K0 III,4989.0,9.0,2.41,133.233
HD 87816 c,HD 87816,1,2,Radial Velocity,2025.0,La Silla Observatory,Published Confirmed,0,7596.0,,3877.5065654,,K0 III,4989.0,9.0,2.41,133.233
HD 87883 b,HD 87883,1,1,Radial Velocity,2009.0,Lick Observatory,Published Confirmed,0,3303.0,,728.46270884,,,4989.41,0.798557,0.825766,18.2912
HD 88072 b,HD 88072,1,1,Radial Velocity,2022.0,Multiple Observatories,Published Confirmed,0,18538.79293,,2511.79790052,,,,,1.04,35.9098
HD 88133 b,HD 88133,1,1,Radial Velocity,2004.0,W. M. Keck Observatory,Published Confirmed,0,3.415,,92.1707,,G5 IV,5494.0,1.93,1.2,73.6123
HD 88986 b,HD 88986,1,1,Radial Velocity,2023.0,Haute-Provence Observatory,Published Confirmed,0,146.05,2.49,17.2,460.0,G2 V,5861.0,1.543,1.25,33.2673
HD 89307 b,HD 89307,1,1,Radial Velocity,2009.0,Lick Observatory,Published Confirmed,0,2199.0,,659.152,,,5906.0,1.01,1.05,32.0104
HD 89345 b,HD 89345,1,1,Transit,2018.0,K2,Published Confirmed,0,11.81399,6.86,35.7,1053.0,,5499.0,1.657,1.12,132.345
HD 89744 b,HD 89744,2,1,Radial Velocity,1999.0,Fred Lawrence Whipple Observatory,Published Confirmed,0,256.78,,2682.37,,F7 V,6291.0,,1.558,38.6364
HD 89839 b,HD 89839,1,1,Radial Velocity,2023.0,Multiple Facilities,Published Confirmed,0,3441.0,,1592.32031907,,F7 V,6314.0,,1.21,57.3063
HD 90156 b,HD 90156,1,1,Radial Velocity,2009.0,La Silla Observatory,Published Confirmed,0,49.609,,11.7914339,,,5629.62,0.920286,0.855954,21.9496
HD 9174 b,HD 9174,1,1,Radial Velocity,2016.0,Multiple Observatories,Published Confirmed,0,1179.0,,352.7913,,G8 IV,5577.0,1.67,1.03,81.4893
HD 92788 b,HD 92788,1,2,Radial Velocity,2000.0,Multiple Observatories,Published Confirmed,0,325.803,,1195.0408,,G6 V,5744.0,1.14,1.15,34.6538
HD 92788 c,HD 92788,1,2,Radial Velocity,2019.0,La Silla Observatory,Published Confirmed,0,11611.2975,,1166.4361,,G6 V,5744.0,1.14,1.15,34.6538
HD 93083 b,HD 93083,1,2,Radial Velocity,2005.0,La Silla Observatory,Published Confirmed,0,144.72,,143.34061156,,K2 IV-V,5033.8,0.837,0.836,28.5159
HD 93351 b,HD 93351,1,2,Radial Velocity,2022.0,Multiple Observatories,Published Confirmed,0,2.45946,,3.49611248,,,,,0.94,56.163
HD 93351 c,HD 93351,1,2,Radial Velocity,2022.0,Multiple Observatories,Published Confirmed,0,14010.2941,,4154.01727949,,,,,0.94,56.163
HD 93385 b,HD 93385,1,3,Radial Velocity,2021.0,La Silla Observatory,Published Confirmed,0,7.3426,,4.2,,G2/G3 V,5977.0,,1.04,43.3475
HD 93385 c,HD 93385,1,3,Radial Velocity,2021.0,La Silla Observatory,Published Confirmed,0,13.18,,7.1,,G2/G3 V,5977.0,,1.04,43.3475
HD 93385 d,HD 93385,1,3,Radial Velocity,2021.0,La Silla Observatory,Published Confirmed,0,45.85,,8.7,,G2/G3 V,5977.0,,1.04,43.3475
HD 93963 A b,HD 93963 A,2,2,Transit,2022.0,Transiting Exoplanet Survey Satellite (TESS),Published Confirmed,0,1.0391353,1.35,7.8,2042.0,G0 V,5987.0,1.043,1.109,82.3432
HD 93963 A c,HD 93963 A,2,2,Transit,2022.0,Transiting Exoplanet Survey Satellite (TESS),Published Confirmed,0,3.6451398,3.228,19.2,1344.0,G0 V,5987.0,1.043,1.109,82.3432
HD 9446 b,HD 9446,1,2,Radial Velocity,2009.0,Haute-Provence Observatory,Published Confirmed,0,30.052,,222.472,,G5 V,5793.0,1.0,1.0,50.3503
HD 9446 c,HD 9446,1,2,Radial Velocity,2009.0,Haute-Provence Observatory,Published Confirmed,0,192.9,,578.426,,G5 V,5793.0,1.0,1.0,50.3503
HD 94771 b,HD 94771,1,1,Radial Velocity,2023.0,La Silla Observatory,Published Confirmed,0,2164.0,,169.0,,G3/G5 V,5631.0,1.903,1.2,57.7807
HD 94834 b,HD 94834,1,1,Radial Velocity,2018.0,W. M. Keck Observatory,Published Confirmed,0,1576.0,,400.4658,,,4798.0,4.2,1.11,98.1609
HD 94890 b,HD 94890,1,2,Radial Velocity,2025.0,La Silla Observatory,Published Confirmed,0,824.61,,676.97450691,,K0 III,4867.0,10.71,1.74,61.7012
HD 94890 c,HD 94890,1,2,Radial Velocity,2025.0,La Silla Observatory,Published Confirmed,0,2492.19,,2831.85110637,,K0 III,4867.0,10.71,1.74,61.7012
HD 95086 b,HD 95086,1,1,Imaging,2013.0,Paranal Observatory,Published Confirmed,0,,,1748.065,1108.0,,7595.0,1.48667,1.77,86.2279
HD 95089 b,HD 95089,1,2,Radial Velocity,2009.0,W. M. Keck Observatory,Published Confirmed,0,464.4,,400.4658,,,4918.0,5.08,1.54,136.957
HD 95089 c,HD 95089,1,2,Radial Velocity,2018.0,W. M. Keck Observatory,Published Confirmed,0,1785.0,,1096.5135,,,4918.0,5.08,1.54,136.957
HD 95127 b,HD 95127,1,1,Radial Velocity,2015.0,McDonald Observatory,Published Confirmed,0,482.0,,1592.26,,K0,4218.0,20.0,1.2,676.579
HD 95338 b,HD 95338,1,1,Radial Velocity,2020.0,Las Campanas Observatory,Published Confirmed,0,55.087,3.89,42.44,385.0,K0.5 V,5212.0,0.87,0.83,36.9941
HD 95544 b,HD 95544,1,1,Radial Velocity,2021.0,Haute-Provence Observatory,Published Confirmed,0,2172.0,,2173.94630388,156.5,G3 V,5722.0,1.088,1.09,87.8049
HD 95735 c,GJ 411,1,2,Radial Velocity,2021.0,Multiple Observatories,Published Confirmed,0,3190.0,,18.05265352,,,3719.95,0.369083,0.391846,5.675773
HD 95872 b,HD 95872,1,1,Radial Velocity,2015.0,Multiple Facilities,Published Confirmed,0,4375.0,,1188.6842,,,5312.0,0.84,0.7,72.2195
HD 96063 b,HD 96063,1,1,Radial Velocity,2011.0,W. M. Keck Observatory,Published Confirmed,0,361.1,,286.0,,,5148.0,4.5,1.02,140.065
HD 96127 b,HD 96127,1,1,Radial Velocity,2011.0,McDonald Observatory,Published Confirmed,0,647.3,,1271.32,,K2 III,4152.0,35.0,0.91,587.659
HD 96167 b,HD 96167,2,1,Radial Velocity,2009.0,W. M. Keck Observatory,Published Confirmed,0,498.1,,225.6593,,G5,5733.0,1.94,1.27,85.3006
HD 96700 b,HD 96700,1,3,Radial Velocity,2021.0,La Silla Observatory,Published Confirmed,0,8.1245,,8.9,,G0 V,5845.0,,0.89,25.4111
HD 96700 c,HD 96700,1,3,Radial Velocity,2021.0,La Silla Observatory,Published Confirmed,0,19.88,,3.5,,G0 V,5845.0,,0.89,25.4111
HD 96700 d,HD 96700,1,3,Radial Velocity,2021.0,La Silla Observatory,Published Confirmed,0,103.5,,12.7,,G0 V,5845.0,,0.89,25.4111
HD 96992 b,HD 96992,1,1,Radial Velocity,2021.0,Multiple Observatories,Published Confirmed,0,514.0,,362.3262,,,4725.0,7.43,0.96,396.082
HD 97037 b,HD 97037,1,1,Radial Velocity,2022.0,Multiple Observatories,Published Confirmed,0,6449.08337,,6707.76852973,,,,,1.06,32.413
HD 97048 b,HD 97048,1,1,Disk Kinematics,2019.0,Atacama Large Millimeter Array (ALMA),Published Confirmed,0,,,794.575,,Be9.5/AO,10000.0,2.25,2.4,183.857
HD 97658 b,HD 97658,1,1,Radial Velocity,2010.0,W. M. Keck Observatory,Published Confirmed,0,9.4903,2.247,7.55,757.0,K1,5170.0,0.741,0.77,21.5618
HD 98219 b,HD 98219,1,1,Radial Velocity,2011.0,W. M. Keck Observatory,Published Confirmed,0,436.89999,,699.226,,,4946.0,3.85,1.71,113.704
HD 98649 b,HD 98649,1,1,Radial Velocity,2012.0,La Silla Observatory,Published Confirmed,0,6022.9725,,2158.0657,,G3/G5 V,5790.0,1.01,1.03,42.1727
HD 98736 b,HD 98736,2,1,Radial Velocity,2018.0,W. M. Keck Observatory,Published Confirmed,0,968.8,,740.5439,,,5271.0,0.93,0.92,32.4459
HD 99109 b,HD 99109,1,1,Radial Velocity,2005.0,W. M. Keck Observatory,Published Confirmed,0,441.0,,150.65066492,,,5323.91,0.986304,0.969168,54.7901
HD 99283 b,HD 99283,1,1,Radial Velocity,2021.0,Okayama Astrophysical Observatory,Published Confirmed,0,310.4,,308.29355479,,K0 III,4886.0,11.21,1.76,111.093
HD 99492 b,HD 99492,2,2,Radial Velocity,2004.0,W. M. Keck Observatory,Published Confirmed,0,17.038,,35.59696,,K2 V,4954.0,,0.775,18.2038
HD 99492 c,HD 99492,2,2,Radial Velocity,2023.0,Roque de los Muchachos Observatory,Published Confirmed,0,95.233,,17.9,,K2 V,4929.0,,0.85,18.2038
HD 99706 b,HD 99706,1,2,Radial Velocity,2011.0,W. M. Keck Observatory,Published Confirmed,0,841.0,,390.9309,,,4862.0,5.52,1.46,146.6
HD 99706 c,HD 99706,1,2,Radial Velocity,2018.0,W. M. Keck Observatory,Published Confirmed,0,1278.0,,1808.4527,,,,,1.72,146.6
HIP 105854 b,HIP 105854,1,1,Radial Velocity,2014.0,Multiple Observatories,Published Confirmed,0,184.2,,2606.1,,K2 III,4780.0,,2.1,78.6381
HIP 107772 b,HIP 107772,1,1,Radial Velocity,2020.0,Multiple Observatories,Published Confirmed,0,55.199,,12.9,,M0 V,,,0.63,23.6434
HIP 107773 b,HIP 107773,1,1,Radial Velocity,2015.0,Multiple Observatories,Published Confirmed,0,144.3,,629.3034,,K1 III,4945.0,11.6,2.42,105.18
HIP 109384 b,HIP 109384,1,1,Radial Velocity,2016.0,Haute-Provence Observatory,Published Confirmed,0,499.48,,495.8148,,G5,5180.0,,0.78,58.9582
HIP 109600 b,HIP 109600,2,1,Radial Velocity,2016.0,Haute-Provence Observatory,Published Confirmed,0,232.08,,851.7844,,G5,5530.0,,0.87,66.3361
HIP 111909 b,HIP 111909,1,2,Radial Velocity,2025.0,Multiple Observatories,Published Confirmed,0,487.08,,384.57237247,,K1 III,4891.0,4.53,1.28,88.077
HIP 111909 c,HIP 111909,1,2,Radial Velocity,2025.0,Multiple Observatories,Published Confirmed,0,893.63,,257.44100967,,K1 III,4891.0,4.53,1.28,88.077
HIP 113103 b,HIP 113103,1,2,Transit,2023.0,Transiting Exoplanet Survey Satellite (TESS),Published Confirmed,0,7.610303,1.829,,721.0,,4930.0,0.742,0.761,46.2122
HIP 113103 c,HIP 113103,1,2,Transit,2023.0,Transiting Exoplanet Survey Satellite (TESS),Published Confirmed,0,14.245648,2.4,,585.0,,4930.0,0.742,0.761,46.2122
HIP 114933 b,HIP 114933,1,1,Radial Velocity,2021.0,Multiple Observatories,Published Confirmed,0,1479.03,,559.37799632,,K0 III,4824.0,5.27,1.39,101.766
HIP 116454 b,HIP 116454,2,1,Transit,2014.0,K2,Published Confirmed,0,9.1205,2.53,11.82,690.0,K1,5089.0,0.716,0.775,62.4491
HIP 12961 b,HIP 12961,1,1,Radial Velocity,2010.0,La Silla Observatory,Published Confirmed,0,57.435,,114.4188,,,3901.0,0.65,0.69,23.371
HIP 14810 b,HIP 14810,1,3,Radial Velocity,2005.0,W. M. Keck Observatory,Published Confirmed,0,6.673892,,1239.537,,G5,5544.0,1.07,1.01,50.48
HIP 14810 c,HIP 14810,1,3,Radial Velocity,2006.0,W. M. Keck Observatory,Published Confirmed,0,147.747,,416.3573,,G5,5544.0,1.07,1.01,50.48
HIP 14810 d,HIP 14810,1,3,Radial Velocity,2009.0,W. M. Keck Observatory,Published Confirmed,0,981.8,,187.5197,,G5,5544.0,1.07,1.01,50.48
HIP 18606 b,HIP 18606,1,1,Radial Velocity,2025.0,Multiple Observatories,Published Confirmed,0,674.94,,244.72787339,,K0/1 III,4860.0,4.83,1.21,47.0288
HIP 19976 b,HIP 19976,2,1,Radial Velocity,2022.0,Multiple Observatories,Published Confirmed,0,50.65905,,21.61233168,,,,,0.67,40.2707
HIP 21152 b,HIP 21152,2,1,Imaging,2022.0,Multiple Observatories,Published Confirmed,0,22000.0,,7627.881768,1300.0,F5 V,6655.0,,1.4,43.4073
HIP 29442 c,TOI-469,1,3,Radial Velocity,2023.0,Paranal Observatory,Published Confirmed,0,3.53796,1.58,4.5,1217.0,,5289.0,0.98,0.89,68.192
HIP 29442 d,TOI-469,1,3,Radial Velocity,2023.0,Paranal Observatory,Published Confirmed,0,6.42975,1.37,5.1,998.0,,5289.0,0.98,0.89,68.192
HIP 34222 b,HIP 34222,1,1,Radial Velocity,2021.0,Cerro Tololo Inter-American Observatory,Published Confirmed,0,159.986,,263.79757781,,K7 V,,,0.62,22.8386
HIP 35173 b,HIP 35173,1,1,Radial Velocity,2019.0,Las Campanas Observatory,Published Confirmed,0,41.516,,12.7,,K2 V,4881.0,,0.79,33.1562
HIP 35965 b,HIP 35965,1,1,Radial Velocity,2022.0,Multiple Observatories,Published Confirmed,0,26125.56497,,2589.98368864,,,,,0.78,50.1677
HIP 38594 b,HIP 38594,2,2,Radial Velocity,2020.0,Multiple Observatories,Published Confirmed,0,60.722,,8.1,,M0,,,0.61,17.7886
HIP 38594 c,HIP 38594,2,2,Radial Velocity,2020.0,Multiple Observatories,Published Confirmed,0,3477.768,,48.4,,M0,,,0.61,17.7886
HIP 39017 b,HIP 39017,1,1,Imaging,2024.0,Multiple Observatories,Published Confirmed,0,31000.0,,7500.7504052,,A9/F0,,,1.52,66.3217
HIP 41378 b,HIP 41378,1,6,Transit,2016.0,K2,Published Confirmed,0,15.571893,2.419,9.06,970.67,,6371.0,1.306,1.245,106.289
HIP 41378 c,HIP 41378,1,6,Transit,2016.0,K2,Published Confirmed,0,31.70838,2.505,6.53,765.87,,6371.0,1.306,1.245,106.289
HIP 41378 d,HIP 41378,1,6,Transit,2016.0,K2,Published Confirmed,0,278.3618,3.54,4.6,367.0,,6320.0,1.273,1.16,106.289
HIP 41378 e,HIP 41378,1,6,Transit,2016.0,K2,Published Confirmed,0,369.0,4.92,12.0,335.0,,6320.0,1.273,1.16,106.289
HIP 41378 f,HIP 41378,1,6,Transit,2016.0,K2,Published Confirmed,0,542.07975,9.2,12.0,294.0,,6320.0,1.273,1.16,106.289
HIP 41378 g,HIP 41378,1,6,Radial Velocity,2025.0,W. M. Keck Observatory,Published Confirmed,0,62.06,,7.0,605.0,,6320.0,1.273,1.16,106.289
HIP 4845 b,HIP 4845,1,1,Radial Velocity,2020.0,Multiple Observatories,Published Confirmed,0,34.15,,14.4,,,,,0.62,21.0974
HIP 48714 b,HIP 48714,1,1,Radial Velocity,2020.0,Multiple Observatories,Published Confirmed,0,17.818,,22.9,,M0.5 Ve,,,0.58,10.5298
HIP 5158 b,HIP 5158,1,2,Radial Velocity,2009.0,La Silla Observatory,Published Confirmed,0,345.72,,305.1168,,,4813.0,0.75,0.43,51.6026
HIP 5158 c,HIP 5158,1,2,Radial Velocity,2011.0,La Silla Observatory,Published Confirmed,0,9017.76,,4780.1632,,,4813.0,0.754089,0.78,51.6026
HIP 54373 b,HIP 54373,1,2,Radial Velocity,2019.0,Las Campanas Observatory,Published Confirmed,0,7.76,,8.62,,K5 V,4021.0,,0.57,18.7168
HIP 54373 c,HIP 54373,1,2,Radial Velocity,2019.0,Las Campanas Observatory,Published Confirmed,0,15.144,,12.44,,K5 V,4021.0,,0.57,18.7168
HIP 54515 b,HIP 54515,1,1,Imaging,2026.0,Subaru Telescope,Published Confirmed,0,33000.0,,5625.5628039,,A5 V,8100.0,,1.9,82.8101
HIP 54597 b,HIP 54597,1,1,Radial Velocity,2023.0,La Silla Observatory,Published Confirmed,0,3250.0,,639.0,,K5 V,4799.0,0.66,0.69,39.7429
HIP 55507 b,HIP 55507,1,1,Radial Velocity,2022.0,Multiple Observatories,Published Confirmed,0,5138.43727,,2585.53409095,,,,,0.65,25.4893
HIP 56640 b,HIP 56640,1,1,Radial Velocity,2021.0,Multiple Observatories,Published Confirmed,0,2574.9,,1166.43025369,,K1 III,4769.0,4.93,1.04,122.324
HIP 57274 b,HIP 57274,1,3,Radial Velocity,2011.0,W. M. Keck Observatory,Published Confirmed,0,8.1352,,11.6,,K4 V,4640.0,0.68,0.73,25.8618
HIP 57274 c,HIP 57274,1,3,Radial Velocity,2011.0,W. M. Keck Observatory,Published Confirmed,0,32.03,,130.0,,K4 V,4640.0,0.68,0.73,25.8618
HIP 57274 d,HIP 57274,1,3,Radial Velocity,2011.0,W. M. Keck Observatory,Published Confirmed,0,431.7,,167.4,,K4 V,4640.0,0.68,0.73,25.8618
HIP 5763 b,HIP 5763,1,1,Radial Velocity,2021.0,Cerro Tololo Inter-American Observatory,Published Confirmed,0,30.014,,162.09248757,,K6 V,,,0.72,31.9043
HIP 63242 b,HIP 63242,1,1,Radial Velocity,2013.0,Multiple Observatories,Published Confirmed,0,124.6,,2917.56,,G8,4830.0,,1.54,156.456
HIP 65 A b,HIP 65 A,2,1,Transit,2020.0,Transiting Exoplanet Survey Satellite (TESS),Published Confirmed,0,0.9809734,22.75427,1021.18779,1411.0,K4 V,4590.0,0.7242,0.781,61.7856
HIP 65407 b,HIP 65407,1,2,Radial Velocity,2016.0,Haute-Provence Observatory,Published Confirmed,0,28.125,,136.03124,,K0,5460.0,,0.93,61.7804
HIP 65407 c,HIP 65407,1,2,Radial Velocity,2016.0,Haute-Provence Observatory,Published Confirmed,0,67.3,,249.17872,,K0,5460.0,,0.93,61.7804
HIP 65426 b,HIP 65426,1,1,Imaging,2017.0,Paranal Observatory,Published Confirmed,0,,16.8135,2860.47,1500.0,A2 V,8840.0,1.77,1.96,108.875
HIP 65891 b,HIP 65891,1,1,Radial Velocity,2015.0,Multiple Observatories,Published Confirmed,1,1084.5,,1906.98,,K0 III,5000.0,8.93,2.5,150.292
HIP 66074 b,HIP 66074,1,1,Astrometry,2023.0,European Space Agency (ESA) Gaia Satellite,Published Confirmed,0,310.9,,1589.142035,,,4300.0,0.69,0.705,35.4438
HIP 67522 b,HIP 67522,1,2,Transit,2020.0,Transiting Exoplanet Survey Satellite (TESS),Published Confirmed,0,6.9594731,9.9872018,,1175.0,,5675.0,1.38,1.22,127.28
HIP 67522 c,HIP 67522,1,2,Transit,2024.0,Transiting Exoplanet Survey Satellite (TESS),Published Confirmed,0,14.334892,7.93595834,,917.0,,5675.0,1.38,1.22,127.28
HIP 67537 b,HIP 67537,1,1,Radial Velocity,2017.0,Multiple Observatories,Published Confirmed,0,2556.5,,3527.913,,K1 III,4985.0,8.69,2.41,116.046
HIP 67851 b,HIP 67851,1,2,Radial Velocity,2015.0,Multiple Observatories,Published Confirmed,0,89.06,,429.05,,K0 III,4805.0,5.87,1.3,64.1181
HIP 67851 c,HIP 67851,1,2,Radial Velocity,2015.0,Multiple Observatories,Published Confirmed,0,3268.56,,1484.25866069,,K0 III,4807.0,5.72,1.19,64.1181
HIP 70849 b,HIP 70849,2,1,Radial Velocity,2009.0,La Silla Observatory,Published Confirmed,0,17337.5,,2860.0,,K7 V,4105.0,,0.63,24.0572
HIP 71135 b,HIP 71135,1,1,Radial Velocity,2019.0,Las Campanas Observatory,Published Confirmed,0,87.19,,18.8,,M1,4146.0,,0.66,32.3311
HIP 74890 b,HIP 74890,1,1,Radial Velocity,2016.0,Multiple Observatories,Published Confirmed,0,812.47,,610.23054144,,K1 III,4824.0,4.62,1.31,78.6562
HIP 75092 b,HIP 75092,1,1,Radial Velocity,2021.0,Multiple Observatories,Published Confirmed,0,970.78,,483.09917864,,K0 III,4891.0,4.53,1.28,81.6696
HIP 77900 b,HIP 77900,1,1,Imaging,2024.0,European Space Agency (ESA) Gaia Satellite,Published Confirmed,0,,,6674.396547,2507.0,,,,,150.862
HIP 78530 b,HIP 78530,1,1,Imaging,2010.0,Gemini Observatory,Published Confirmed,0,,,7300.0,2700.0,B9 V,10500.0,,2.5,136.759
HIP 79098 AB b,HIP 79098 AB,2,1,Imaging,2019.0,Paranal Observatory,Published Confirmed,0,,,6515.515,2450.0,,,,3.75,145.798
HIP 79431 b,HIP 79431,1,1,Radial Velocity,2009.0,W. M. Keck Observatory,Published Confirmed,0,111.7,,667.415,,M3 V,3191.0,,0.49,14.5324
HIP 81208 C b,HIP 81208 C,3,1,Imaging,2023.0,Paranal Observatory,Published Confirmed,0,104100.0,,4703.8604236,2050.0,M,,,0.135,147.533
HIP 8152 b,HIP 8152,1,2,Transit,2023.0,Transiting Exoplanet Survey Satellite (TESS),Published Confirmed,0,10.751014,2.53625843,8.9,794.96,,5618.0,0.9603,0.9373,101.694
HIP 8152 c,HIP 8152,1,2,Transit,2023.0,Transiting Exoplanet Survey Satellite (TESS),Published Confirmed,0,19.6053,2.48,9.4,699.0,,5530.0,0.95,0.91,101.694
HIP 8541 b,HIP 8541,2,2,Radial Velocity,2016.0,Multiple Observatories,Published Confirmed,0,1583.72,,1496.97179697,,K2 III/IV,4672.0,6.84,0.96,155.121
HIP 86221 b,HIP 86221,1,1,Radial Velocity,2021.0,Cerro Tololo Inter-American Observatory,Published Confirmed,0,2.224,,225.65816897,,K5 V,,,0.79,29.4898
HIP 90988 b,HIP 90988,1,1,Radial Velocity,2021.0,Multiple Observatories,Published Confirmed,1,453.9,,622.94367772,,K1 III,4883.0,3.94,1.3,94.0349
HIP 91258 b,HIP 91258,1,1,Radial Velocity,2013.0,Haute-Provence Observatory,Published Confirmed,0,5.0505,,339.428,,G5 V,5519.0,1.0,0.95,45.8846
HIP 94235 b,HIP 94235,2,1,Transit,2022.0,Transiting Exoplanet Survey Satellite (TESS),Published Confirmed,0,7.713057,3.0,379.0,1060.0,G V,5991.0,1.08,1.094,58.5146
HIP 948 b,HIP 948,1,1,Radial Velocity,2022.0,Multiple Observatories,Published Confirmed,0,24955.45756,,6547.2651842,,,,,0.71,34.8523
HIP 9618 b,HIP 9618,1,2,Transit,2023.0,Transiting Exoplanet Survey Satellite (TESS),Published Confirmed,0,20.772907,3.9,10.0,663.4,,5609.0,0.9662,1.022,67.5478
HIP 9618 c,HIP 9618,1,2,Transit,2023.0,Transiting Exoplanet Survey Satellite (TESS),Published Confirmed,0,52.56363,3.42855926,7.0,470.31,,5649.0,0.9593,0.942,67.5478
HIP 97166 b,HIP 97166,1,2,Transit,2021.0,Transiting Exoplanet Survey Satellite (TESS),Published Confirmed,0,10.28891,2.74,20.0,757.0,K0 V,5198.0,0.836,0.898,65.9501
HIP 97166 c,HIP 97166,1,2,Radial Velocity,2021.0,Multiple Observatories,Published Confirmed,0,16.84,,9.9,642.0,K0 V,5198.0,0.836,0.898,65.9501
HIP 97233 b,HIP 97233,1,1,Radial Velocity,2014.0,Multiple Observatories,Published Confirmed,0,1058.8,,6356.3,,K0,5020.0,5.34,1.93,102.275
HIP 99770 b,HIP 99770,1,1,Imaging,2023.0,Multiple Observatories,Published Confirmed,0,18600.0,,5117.0373527,,A5-A6,8000.0,,1.85,40.0765
HN Lib b,HN Lib,1,1,Radial Velocity,2023.0,Calar Alto Observatory,Published Confirmed,0,36.116,,5.46,234.4,M4.0 V,3347.0,0.299,0.291,6.24442
HN Peg b,HN Peg,1,1,Imaging,2006.0,Spitzer Space Telescope,Published Confirmed,0,,11.7768,6991.57,,G0 V,,,,18.1186
HR 2562 b,HR 2562,1,1,Imaging,2016.0,Gemini Observatory,Published Confirmed,0,,,4195.3349724,1255.0,F5 V,6597.0,1.334,1.368,34.0071
HR 5183 b,HR 5183,2,1,Radial Velocity,2019.0,Multiple Observatories,Published Confirmed,0,27000.0,,1026.5909,171.0,,5794.0,1.53,1.07,31.4607
HR 810 b,HR 810,1,1,Radial Velocity,1999.0,La Silla Observatory,Published Confirmed,0,302.79999,,721.4741,,,6167.0,1.13,1.34,17.3181
HR 858 b,HR 858,2,3,Transit,2019.0,Transiting Exoplanet Survey Satellite (TESS),Published Confirmed,0,3.585287,2.004,3.55,1552.0,,6354.0,1.258,1.204,31.964
HR 858 c,HR 858,2,3,Transit,2019.0,Transiting Exoplanet Survey Satellite (TESS),Published Confirmed,0,5.973865,1.979,3.8,1309.0,,6354.0,1.258,1.204,31.964
HR 858 d,HR 858,2,3,Transit,2019.0,Transiting Exoplanet Survey Satellite (TESS),Published Confirmed,0,11.230511,2.001,7.1,1061.0,,6354.0,1.258,1.204,31.964
HR 8799 b,HR 8799,1,4,Imaging,2008.0,Gemini Observatory,Published Confirmed,0,170000.0,13.0,2000.0,,A5 V,,,1.5,41.2441
HR 8799 c,HR 8799,1,4,Imaging,2008.0,Gemini Observatory,Published Confirmed,0,,11.209,,1200.0,,7204.58,1.49338,1.61,41.2441
HR 8799 d,HR 8799,1,4,Imaging,2008.0,W. M. Keck Observatory,Published Confirmed,0,37000.0,13.0,3000.0,,A5 V,,,1.5,41.2441
HR 8799 e,HR 8799,1,4,Imaging,2010.0,W. M. Keck Observatory,Published Confirmed,0,,10.0881,,1300.0,,7204.58,1.49338,1.61,41.2441
HS Psc b,HS Psc,1,1,Radial Velocity,2024.0,McDonald Observatory,Published Confirmed,0,3.986,,464.02947422,,K7 V,4203.0,0.65,0.69,37.6604
HU Aqr AB b,HU Aqr,2,2,Eclipse Timing Variations,2011.0,Yunnan Astronomical Observatory,Published Confirmed,1,2390.0,,1875.197,,,,,0.88,
HU Aqr AB c,HU Aqr,2,2,Eclipse Timing Variations,2011.0,Yunnan Astronomical Observatory,Published Confirmed,1,4368.0,,1430.235,,,,,0.88,
IC 4651 9122 b,IC 4651 9122,1,1,Radial Velocity,2018.0,La Silla Observatory,Published Confirmed,1,734.0,,2002.329,,,,,2.1,859.324
IRAS 04125+2902 b,IRAS 04125+2902,2,1,Transit,2024.0,Transiting Exoplanet Survey Satellite (TESS),Published Confirmed,0,8.834978,10.73820351,,854.0,,4080.0,1.45,0.7,159.244
ITG 15 b,ITG 15 A,2,1,Imaging,2024.0,European Space Agency (ESA) Gaia Satellite,Published Confirmed,0,,,6674.396547,2601.0,,,,,136.37
K2-10 b,K2-10,1,1,Transit,2015.0,K2,Published Confirmed,0,19.30553,3.773,25.2,649.0,,5533.0,0.956,0.88,272.36
K2-100 b,K2-100,1,1,Transit,2016.0,K2,Published Confirmed,0,1.6739035,3.88,21.8,1841.0,G0 V,5945.0,1.24,1.15,188.959
K2-101 b,K2-101,1,1,Transit,2016.0,K2,Published Confirmed,0,14.6762429,2.0,,618.0,,4927.0,0.76,0.82,188.33
K2-102 b,K2-102,1,1,Transit,2016.0,K2,Published Confirmed,0,9.915615,1.3,,,,4695.0,0.71,0.77,188.175
K2-104 b,K2-104,1,1,Transit,2016.0,K2,Published Confirmed,0,1.9741954,1.79,,798.0,,3712.0,0.48,0.51,189.289
K2-105 b,K2-105,1,1,Transit,2017.0,K2,Published Confirmed,0,8.26726,3.4,15.4,805.0,,5373.0,0.905,0.94,197.989
K2-107 b,K2-107,1,1,Transit,2017.0,K2,Published Confirmed,0,3.31392,16.14096,266.9772,1780.0,F9 IV,6030.0,1.78,1.3,685.2
K2-108 b,K2-108,1,1,Transit,2017.0,K2,Published Confirmed,0,4.73401,5.28,59.4,1446.0,,5474.0,1.75,2.83,477.295
K2-11 b,K2-11,1,1,Transit,2015.0,K2,Published Confirmed,0,39.93767,7.55,,734.0,,5433.0,5.15,1.35,329.309
K2-110 b,K2-110,1,1,Transit,2017.0,K2,Published Confirmed,0,13.86375,2.592,16.7,640.0,K3 V,5010.0,0.713,0.738,116.474
K2-111 b,K2-111,1,2,Transit,2017.0,K2,Published Confirmed,0,5.3518963,1.837,5.35,1293.0,G2,5775.0,1.25,0.84,200.394
K2-111 c,K2-111,1,2,Radial Velocity,2020.0,Multiple Observatories,Published Confirmed,0,15.6748,,11.1,923.0,G2,5775.0,1.25,0.84,200.394
K2-113 b,K2-113,1,1,Transit,2017.0,K2,Published Confirmed,0,5.817608,10.42437,410.0007,1178.0,G,5627.0,1.047,1.007,635.722
K2-114 b,K2-114,1,1,Transit,2017.0,K2,Published Confirmed,0,11.3909311,10.44677001,638.83509807,701.0,,4920.0,0.824,0.86,475.758
K2-115 b,K2-115,1,1,Transit,2017.0,K2,Published Confirmed,0,20.2729914,11.80305668,321.00669107,696.0,,5870.0,0.855,0.918,413.591
K2-116 b,K2-116,1,1,Transit,2017.0,K2,Published Confirmed,0,4.655411,0.69,,,,4348.35,0.6694,0.694512,49.3855
K2-117 b,K2-117,1,2,Transit,2017.0,K2,Published Confirmed,0,1.291563,2.03,,,M1.0 V,3676.0,0.513,0.532,101.632
K2-117 c,K2-117,1,2,Transit,2017.0,K2,Published Confirmed,0,5.444017,2.06,,537.0,,3778.0,0.51,0.54,101.632
K2-118 b,K2-118,1,1,Transit,2017.0,K2,Published Confirmed,0,50.92092,2.54,,,,4726.29,0.734626,0.756446,321.722
K2-119 b,K2-119,1,1,Transit,2017.0,K2,Published Confirmed,0,7.727283,2.53,,666.0,,4740.0,0.71,0.76,365.581
K2-12 b,K2-12,1,1,Transit,2015.0,K2,Published Confirmed,0,8.28246,2.44,5.2,1026.0,,5672.0,1.117,0.965,326.381
K2-121 b,K2-121,1,1,Transit,2017.0,K2,Published Confirmed,0,5.185738,7.16,51.0,716.0,,4526.0,0.675,0.71,169.398
K2-122 b,K2-122,2,1,Transit,2017.0,K2,Published Confirmed,0,2.2193023,1.16,,769.0,,4009.0,0.59,0.63,72.0444
K2-123 b,K2-123,1,1,Transit,2017.0,K2,Published Confirmed,0,30.951524,2.76,,338.0,,4035.0,0.59,0.62,161.555
K2-124 b,K2-124,1,1,Transit,2017.0,K2,Published Confirmed,0,6.413651,2.9,,442.0,,3570.0,0.388,0.39,140.385
K2-125 b,K2-125,1,1,Transit,2017.0,K2,Published Confirmed,0,21.750264,2.18,,,,3654.47,0.402049,0.494727,124.156
K2-126 b,K2-126,1,1,Transit,2017.0,K2,Published Confirmed,0,7.385655,1.97,,601.0,,4339.0,0.65,0.69,102.953
K2-127 b,K2-127,1,1,Transit,2017.0,K2,Published Confirmed,0,3.588163,8.37,,809.0,,4575.0,0.66,0.72,709.999
K2-128 b,K2-128,1,1,Transit,2017.0,K2,Published Confirmed,0,5.675819,1.42,,,,4469.51,0.777569,0.711248,114.637
K2-129 b,K2-129,1,1,Transit,2017.0,K2,Published Confirmed,0,8.239493,1.04,,,,3459.09,0.36001,0.360031,27.7957
K2-13 b,K2-13,1,1,Transit,2015.0,K2,Published Confirmed,0,39.91488,1.89,,511.0,,5698.0,0.78,0.8,342.394
K2-130 b,K2-130,1,1,Transit,2017.0,K2,Published Confirmed,0,2.49412,1.25,,,,4356.47,0.744261,0.69563,118.011
K2-131 b,K2-131,1,1,Transit,2017.0,K2,Published Confirmed,0,0.3693038,1.69,7.9,2223.0,,5120.0,0.7595,0.803,152.509
K2-132 b,K2-132,1,1,Transit,2017.0,K2,Published Confirmed,0,9.1708,12.206601,157.32585,1586.0,,4878.0,4.11,1.19,609.818
K2-133 b,K2-133,1,4,Transit,2017.0,K2,Published Confirmed,0,3.07133,1.34,,,M1.5 V,3655.0,0.455,0.461,75.1703
K2-133 c,K2-133,1,4,Transit,2017.0,K2,Published Confirmed,0,4.8682,1.48,,,M1 V,3655.0,0.47,0.51,75.1703
K2-133 d,K2-133,1,4,Transit,2017.0,K2,Published Confirmed,0,11.02454,2.003,,,M1.5 V,3655.0,0.455,0.461,75.1703
K2-133 e,K2-133,1,4,Transit,2019.0,K2,Published Confirmed,0,26.5841,1.73,,296.0,M1.5 V,3655.0,0.455,0.461,75.1703
K2-136 b,K2-136,2,3,Transit,2017.0,K2,Published Confirmed,0,7.9752,1.014,4.3,610.0,,4500.0,0.677,0.742,59.2474
K2-136 c,K2-136,2,3,Transit,2017.0,K2,Published Confirmed,0,17.30713,3.0,18.1,470.0,,4500.0,0.677,0.742,59.2474
K2-136 d,K2-136,2,3,Transit,2017.0,K2,Published Confirmed,0,25.575,1.565,3.0,420.0,,4500.0,0.677,0.742,59.2474
K2-137 b,K2-137,1,1,Transit,2017.0,K2,Published Confirmed,0,0.179715,0.89,158.915,1471.0,M3 V,3492.0,0.442,0.463,98.8765
K2-138 b,K2-138,1,6,Transit,2017.0,K2,Published Confirmed,0,2.35321,1.49,,1157.0,G8 V,5283.0,0.839,0.916,202.585
K2-138 c,K2-138,1,6,Transit,2017.0,K2,Published Confirmed,0,3.56015,2.26,,1012.0,G8 V,5283.0,0.839,0.916,202.585
K2-138 d,K2-138,1,6,Transit,2017.0,K2,Published Confirmed,0,5.40484,2.46,,888.0,G8 V,5283.0,0.839,0.916,202.585
K2-138 e,K2-138,1,6,Transit,2017.0,K2,Published Confirmed,0,8.26147,3.11,,757.0,G8 V,5283.0,0.839,0.916,202.585
K2-138 f,K2-138,1,6,Transit,2017.0,K2,Published Confirmed,0,12.75758,2.73,,653.0,G8 V,5283.0,0.839,0.916,202.585
K2-138 g,K2-138,1,6,Transit,2021.0,K2,Published Confirmed,0,41.96645,3.18,,445.0,G8 V,5283.0,0.839,0.916,202.585
K2-139 b,K2-139,1,1,Transit,2017.0,K2,Published Confirmed,0,28.38236,9.056872,123.00021,565.0,K0 V,5340.0,0.862,0.919,153.856
K2-14 b,K2-14,1,1,Transit,2015.0,K2,Published Confirmed,0,8.36802,4.81,,488.0,,3789.0,0.45,0.47,364.048
K2-140 b,K2-140,1,1,Transit,2017.0,K2,Published Confirmed,0,6.569188,13.56286665,295.58041851,962.0,G6 V,5585.0,1.06,0.96,347.917
K2-141 b,K2-141,1,2,Transit,2018.0,K2,Published Confirmed,0,0.2803226,1.54,5.31,2039.0,K7 V,4373.0,0.674,0.662,61.8736
K2-141 c,K2-141,1,2,Transit,2018.0,K2,Published Confirmed,0,7.7485,7.0,8.0,695.0,,4570.0,0.681,0.708,61.8736
K2-146 b,K2-146,1,2,Transit,2018.0,K2,Published Confirmed,0,2.6698,2.25,5.6,,M3.0 V,3385.0,0.35,0.358,79.3002
K2-146 c,K2-146,1,2,Transit,2019.0,K2,Published Confirmed,0,3.9663,2.59,7.1,,M3.0 V,3385.0,0.35,0.358,79.3002
K2-147 b,K2-147,1,1,Transit,2018.0,K2,Published Confirmed,0,0.961939,1.47286006,,1077.0,,3690.0,0.578,0.563,90.5494
K2-148 b,K2-148,2,3,Transit,2018.0,K2,Published Confirmed,0,4.38395,1.33,,,,4079.0,0.632,0.65,124.458
K2-148 c,K2-148,2,3,Transit,2018.0,K2,Published Confirmed,0,6.9226,1.73,,,,4079.0,0.632,0.65,124.458
K2-148 d,K2-148,2,3,Transit,2018.0,K2,Published Confirmed,0,9.7579,1.64,,,,4079.0,0.632,0.65,124.458
K2-149 b,K2-149,1,1,Transit,2018.0,K2,Published Confirmed,0,11.332,1.64,,,M1.0 V,3745.0,0.568,0.595,123.676
K2-15 b,K2-15,1,1,Transit,2015.0,K2,Published Confirmed,0,11.8104,2.48,,676.0,,5131.0,0.68,0.72,493.992
K2-150 b,K2-150,1,1,Transit,2018.0,K2,Published Confirmed,0,10.59357,2.0,,,M2.5 V,3499.0,0.436,0.457,102.483
K2-151 b,K2-151,2,1,Transit,2018.0,K2,Published Confirmed,0,3.835476,1.49,,566.0,,3695.0,0.45,0.47,69.4798
K2-152 b,K2-152,1,1,Transit,2018.0,K2,Published Confirmed,0,32.6527,2.81,,,M0.0 V,3940.0,0.631,0.654,108.449
K2-153 b,K2-153,1,1,Transit,2018.0,K2,Published Confirmed,0,7.51574,2.0,,497.0,,3845.0,0.53,0.55,143.125
K2-154 b,K2-154,1,2,Transit,2018.0,K2,Published Confirmed,0,3.67626,1.99,,715.0,,4097.0,0.63,0.65,129.356
K2-154 c,K2-154,1,2,Transit,2018.0,K2,Published Confirmed,0,7.95478,2.1,,,M0.0 V,3978.0,0.649,0.672,129.356
K2-155 b,K2-155,1,3,Transit,2018.0,K2,Published Confirmed,0,6.342,1.8,,708.0,,4258.0,0.58,0.65,72.7998
K2-155 c,K2-155,1,3,Transit,2018.0,K2,Published Confirmed,0,13.85,2.6,,583.0,,4258.0,0.58,0.65,72.7998
K2-155 d,K2-155,1,3,Transit,2018.0,K2,Published Confirmed,0,40.718,1.9,,381.0,,4258.0,0.58,0.65,72.7998
K2-156 b,K2-156,1,1,Transit,2018.0,K2,Published Confirmed,0,0.81314,1.15,,1347.0,,4597.0,0.66,0.66,150.21
K2-157 b,K2-157,1,3,Transit,2018.0,K2,Published Confirmed,0,0.3652575,0.935,1.14,2432.0,G9 V,5334.0,0.86,0.89,298.373
K2-157 c,K2-157,1,3,Radial Velocity,2025.0,Paranal Observatory,Published Confirmed,0,25.942,,30.8,587.0,G9 V,5334.0,0.86,0.89,298.373
K2-157 d,K2-157,1,3,Radial Velocity,2025.0,Paranal Observatory,Published Confirmed,0,66.5,,23.3,429.1,G9 V,5334.0,0.86,0.89,298.373
K2-158 b,K2-158,1,2,Transit,2018.0,K2,Published Confirmed,0,10.06049,2.64,,794.0,,5503.0,0.95,0.92,197.299
K2-158 c,K2-158,1,2,Transit,2018.0,K2,Published Confirmed,0,5.90279,1.28,,948.0,,5503.0,0.95,0.92,197.299
K2-159 b,K2-159,1,1,Transit,2018.0,K2,Published Confirmed,0,12.42205,2.26,,684.0,,5425.0,0.83,0.9,170.998
K2-16 b,K2-16,1,3,Transit,2015.0,K2,Published Confirmed,0,7.6188,2.02,,658.0,K3 V,4742.0,0.66,0.68,334.967
K2-16 c,K2-16,1,3,Transit,2015.0,K2,Published Confirmed,0,19.07863,2.54,,485.0,K3 V,4742.0,0.66,0.68,334.967
K2-160 b,K2-160,1,1,Transit,2018.0,K2,Published Confirmed,0,3.705871,3.17824034,,,,5649.0,0.913754,0.982829,315.363
K2-161 b,K2-161,1,1,Transit,2018.0,K2,Published Confirmed,0,9.283188,6.11721229,,,,4972.0,2.568173,0.986876,916.319
K2-162 b,K2-162,1,1,Transit,2018.0,K2,Published Confirmed,0,9.45889,1.44,,631.0,,4842.0,0.69,0.75,124.433
K2-163 b,K2-163,1,1,Transit,2018.0,K2,Published Confirmed,0,6.673117,2.46610713,,,,4937.0,0.762201,0.826112,208.529
K2-164 b,K2-164,1,1,Transit,2018.0,K2,Published Confirmed,0,17.355066,3.24925008,,,,5791.0,2.196069,1.180894,375.67
K2-165 b,K2-165,1,3,Transit,2018.0,K2,Published Confirmed,0,2.354992,1.27443657,,,,5185.0,0.803827,0.834847,134.591
K2-165 c,K2-165,1,3,Transit,2018.0,K2,Published Confirmed,0,4.382745,1.55409035,,,,5185.0,0.803827,0.834847,134.591
K2-165 d,K2-165,1,3,Transit,2018.0,K2,Published Confirmed,0,14.101361,2.64809498,,,,5185.0,0.803827,0.834847,134.591
K2-166 b,K2-166,1,2,Transit,2018.0,K2,Published Confirmed,0,8.52695,2.19,,1140.0,,5960.0,1.61,1.16,476.882
K2-167 b,K2-167,1,1,Transit,2018.0,K2,Published Confirmed,0,9.97748,2.3,6.5,1174.0,,6011.0,1.494,1.01,80.8994
K2-168 b,K2-168,1,2,Transit,2018.0,K2,Published Confirmed,0,15.8523,1.86,,766.35,,5502.7,0.83,0.877,243.935
K2-169 b,K2-169,1,1,Transit,2018.0,K2,Published Confirmed,0,6.380803,1.27328671,,,,5548.0,0.919053,0.986144,235.867
K2-17 b,K2-17,1,1,Transit,2015.0,K2,Published Confirmed,0,17.96753,2.23,,487.0,,4320.0,0.66,0.71,125.106
K2-170 b,K2-170,1,2,Transit,2018.0,K2,Published Confirmed,0,7.576544,1.41817537,,,,5748.0,0.981614,0.963657,392.872
K2-170 c,K2-170,1,2,Transit,2018.0,K2,Published Confirmed,0,12.400047,1.8017647,,,,5748.0,0.981614,0.963657,392.872
K2-171 b,K2-171,1,1,Transit,2018.0,K2,Published Confirmed,0,5.628466,2.68657205,,,,5250.0,1.717458,0.891587,606.128
K2-172 b,K2-172,1,2,Transit,2018.0,K2,Published Confirmed,0,14.316941,1.66608079,,,,5569.0,0.868889,0.934356,249.742
K2-172 c,K2-172,1,2,Transit,2018.0,K2,Published Confirmed,0,29.62682,3.20569097,,,,5569.0,0.868889,0.934356,249.742
K2-173 b,K2-173,1,1,Transit,2018.0,K2,Published Confirmed,0,5.868699,1.60826194,,,,5580.0,0.843154,0.881538,228.641
K2-174 b,K2-174,1,1,Transit,2018.0,K2,Published Confirmed,0,19.562307,2.6,,455.0,,4455.0,0.676,0.7,99.9293
K2-175 b,K2-175,1,1,Transit,2018.0,K2,Published Confirmed,0,9.525988,2.03803688,,,,5909.0,1.420038,1.094693,247.266
K2-176 b,K2-176,1,1,Transit,2018.0,K2,Published Confirmed,0,5.329439,1.49090097,,,,5428.0,0.86416,0.938545,247.302
K2-177 b,K2-177,1,1,Transit,2018.0,K2,Published Confirmed,0,14.155185,2.1162048,,,,6063.0,1.213565,1.210525,492.167
K2-178 b,K2-178,1,1,Transit,2018.0,K2,Published Confirmed,0,8.747818,3.55790985,,,,5525.0,0.887267,0.95109,214.753
K2-179 b,K2-179,1,1,Transit,2018.0,K2,Published Confirmed,0,5.172191,2.51267885,,,,5015.0,0.768067,0.824345,190.81
K2-18 b,K2-18,1,2,Transit,2015.0,K2,Published Confirmed,0,32.93963,2.38,7.96,235.0,,3457.0,0.411,0.359,38.0266
K2-18 c,K2-18,1,2,Radial Velocity,2017.0,La Silla Observatory,Published Confirmed,1,8.962,,7.51,363.0,,3457.0,0.411,0.359,38.0266
K2-180 b,K2-180,1,1,Transit,2018.0,K2,Published Confirmed,0,8.8665,2.24179614,11.44182265,729.0,K2 V,5110.0,0.69,0.71,203.896
K2-181 b,K2-181,1,1,Transit,2018.0,K2,Published Confirmed,0,6.893813,2.83587212,,1015.0,,5520.0,1.04,1.022,360.911
K2-182 b,K2-182,1,1,Transit,2018.0,K2,Published Confirmed,0,4.7369696,2.71257333,20.97667486,965.8,,5128.0,0.789,0.823,154.83
K2-183 b,K2-183,1,3,Transit,2018.0,K2,Published Confirmed,0,0.469269,2.59929571,,,,5482.0,0.873283,0.942219,329.041
K2-183 c,K2-183,1,3,Transit,2018.0,K2,Published Confirmed,0,10.792635,2.87,,787.0,,5519.0,0.97,0.93,329.041
K2-183 d,K2-183,1,3,Transit,2018.0,K2,Published Confirmed,0,22.631964,2.86,,615.0,,5519.0,0.97,0.93,329.041
K2-184 b,K2-184,1,1,Transit,2018.0,K2,Published Confirmed,0,16.9780102,1.47,,533.0,,5245.0,0.75,0.84,75.5857
K2-185 b,K2-185,1,2,Transit,2018.0,K2,Published Confirmed,0,10.616384,1.15,,809.0,,5788.0,0.94,0.96,268.357
K2-185 c,K2-185,1,2,Transit,2018.0,K2,Published Confirmed,0,52.713494,2.39,,477.0,,5788.0,0.94,0.96,268.357
K2-186 b,K2-186,1,1,Transit,2018.0,K2,Published Confirmed,0,41.474219,3.17207779,,,,5784.0,0.98083,1.018617,330.739
K2-187 b,K2-187,1,4,Transit,2018.0,K2,Published Confirmed,0,0.77392,1.3,,1815.0,,5484.0,0.92,0.98,330.916
K2-187 c,K2-187,1,4,Transit,2018.0,K2,Published Confirmed,0,2.872042,1.8,,1173.0,,5484.0,0.92,0.98,330.916
K2-187 d,K2-187,1,4,Transit,2018.0,K2,Published Confirmed,0,7.14921,3.17,,865.0,,5484.0,0.92,0.98,330.916
K2-187 e,K2-187,1,4,Transit,2018.0,K2,Published Confirmed,0,13.609878,2.38,,698.0,,5484.0,0.92,0.98,330.916
K2-188 b,K2-188,1,2,Transit,2018.0,K2,Published Confirmed,0,1.742169,1.35,,1692.0,,5977.0,1.19,1.06,446.821
K2-188 c,K2-188,1,2,Transit,2018.0,K2,Published Confirmed,0,7.810253,2.83,,1026.0,,5977.0,1.19,1.06,446.821
K2-189 b,K2-189,1,2,Transit,2018.0,K2,Published Confirmed,0,2.588309,1.52,,1197.0,,5519.0,0.87,0.94,242.113
K2-189 c,K2-189,1,2,Transit,2018.0,K2,Published Confirmed,0,6.67932,2.31,,877.0,,5442.0,0.879,0.85,242.113
K2-19 b,K2-19,1,3,Transit,2015.0,K2,Published Confirmed,0,7.922806,6.59,30.8,857.0,G9,5350.0,0.824,0.892,289.827
K2-19 c,K2-19,1,3,Transit,2015.0,K2,Published Confirmed,0,11.8977,3.88,11.12,749.0,G9,5350.0,0.824,0.892,289.827
K2-19 d,K2-19,1,3,Transit,2016.0,K2,Published Confirmed,0,2.50827,1.044,6.2,1258.0,G9,5350.0,0.824,0.892,289.827
K2-190 b,K2-190,1,2,Transit,2018.0,K2,Published Confirmed,0,10.098858,1.35673729,,,,5631.0,0.912206,0.904597,160.679
K2-190 c,K2-190,1,2,Transit,2018.0,K2,Published Confirmed,0,21.574023,1.09308317,,,,5631.0,0.912206,0.904597,160.679
K2-191 b,K2-191,1,1,Transit,2018.0,K2,Published Confirmed,0,2.858646,1.57889322,,,,5176.0,0.839696,0.900994,287.188
K2-192 b,K2-192,1,1,Transit,2018.0,K2,Published Confirmed,0,4.162817,1.52,,939.0,,5222.0,0.81,0.9,221.753
K2-193 b,K2-193,1,1,Transit,2018.0,K2,Published Confirmed,0,14.786889,3.95,,739.0,,5817.0,0.98,1.01,411.923
K2-194 b,K2-194,1,1,Transit,2018.0,K2,Published Confirmed,0,39.721386,3.64229858,,,,5979.0,1.281115,1.110086,629.51
K2-195 b,K2-195,1,2,Transit,2018.0,K2,Published Confirmed,0,15.852975,3.13,,720.0,,5713.0,0.99,0.94,315.014
K2-195 c,K2-195,1,2,Transit,2018.0,K2,Published Confirmed,0,28.482786,2.57581891,,,,5712.0,0.906367,0.963364,315.014
K2-196 b,K2-196,1,1,Transit,2018.0,K2,Published Confirmed,0,48.324222,3.59970536,,,,6045.0,1.538801,1.162095,584.877
K2-197 b,K2-197,1,1,Transit,2018.0,K2,Published Confirmed,0,8.357881,2.56,,848.0,,5667.0,0.93,1.0,247.637
K2-198 b,K2-198,1,3,Transit,2018.0,K2,Published Confirmed,0,17.0428683,4.189,,715.8,,5212.9,0.757,0.799,110.567
K2-198 c,K2-198,1,3,Transit,2019.0,K2,Published Confirmed,0,3.3596055,1.423,,1229.9,,5212.9,0.757,0.799,110.567
K2-198 d,K2-198,1,3,Transit,2019.0,K2,Published Confirmed,0,7.4500177,2.438,,943.2,,5212.9,0.757,0.799,110.567
K2-199 b,K2-199,1,2,Transit,2018.0,K2,Published Confirmed,0,3.225286,1.74,7.1,842.0,,4507.0,0.68,0.69,107.518
K2-199 c,K2-199,1,2,Transit,2018.0,K2,Published Confirmed,0,7.3744897,2.85,12.4,694.0,,4491.0,0.682,0.711,107.518
K2-200 b,K2-200,1,1,Transit,2018.0,K2,Published Confirmed,0,2.849883,1.3643987,,,,5233.0,0.791736,0.860208,184.131
K2-201 b,K2-201,1,2,Transit,2018.0,K2,Published Confirmed,0,1.05979,1.40006712,,,,5507.0,0.878161,0.956055,197.932
K2-201 c,K2-201,1,2,Transit,2018.0,K2,Published Confirmed,0,22.779878,3.28568401,,,,5507.0,0.878161,0.956055,197.932
K2-2016-BLG-0005L b,K2-2016-BLG-0005L,1,1,Microlensing,2023.0,K2,Published Confirmed,0,4700.0,,368.68095212,,,,,0.574,5260.0
K2-202 b,K2-202,1,1,Transit,2018.0,K2,Published Confirmed,0,3.405164,2.30165603,,,,5491.0,0.910685,0.971461,300.397
K2-203 b,K2-203,1,1,Transit,2018.0,K2,Published Confirmed,0,9.6952,1.26549392,,738.4,,5026.0,0.765,0.793,166.147
K2-204 b,K2-204,1,1,Transit,2018.0,K2,Published Confirmed,0,7.055908,3.17214154,,1148.0,,5783.0,1.253,1.076,577.235
K2-205 b,K2-205,1,1,Transit,2018.0,K2,Published Confirmed,0,26.672263,1.99552771,,,,5890.0,1.077574,0.951027,405.301
K2-206 b,K2-206,1,1,Transit,2018.0,K2,Published Confirmed,0,18.294549,2.79522879,,,,5043.0,0.758046,0.789481,244.443
K2-207 b,K2-207,1,1,Transit,2018.0,K2,Published Confirmed,0,12.48749,2.60585269,,,,5522.0,0.928158,0.941851,363.064
K2-208 b,K2-208,1,1,Transit,2018.0,K2,Published Confirmed,0,4.19097,1.67462172,,1122.0,,5500.0,0.872,0.881,256.887
K2-209 b,K2-209,1,1,Transit,2018.0,K2,Published Confirmed,0,2.080615,0.86850263,,,,4720.0,0.712365,0.74479,76.4986
K2-21 b,K2-21,1,2,Transit,2015.0,K2,Published Confirmed,0,9.32414,1.59,,500.0,M0.0,4043.0,0.6,0.64,83.6448
K2-21 c,K2-21,1,2,Transit,2015.0,K2,Published Confirmed,0,15.5012,1.92,,420.0,M0.0,4043.0,0.6,0.64,83.6448
K2-210 b,K2-210,1,1,Transit,2018.0,K2,Published Confirmed,0,0.570233,0.81864346,,,,5396.0,0.85179,0.911717,176.51
K2-211 b,K2-211,1,1,Transit,2018.0,K2,Published Confirmed,0,0.669561,1.33162691,,1873.0,,5117.0,0.818,0.851,272.297
K2-212 b,K2-212,1,1,Transit,2018.0,K2,Published Confirmed,0,9.79551,2.52,,542.0,,4272.0,0.65,0.67,109.218
K2-213 b,K2-213,1,1,Transit,2018.0,K2,Published Confirmed,0,8.13087,1.51398464,,,,5794.0,1.20424,1.069596,389.702
K2-214 b,K2-214,1,1,Transit,2018.0,K2,Published Confirmed,0,8.596802,2.43,,1006.0,,5854.0,1.27,1.05,300.64
K2-215 b,K2-215,1,1,Transit,2018.0,K2,Published Confirmed,0,8.269648,2.12381238,,,,5704.0,0.974398,0.999987,403.964
K2-216 b,K2-216,1,1,Transit,2018.0,K2,Published Confirmed,0,2.1748,1.75,8.0,1103.0,K5 V,4503.0,0.72,0.7,115.461
K2-217 b,K2-217,1,1,Transit,2018.0,K2,Published Confirmed,0,14.074524,3.57854073,,,,5967.0,1.333718,1.102661,381.878
K2-218 b,K2-218,1,1,Transit,2018.0,K2,Published Confirmed,0,8.679885,2.56948149,,,,5757.0,1.008231,1.047488,394.083
K2-219 b,K2-219,1,3,Transit,2018.0,K2,Published Confirmed,0,3.901287,1.34762583,,,,5753.0,1.189232,1.021545,325.4
K2-219 c,K2-219,1,3,Transit,2018.0,K2,Published Confirmed,0,6.66767,1.43839723,,,,5753.0,1.189232,1.021545,325.4
K2-219 d,K2-219,1,3,Transit,2018.0,K2,Published Confirmed,0,11.137278,2.57634456,,,,5753.0,1.189232,1.021545,325.4
K2-22 b,K2-22,2,1,Transit,2015.0,K2,Published Confirmed,0,0.381078,2.5,444.962,2100.0,M0 V,3830.0,0.57,0.6,243.836
K2-220 b,K2-220,1,1,Transit,2018.0,K2,Published Confirmed,0,13.68186,2.37,,761.0,,5612.0,1.026,0.91,233.514
K2-221 b,K2-221,1,1,Transit,2018.0,K2,Published Confirmed,0,2.399094,1.67890272,,,,5716.0,0.947599,1.010842,318.81
K2-222 b,K2-222,1,1,Transit,2018.0,K2,Published Confirmed,0,15.3889274,2.275,7.5,803.0,G0,5942.0,1.072,0.94,101.321
K2-223 b,K2-223,1,2,Transit,2018.0,K2,Published Confirmed,0,0.50565,0.89,,2271.0,,5835.0,0.99,1.06,198.604
K2-223 c,K2-223,1,2,Transit,2018.0,K2,Published Confirmed,0,4.56327,1.57,,1091.0,,5835.0,0.99,1.06,198.604
K2-224 b,K2-224,1,2,Transit,2018.0,K2,Published Confirmed,0,4.47904,1.56,,1002.0,,5620.0,0.84,0.91,275.255
K2-224 c,K2-224,1,2,Transit,2018.0,K2,Published Confirmed,0,10.09489,2.41,,764.0,,5620.0,0.84,0.91,275.255
K2-225 b,K2-225,1,1,Transit,2018.0,K2,Published Confirmed,0,15.8723,3.60929179,,923.0,,5520.0,1.7,1.482,357.778
K2-226 b,K2-226,1,1,Transit,2018.0,K2,Published Confirmed,0,3.27109,1.53899305,,1187.0,,5288.0,0.889,0.856,211.265
K2-227 b,K2-227,1,1,Transit,2018.0,K2,Published Confirmed,0,13.621832,1.66551298,,,,5673.0,0.890666,0.950811,187.234
K2-228 b,K2-228,1,1,Transit,2018.0,K2,Published Confirmed,0,2.69828,1.21,,914.0,,4715.0,0.65,0.71,129.46
K2-229 b,K2-229,1,2,Transit,2018.0,K2,Published Confirmed,0,0.584272,1.26,2.55,1763.0,,5163.0,0.774,0.84,102.564
K2-229 c,K2-229,1,2,Transit,2018.0,K2,Published Confirmed,0,8.32834,2.12,21.3,800.0,,5185.0,0.793,0.837,102.564
K2-230 b,K2-230,1,1,Transit,2018.0,K2,Published Confirmed,0,2.86041,1.96,,1529.0,,5945.0,1.39,1.11,540.773
K2-231 b,K2-231,1,1,Transit,2018.0,K2,Published Confirmed,0,13.841901,2.5,,,,5695.0,0.95,1.01,321.215
K2-232 b,K2-232,1,1,Transit,2018.0,K2,Published Confirmed,0,11.168459,11.859122,123.00021,1001.0,,5888.0,1.233,1.039,130.72
K2-233 b,K2-233,1,3,Transit,2018.0,K2,Published Confirmed,0,2.467583,1.315,2.4,1127.0,K3,4796.0,0.71,0.79,67.5062
K2-233 c,K2-233,1,3,Transit,2018.0,K2,Published Confirmed,0,7.06024,1.272,4.6,794.0,K3,4796.0,0.71,0.79,67.5062
K2-233 d,K2-233,1,3,Transit,2018.0,K2,Published Confirmed,0,24.3681,2.363,10.3,525.0,K3,4796.0,0.71,0.79,67.5062
K2-237 b,K2-237,1,1,Transit,2018.0,K2,Published Confirmed,0,2.18056,18.49485,508.528,1884.0,F6 V,6257.0,1.43,1.28,314.995
K2-238 b,K2-238,1,1,Transit,2018.0,K2,Published Confirmed,0,3.20466,14.5717,273.3338,1587.0,G2 V,5630.0,1.59,1.19,537.963
K2-239 b,K2-239,1,3,Transit,2018.0,K2,Published Confirmed,0,5.24,1.1,,502.0,M3.0 V,3420.0,0.36,0.4,31.0849
K2-239 c,K2-239,1,3,Transit,2018.0,K2,Published Confirmed,0,7.775,1.0,,427.0,M3.0 V,3420.0,0.36,0.4,31.0849
K2-239 d,K2-239,1,3,Transit,2018.0,K2,Published Confirmed,0,10.115,1.1,,399.0,M3.0 V,3420.0,0.36,0.4,31.0849
K2-24 b,K2-24,1,2,Transit,2016.0,K2,Published Confirmed,0,20.8851,5.68,21.0,767.0,G3,5743.0,1.21,1.12,170.562
K2-24 c,K2-24,1,2,Transit,2016.0,K2,Published Confirmed,0,42.3633,7.82,27.0,606.0,G3,5743.0,1.21,1.12,170.562
K2-240 b,K2-240,1,2,Transit,2018.0,K2,Published Confirmed,0,6.034,2.0,,586.0,M0.5 V,3810.0,0.54,0.58,72.9105
K2-240 c,K2-240,1,2,Transit,2018.0,K2,Published Confirmed,0,20.523,1.8,,389.0,M0.5 V,3810.0,0.54,0.58,72.9105
K2-241 b,K2-241,1,1,Transit,2018.0,K2,Published Confirmed,0,26.8199,2.55,,507.0,,5262.0,0.75,0.71,149.464
K2-242 b,K2-242,1,1,Transit,2018.0,K2,Published Confirmed,0,6.51389,2.54,,416.0,,3459.0,0.37,0.38,109.237
K2-243 b,K2-243,1,2,Transit,2018.0,K2,Published Confirmed,0,11.54182,2.17,,1035.0,,6570.0,1.39,1.29,266.864
K2-243 c,K2-243,1,2,Transit,2018.0,K2,Published Confirmed,0,24.94598,2.01,,801.0,,6570.0,1.39,1.29,266.864
K2-244 b,K2-244,1,1,Transit,2018.0,K2,Published Confirmed,0,21.06884,1.75,,638.0,,5677.0,0.92,0.86,212.902
K2-245 b,K2-245,1,1,Transit,2018.0,K2,Published Confirmed,0,11.89376,2.67,,769.0,,5942.0,0.956,0.88,456.064
K2-246 b,K2-246,1,1,Transit,2018.0,K2,Published Confirmed,0,5.76918,3.49,,977.0,,5610.0,0.94,0.87,703.616
K2-247 b,K2-247,1,2,Transit,2018.0,K2,Published Confirmed,0,2.25021,2.12,,979.0,,4667.0,0.69,0.74,258.113
K2-247 c,K2-247,1,2,Transit,2018.0,K2,Published Confirmed,0,6.49424,2.19,,688.0,,4667.0,0.69,0.74,258.113
K2-248 b,K2-248,1,1,Transit,2018.0,K2,Published Confirmed,0,7.17256,2.57,,886.0,,5528.0,0.92,0.88,406.254
K2-249 b,K2-249,1,1,Transit,2018.0,K2,Published Confirmed,0,12.409,2.79,,1061.0,,6504.0,1.57,1.32,521.716
K2-25 b,K2-25,1,1,Transit,2015.0,K2,Published Confirmed,0,3.48456408,3.44,24.5,494.0,M4.5 V,3207.0,0.2932,0.2634,44.9565
K2-250 b,K2-250,1,1,Transit,2018.0,K2,Published Confirmed,0,4.01392,2.71257333,,1003.0,,5003.0,0.797,0.809,414.708
K2-251 b,K2-251,1,1,Transit,2018.0,K2,Published Confirmed,0,9.30075,2.35,,437.0,,3717.0,0.49,0.52,147.03
K2-252 b,K2-252,1,1,Transit,2018.0,K2,Published Confirmed,0,13.81513,1.74,,639.0,,5152.0,0.82,0.79,228.839
K2-253 b,K2-253,1,1,Transit,2018.0,K2,Published Confirmed,0,4.00167,12.67,,1238.0,,6027.0,1.1,1.08,876.565
K2-254 b,K2-254,1,2,Transit,2018.0,K2,Published Confirmed,0,4.09639,1.63,,791.0,,4629.0,0.67,0.71,227.775
K2-254 c,K2-254,1,2,Transit,2018.0,K2,Published Confirmed,0,12.11839,2.19,,551.0,,4629.0,0.67,0.71,227.775
K2-255 b,K2-255,1,1,Transit,2018.0,K2,Published Confirmed,0,1.96417,2.9,,1034.0,,4676.0,0.69,0.71,191.608
K2-257 b,K2-257,1,1,Transit,2018.0,K2,Published Confirmed,0,1.60588,0.83,,789.0,,3725.0,0.5,0.52,64.0065
K2-258 b,K2-258,1,1,Transit,2018.0,K2,Published Confirmed,0,19.0921,3.0,,831.0,,6351.0,1.31,1.21,661.873
K2-259 b,K2-259,1,1,Transit,2018.0,K2,Published Confirmed,0,15.48043,2.32,,795.0,,6059.0,1.13,1.14,416.457
K2-26 b,K2-26,1,1,Transit,2016.0,K2,Published Confirmed,0,14.5665,2.67,,430.0,M1.0 V,3785.0,0.52,0.56,99.0504
K2-260 b,K2-260,1,1,Transit,2018.0,K2,Published Confirmed,0,2.6266657,17.396368,451.3186,1957.0,F6 V,6367.0,1.69,1.39,663.834
K2-261 b,K2-261,1,1,Transit,2018.0,K2,Published Confirmed,0,11.63344,9.52765,70.87609,1080.0,G7 IV/V,5537.0,1.65,1.1,213.283
K2-263 b,K2-263,1,1,Transit,2018.0,K2,Published Confirmed,0,50.818947,2.41,14.8,470.0,G9 V,5368.0,0.85,0.88,162.481
K2-264 b,K2-264,1,2,Transit,2018.0,K2,Published Confirmed,0,5.83977,2.27,,489.0,M2.5 V,3580.0,0.473,0.471,185.605
K2-264 c,K2-264,1,2,Transit,2018.0,K2,Published Confirmed,0,19.66365,2.77,,326.0,M2.5 V,3580.0,0.473,0.471,185.605
K2-265 b,K2-265,2,1,Transit,2018.0,K2,Published Confirmed,0,2.36902,1.70824866,7.3418362,1366.0,,5420.0,0.92,0.901,138.671
K2-266 b,K2-266,2,4,Transit,2018.0,K2,Published Confirmed,0,0.658524,3.3,11.26782377,1515.0,,4285.0,0.703,0.686,77.5586
K2-266 c,K2-266,2,4,Transit,2018.0,K2,Published Confirmed,0,7.814,0.705,0.29013072,664.5,,4285.0,0.703,0.686,77.5586
K2-266 d,K2-266,2,4,Transit,2018.0,K2,Published Confirmed,0,14.697,2.93,8.9,538.3,,4285.0,0.703,0.686,77.5586
K2-266 e,K2-266,2,4,Transit,2018.0,K2,Published Confirmed,0,19.482,2.73,14.3,490.1,,4285.0,0.703,0.686,77.5586
K2-268 b,K2-268,1,5,Transit,2018.0,K2,Published Confirmed,0,2.151894,1.41,,1121.0,,5068.0,0.78,0.84,327.783
K2-268 c,K2-268,1,5,Transit,2018.0,K2,Published Confirmed,0,9.326841,2.69,,688.0,,5068.0,0.78,0.84,327.783
K2-268 d,K2-268,1,5,Transit,2021.0,K2,Published Confirmed,0,4.528598,1.49,,888.0,,5106.0,0.78,0.84,327.783
K2-268 e,K2-268,1,5,Transit,2021.0,K2,Published Confirmed,0,6.131243,1.33,,801.0,,5106.0,0.78,0.84,327.783
K2-268 f,K2-268,1,5,Transit,2021.0,K2,Published Confirmed,0,26.27057,2.23,,492.0,,5106.0,0.78,0.84,327.783
K2-269 b,K2-269,1,1,Transit,2018.0,K2,Published Confirmed,0,4.144965,1.57,,1429.0,,6209.0,1.45,1.16,360.76
K2-27 b,K2-27,3,1,Transit,2016.0,K2,Published Confirmed,0,6.771315,4.48,30.9,902.0,,5248.0,0.885,0.866,249.645
K2-270 b,K2-270,1,2,Transit,2018.0,K2,Published Confirmed,0,1.543069,1.38,,1203.0,,4877.0,0.77,0.85,280.518
K2-270 c,K2-270,1,2,Transit,2018.0,K2,Published Confirmed,0,4.400028,2.95,,848.0,,4877.0,0.77,0.85,280.518
K2-271 b,K2-271,1,1,Transit,2018.0,K2,Published Confirmed,0,8.562421,7.28,,893.0,,5644.0,0.99,0.83,564.454
K2-272 b,K2-272,1,1,Transit,2018.0,K2,Published Confirmed,0,14.4536756,3.13,,747.0,,5397.0,0.83,0.86,423.065
K2-273 b,K2-273,1,1,Transit,2018.0,K2,Published Confirmed,0,11.7195663,3.05,,849.0,,5161.0,0.85,0.89,308.105
K2-274 b,K2-274,1,1,Transit,2018.0,K2,Published Confirmed,0,14.129714,2.2,,589.0,,5065.0,0.74,0.81,228.327
K2-275 b,K2-275,1,2,Transit,2018.0,K2,Published Confirmed,0,3.2809626,2.34,,1166.0,,4841.0,0.69,0.77,123.438
K2-275 c,K2-275,1,2,Transit,2018.0,K2,Published Confirmed,0,8.438756,2.34,,660.0,,4812.0,0.73,0.79,123.438
K2-276 b,K2-276,1,1,Transit,2018.0,K2,Published Confirmed,0,18.718269,3.77,,583.0,,5139.0,0.85,0.82,488.152
K2-277 b,K2-277,1,1,Transit,2018.0,K2,Published Confirmed,0,6.32677,2.23,7.4,953.0,,5705.0,0.952,0.98,113.123
K2-278 b,K2-278,1,1,Transit,2018.0,K2,Published Confirmed,0,3.334966,2.98,,1711.0,,6747.0,1.61,1.4,786.439
K2-279 b,K2-279,1,1,Transit,2018.0,K2,Published Confirmed,0,7.122605,1.21,,879.0,,5558.0,0.86,0.79,182.983
K2-28 b,K2-28,1,1,Transit,2016.0,K2,Published Confirmed,0,2.260455,2.32,,568.0,M4,3214.0,0.288,0.257,62.9969
K2-280 b,K2-280,1,1,Transit,2018.0,K2,Published Confirmed,0,19.89526,7.5,37.1,787.0,,5500.0,1.28,1.03,391.537
K2-281 b,K2-281,1,1,Transit,2018.0,K2,Published Confirmed,0,8.687721,8.18,,665.0,,4812.0,0.76,0.82,458.139
K2-282 b,K2-282,1,2,Transit,2018.0,K2,Published Confirmed,0,4.169836,2.82,,1057.0,,5523.0,0.94,0.95,496.289
K2-283 b,K2-283,1,1,Transit,2018.0,K2,Published Confirmed,0,1.921036,3.52,,1186.0,,5060.0,0.82,0.89,402.915
K2-284 b,K2-284,1,1,Transit,2018.0,K2,Published Confirmed,0,4.795069,2.78,,653.0,,4140.0,0.607,0.63,107.272
K2-285 b,K2-285,1,4,Transit,2018.0,K2,Published Confirmed,0,3.471745,2.59,9.68,1088.9,K2 V,4975.0,0.787,0.83,154.961
K2-285 c,K2-285,1,4,Transit,2018.0,K2,Published Confirmed,0,7.138048,3.53,15.68,741.4,K2 V,4975.0,0.787,0.83,154.961
K2-285 d,K2-285,1,4,Transit,2018.0,K2,Published Confirmed,0,10.45582,2.48,6.5,619.9,K2 V,4975.0,0.787,0.83,154.961
K2-285 e,K2-285,1,4,Transit,2018.0,K2,Published Confirmed,0,14.76289,1.95,10.7,500.9,K2 V,4975.0,0.787,0.83,154.961
K2-286 b,K2-286,1,1,Transit,2018.0,K2,Published Confirmed,0,27.359,2.1,,347.0,M0 V,3926.0,0.62,0.64,76.1486
K2-287 b,K2-287,1,1,Transit,2018.0,K2,Published Confirmed,0,14.893291,9.494023,100.11645,804.0,,5695.0,1.07,1.056,158.335
K2-288 B b,K2-288 B,2,1,Transit,2018.0,K2,Published Confirmed,0,31.393463,1.9,,226.36,M3 V,3341.0,0.32,0.33,65.6138
K2-289 b,K2-289,1,1,Transit,2019.0,K2,Published Confirmed,0,13.156969,9.1,,753.0,,5529.0,1.025,0.953,274.3
K2-29 b,K2-29,2,1,Transit,2016.0,K2,Published Confirmed,0,3.2588321,13.33871,232.0159,1171.0,G7 V,5358.0,0.86,0.94,178.475
K2-290 b,K2-290,3,2,Transit,2019.0,K2,Published Confirmed,0,9.21165,3.06,10.9,1230.0,,6302.0,1.511,1.194,272.909
K2-290 c,K2-290,3,2,Transit,2019.0,K2,Published Confirmed,0,48.36685,11.276254,246.00042,676.0,,6302.0,1.511,1.194,272.909
K2-291 b,K2-291,1,1,Transit,2019.0,K2,Published Confirmed,0,2.225177,1.589,6.49,1278.0,,5520.0,0.934,0.934,90.0562
K2-292 b,K2-292,1,1,Transit,2019.0,K2,Published Confirmed,0,16.9841,2.63,24.5,795.0,G3 V,5725.0,1.09,1.0,114.293
K2-293 b,K2-293,1,1,Transit,2019.0,K2,Published Confirmed,0,13.1225,2.45,,750.0,,5532.0,0.947,0.958,392.251
K2-294 b,K2-294,1,1,Transit,2019.0,K2,Published Confirmed,0,2.50387,1.66,,1425.0,,5612.0,1.2,0.987,373.078
K2-295 b,K2-295,1,1,Transit,2018.0,K2,Published Confirmed,0,4.024867,10.054473,106.47305,852.0,K5 V,4444.0,0.7,0.74,232.801
K2-3 b,K2-3,1,3,Transit,2015.0,K2,Published Confirmed,0,10.0546535,2.078,5.11,501.3,M V,3844.0,0.546,0.549,44.0727
K2-3 c,K2-3,1,3,Transit,2015.0,K2,Published Confirmed,0,24.646729,1.582,2.68,371.8,M V,3844.0,0.546,0.549,44.0727
K2-3 d,K2-3,1,3,Transit,2015.0,K2,Published Confirmed,0,44.55603,1.458,2.2,305.2,M V,3844.0,0.546,0.549,44.0727
K2-30 b,K2-30,1,1,Transit,2016.0,K2,Published Confirmed,0,4.098503,11.646151,184.02357,1092.0,G6 V,5425.0,0.844,0.9,333.042
K2-308 b,K2-308,1,1,Transit,2019.0,K2,Published Confirmed,0,3.38628,9.916,,,,6100.0,1.24,1.09,1314.53
K2-31 b,K2-31,2,1,Transit,2016.0,K2,Published Confirmed,0,1.25785,11.88154,563.83042,,G7 V,5280.0,0.78,0.91,110.527
K2-312 c,HD 80653,1,2,Radial Velocity,2023.0,Roque de los Muchachos Observatory,Published Confirmed,0,921.2,,1719.45168187,,,5959.0,1.22,1.18,109.86
K2-315 b,K2-315,1,1,Transit,2020.0,K2,Published Confirmed,0,3.1443189,0.95,,460.0,M(3.5+/-0.5) V,3300.0,0.196,0.174,56.9686
K2-316 b,K2-316,1,2,Transit,2020.0,K2,Published Confirmed,0,1.133,1.33,,841.0,,3436.0,0.379,0.408,112.486
K2-316 c,K2-316,1,2,Transit,2020.0,K2,Published Confirmed,0,5.26,1.83,,423.0,,3436.0,0.379,0.408,112.486
K2-317 b,K2-317,1,1,Transit,2020.0,K2,Published Confirmed,0,6.22,2.93,,432.0,,3387.0,0.379,0.403,176.291
K2-318 b,K2-318,1,1,Transit,2020.0,K2,Published Confirmed,0,7.01,1.66,,456.0,,3851.0,0.552,0.561,147.866
K2-319 b,K2-319,1,1,Transit,2020.0,K2,Published Confirmed,0,26.68,2.79,,641.0,,5440.0,0.898,0.954,209.071
K2-32 b,K2-32,2,4,Transit,2016.0,K2,Published Confirmed,0,8.99213,5.13,16.5,817.0,,5275.0,0.845,0.856,157.682
K2-32 c,K2-32,2,4,Transit,2016.0,K2,Published Confirmed,0,20.6602,3.01,12.1,619.0,,5275.0,0.845,0.856,157.682
K2-32 d,K2-32,2,4,Transit,2016.0,K2,Published Confirmed,0,31.7169,3.33,13.7,500.0,,5274.0,0.855,0.84,157.682
K2-32 e,K2-32,2,4,Transit,2019.0,K2,Published Confirmed,0,4.34934,1.212,2.1,1066.0,,5271.0,0.86,0.83,157.682
K2-320 b,K2-320,1,1,Transit,2020.0,K2,Published Confirmed,0,1.995,2.62,,698.0,,3157.0,0.3,0.117,108.74
K2-321 b,K2-321,1,1,Transit,2020.0,K2,Published Confirmed,0,2.298,1.95,,701.0,,3855.0,0.583,0.599,77.6888
K2-322 b,K2-322,1,1,Transit,2020.0,K2,Published Confirmed,0,8.205,1.92,,635.0,,4141.0,0.602,0.63,123.415
K2-323 b,K2-323,1,1,Transit,2020.0,K2,Published Confirmed,0,24.93,2.1,,318.0,,3710.0,0.549,0.478,118.318
K2-324 b,K2-324,1,1,Transit,2020.0,K2,Published Confirmed,0,3.262,2.43,,707.0,,3752.0,0.505,0.517,136.667
K2-325 b,K2-325,1,1,Transit,2020.0,K2,Published Confirmed,0,6.93,2.2,,423.0,,3287.0,0.298,0.274,111.638
K2-326 b,K2-326,1,1,Transit,2020.0,K2,Published Confirmed,0,1.256,2.28,,1114.0,,3924.0,0.688,0.507,282.308
K2-329 b,K2-329,1,1,Transit,2020.0,K2,Published Confirmed,0,12.4551225,8.675766,82.6358,650.0,,5282.0,0.822,0.901,233.237
K2-33 b,K2-33,1,1,Transit,2016.0,K2,Published Confirmed,0,5.42513,5.76,1144.188,850.0,M3,3410.0,1.1,0.31,139.268
K2-330 b,K2-330,1,1,Transit,2021.0,K2,Published Confirmed,0,13.774798,2.77,,969.0,,6232.0,1.5,1.23,160.125
K2-331 b,K2-331,1,2,Transit,2021.0,K2,Published Confirmed,0,9.398977,1.79,,909.0,,5994.0,1.06,1.1,211.43
K2-331 c,K2-331,1,2,Transit,2021.0,K2,Published Confirmed,0,22.996591,2.72,,673.0,,5994.0,1.06,1.1,211.43
K2-332 b,K2-332,1,1,Transit,2021.0,K2,Published Confirmed,0,17.70632,2.2,,266.0,,3315.0,0.28,0.27,123.202
K2-333 b,K2-333,1,1,Transit,2021.0,K2,Published Confirmed,0,14.759287,6.18,,826.0,,5880.0,1.22,1.06,343.99
K2-334 b,K2-334,1,1,Transit,2021.0,K2,Published Confirmed,0,5.113981,5.65,,1380.0,,6502.0,1.49,1.36,371.823
K2-335 b,K2-335,1,1,Transit,2021.0,K2,Published Confirmed,0,12.283211,2.21,,949.0,,6222.0,1.33,1.23,557.993
K2-336 b,K2-336,1,1,Transit,2021.0,K2,Published Confirmed,0,21.194733,1.22,,569.0,,5424.0,0.8,0.86,239.289
K2-337 b,K2-337,1,1,Transit,2021.0,K2,Published Confirmed,0,16.273563,2.62,,850.0,,5869.0,1.32,0.94,421.636
K2-338 b,K2-338,1,1,Transit,2021.0,K2,Published Confirmed,0,3.850614,1.03,,783.0,,4558.0,0.63,0.66,156.951
K2-339 b,K2-339,1,1,Transit,2021.0,K2,Published Confirmed,0,19.507428,1.92,,508.0,,4857.0,0.72,0.74,360.36
K2-34 b,K2-34,1,1,Transit,2016.0,K2,Published Confirmed,0,2.995629,15.434793,539.67534,1715.0,F,6149.0,1.58,1.226,348.646
K2-340 b,K2-340,1,1,Transit,2021.0,K2,Published Confirmed,0,29.740451,3.36,,606.0,,5532.0,1.13,0.93,738.136
K2-341 b,K2-341,1,1,Transit,2021.0,K2,Published Confirmed,0,36.552551,3.21,,598.0,,5817.0,1.16,0.98,421.408
K2-342 b,K2-342,1,1,Transit,2021.0,K2,Published Confirmed,0,11.561052,2.03,,861.0,,5920.0,1.09,1.01,208.357
K2-343 b,K2-343,1,2,Transit,2021.0,K2,Published Confirmed,0,2.787174,1.65,,653.0,,3804.0,0.46,0.49,166.169
K2-343 c,K2-343,1,2,Transit,2021.0,K2,Published Confirmed,0,7.676972,2.02,,465.0,,3804.0,0.46,0.49,166.169
K2-344 b,K2-344,1,1,Transit,2021.0,K2,Published Confirmed,0,3.35585,1.59,,722.0,,4374.0,0.49,0.51,75.1691
K2-345 b,K2-345,1,1,Transit,2021.0,K2,Published Confirmed,0,10.367437,2.11,,437.0,,3779.0,0.52,0.56,162.408
K2-346 b,K2-346,1,1,Transit,2021.0,K2,Published Confirmed,0,26.201446,2.26,,450.0,,4801.0,0.7,0.71,105.58
K2-347 b,K2-347,1,1,Transit,2021.0,K2,Published Confirmed,0,7.187257,2.41,,640.0,,4599.0,0.63,0.66,320.336
K2-348 b,K2-348,1,2,Transit,2021.0,K2,Published Confirmed,0,4.688418,3.26,,908.0,,5077.0,0.85,0.83,201.856
K2-348 c,K2-348,1,2,Transit,2021.0,K2,Published Confirmed,0,12.550171,2.67,,655.0,,5077.0,0.85,0.83,201.856
K2-349 b,K2-349,1,1,Transit,2021.0,K2,Published Confirmed,0,9.032178,1.38,,518.0,,4385.0,0.49,0.54,453.567
K2-35 b,K2-35,1,2,Transit,2016.0,K2,Published Confirmed,0,2.39984,1.4,,979.0,K4 V,4680.0,0.72,0.76,252.596
K2-35 c,K2-35,1,2,Transit,2016.0,K2,Published Confirmed,0,5.60912,2.09,,737.0,K4 V,4680.0,0.72,0.76,252.596
K2-350 b,K2-350,1,2,Transit,2021.0,K2,Published Confirmed,0,4.163873,1.54,,1158.0,,5789.0,1.04,0.98,489.368
K2-350 c,K2-350,1,2,Transit,2016.0,K2,Published Confirmed,0,19.991944,2.74,,687.0,,5789.0,1.04,0.98,489.368
K2-351 b,K2-351,1,1,Transit,2021.0,K2,Published Confirmed,0,7.806164,2.54,,934.0,,5769.0,1.05,1.02,694.734
K2-352 b,K2-352,1,3,Transit,2021.0,K2,Published Confirmed,0,3.665912,1.37,,1160.0,,5791.0,0.95,0.98,176.051
K2-352 c,K2-352,1,3,Transit,2021.0,K2,Published Confirmed,0,8.234885,1.92,,885.0,,5791.0,0.95,0.98,176.051
K2-352 d,K2-352,1,3,Transit,2021.0,K2,Published Confirmed,0,14.871387,2.23,,727.0,,5791.0,0.95,0.98,176.051
K2-353 b,K2-353,1,1,Transit,2021.0,K2,Published Confirmed,0,15.466805,5.55,,735.0,,5698.0,0.99,0.87,268.515
K2-354 b,K2-354,1,1,Transit,2021.0,K2,Published Confirmed,0,3.793306,1.56,,543.0,,3669.0,0.41,0.43,91.722
K2-355 b,K2-355,1,1,Transit,2021.0,K2,Published Confirmed,0,5.7385647,2.25,,1066.0,,5790.0,0.92,0.96,500.497
K2-356 b,K2-356,1,1,Transit,2021.0,K2,Published Confirmed,0,21.0267366,2.29,,624.0,,5568.0,0.86,0.9,355.54
K2-357 b,K2-357,1,1,Transit,2021.0,K2,Published Confirmed,0,16.3488637,3.72,,735.0,,5794.0,1.0,0.98,517.687
K2-358 b,K2-358,1,1,Transit,2021.0,K2,Published Confirmed,0,11.2510285,2.68,,888.0,,5650.0,0.91,0.93,480.307
K2-36 b,K2-36,1,2,Transit,2016.0,K2,Published Confirmed,0,1.422614,1.43,4.3,1328.0,,4916.0,0.718,0.79,109.749
K2-36 c,K2-36,1,2,Transit,2016.0,K2,Published Confirmed,0,5.34059,2.8,,793.0,K2 V,4924.0,0.74,0.8,109.749
K2-360 c,EPIC 201595106,1,2,Radial Velocity,2024.0,Multiple Observatories,Published Confirmed,0,9.79692,,15.23,912.0,,5679.0,0.98,0.958,232.1
K2-365 b,K2-365,1,1,Transit,2022.0,K2,Published Confirmed,0,23.448172,2.906,,,,5561.0,1.051,0.823,187.222
K2-366 b,K2-366,1,1,Transit,2022.0,K2,Published Confirmed,0,15.937039,2.359,,,,5601.0,0.94,0.825,185.947
K2-367 b,K2-367,1,1,Transit,2022.0,K2,Published Confirmed,0,20.645099,2.413,,,,4348.0,0.625,0.756,176.965
K2-368 b,K2-368,1,3,Transit,2022.0,K2,Published Confirmed,0,5.025598,1.332,,,,4663.0,0.663,0.746,206.608
K2-368 c,K2-368,1,3,Transit,2022.0,K2,Published Confirmed,0,9.660186,1.361,,,,4663.0,0.663,0.746,206.608
K2-368 d,K2-368,1,3,Transit,2022.0,K2,Published Confirmed,0,20.201085,1.948,,,,4663.0,0.663,0.746,206.608
K2-369 b,K2-369,1,1,Transit,2022.0,K2,Published Confirmed,0,5.761612,1.313,,,,5682.0,0.881,0.735,185.55
K2-37 b,K2-37,1,3,Transit,2016.0,K2,Published Confirmed,0,4.44117,1.61,,974.0,G3 V,5413.0,0.85,0.9,179.943
K2-37 c,K2-37,1,3,Transit,2016.0,K2,Published Confirmed,0,6.42904,2.75,,861.0,G3 V,5413.0,0.85,0.9,179.943
K2-37 d,K2-37,1,3,Transit,2016.0,K2,Published Confirmed,0,14.09229,2.31,12.5,646.0,,5352.0,0.809,0.84,179.943
K2-370 b,K2-370,1,1,Transit,2022.0,K2,Published Confirmed,0,2.14084,3.207,,,,5377.0,0.971,0.984,144.202
K2-371 b,K2-371,1,1,Transit,2022.0,K2,Published Confirmed,0,3.114905,13.024,,,,4925.0,0.736,0.958,442.813
K2-372 b,K2-372,1,1,Transit,2022.0,K2,Published Confirmed,0,9.844077,2.945,,,,5479.0,0.922,0.847,463.88
K2-373 b,K2-373,1,1,Transit,2022.0,K2,Published Confirmed,0,11.02066,2.061,,,,6138.0,1.486,1.158,229.567
K2-374 b,K2-374,1,2,Transit,2022.0,K2,Published Confirmed,0,4.521953,1.593,,,,5789.0,0.907,0.731,359.439
K2-374 c,K2-374,1,2,Transit,2022.0,K2,Published Confirmed,0,16.43445,2.213,,,,5789.0,0.907,0.731,359.439
K2-375 b,K2-375,1,1,Transit,2022.0,K2,Published Confirmed,0,14.453895,2.243,,,,5822.0,1.543,1.119,696.1
K2-376 b,K2-376,1,1,Transit,2022.0,K2,Published Confirmed,0,5.776475,1.736,,,,5937.0,1.149,0.908,161.61
K2-377 b,K2-377,1,1,Transit,2022.0,K2,Published Confirmed,0,12.832235,1.693,,,,4200.0,0.691,0.821,195.149
K2-378 b,K2-378,1,1,Transit,2022.0,K2,Published Confirmed,0,2.060438,2.88,,,,4823.0,0.732,0.923,687.973
K2-379 b,K2-379,1,1,Transit,2022.0,K2,Published Confirmed,0,8.777247,2.181,,,,4603.0,0.751,0.856,182.207
K2-38 b,K2-38,1,2,Transit,2016.0,K2,Published Confirmed,0,4.01593,1.54,7.3,1266.0,G2 V,5731.0,1.06,1.03,192.69
K2-38 c,K2-38,1,2,Transit,2016.0,K2,Published Confirmed,0,10.56103,2.29,8.3,916.0,G2 V,5731.0,1.06,1.03,192.69
K2-380 b,K2-380,1,1,Transit,2022.0,K2,Published Confirmed,0,9.401312,2.729,,,,5911.0,1.32,0.993,249.303
K2-381 b,K2-381,1,3,Transit,2022.0,K2,Published Confirmed,0,7.9389334,1.075,,,,4473.0,0.675,0.754,145.701
K2-381 c,K2-381,1,3,Transit,2022.0,K2,Published Confirmed,0,16.034656,2.0,,,,4473.0,0.675,0.754,145.701
K2-381 d,K2-381,1,3,Transit,2022.0,K2,Published Confirmed,0,26.803023,1.689,,,,4473.0,0.675,0.754,145.701
K2-382 b,K2-382,1,1,Transit,2022.0,K2,Published Confirmed,0,21.700156,2.072,,,,5452.0,0.811,0.922,278.412
K2-383 b,K2-383,1,1,Transit,2022.0,K2,Published Confirmed,0,1.865962,1.564,,,,5129.0,0.804,1.061,203.788
K2-384 b,K2-384,1,5,Transit,2022.0,K2,Published Confirmed,0,2.231527,1.076,,,M4 V,3623.0,0.348,0.33,82.6603
K2-384 c,K2-384,1,5,Transit,2022.0,K2,Published Confirmed,0,4.194766,1.191,,,M4 V,3623.0,0.348,0.33,82.6603
K2-384 d,K2-384,1,5,Transit,2022.0,K2,Published Confirmed,0,6.679582,1.392,,,M4 V,3623.0,0.348,0.33,82.6603
K2-384 e,K2-384,1,5,Transit,2022.0,K2,Published Confirmed,0,9.715043,1.345,,,M4 V,3623.0,0.348,0.33,82.6603
K2-384 f,K2-384,1,5,Transit,2022.0,K2,Published Confirmed,0,13.62749,2.222,,,M4 V,3623.0,0.348,0.33,82.6603
K2-385 b,K2-385,1,1,Transit,2022.0,K2,Published Confirmed,0,2.380867,1.539,,,,4844.0,0.761,0.927,420.819
K2-386 b,K2-386,1,1,Transit,2022.0,K2,Published Confirmed,0,7.473223,2.32,,,,5749.0,0.97,0.911,428.785
K2-387 b,K2-387,1,1,Transit,2022.0,K2,Published Confirmed,0,28.735327,7.322,,,,3572.0,0.585,0.57,266.318
K2-388 b,K2-388,1,1,Transit,2022.0,K2,Published Confirmed,0,6.33932,3.9,,874.0,,5310.0,0.91,0.93,290.495
K2-389 b,K2-389,1,2,Transit,2022.0,K2,Published Confirmed,0,8.58289,2.33,,932.0,,5773.0,1.094,0.99,259.208
K2-389 c,K2-389,1,2,Transit,2022.0,K2,Published Confirmed,0,20.851337,2.04,,,,5782.0,1.084,0.802,259.208
K2-39 b,K2-39,1,1,Transit,2016.0,K2,Published Confirmed,0,4.60497,5.71,39.8,1670.0,,4912.0,2.93,1.192,307.47
K2-390 b,K2-390,1,1,Transit,2022.0,K2,Published Confirmed,0,3.312792,4.662,,,,5558.0,0.966,0.789,456.122
K2-391 b,K2-391,1,1,Transit,2022.0,K2,Published Confirmed,0,4.622654,1.371,,,,5543.0,0.566,0.757,507.94
K2-392 b,K2-392,1,1,Transit,2022.0,K2,Published Confirmed,0,15.398723,1.85,,,,5726.0,1.058,0.841,406.985
K2-393 b,K2-393,1,1,Transit,2022.0,K2,Published Confirmed,0,10.413181,2.352,,,,5678.0,1.071,0.881,265.914
K2-394 b,K2-394,1,1,Transit,2022.0,K2,Published Confirmed,0,5.095717,1.692,,,,4938.0,0.631,0.478,98.0152
K2-395 b,K2-395,1,2,Transit,2022.0,K2,Published Confirmed,0,4.803352,2.597,,,,5007.0,0.783,0.952,286.727
K2-395 c,K2-395,1,2,Transit,2022.0,K2,Published Confirmed,0,8.491282,3.395,,,,5007.0,0.783,0.952,286.727
K2-396 b,K2-396,1,2,Transit,2022.0,K2,Published Confirmed,0,0.673862,1.579,,,,5236.0,0.92,0.954,274.864
K2-396 c,K2-396,1,2,Transit,2022.0,K2,Published Confirmed,0,25.76051,3.124,,,,5236.0,0.92,0.954,274.864
K2-397 b,K2-397,1,1,Transit,2022.0,K2,Published Confirmed,0,3.572326,2.417,,,,5387.0,0.966,0.937,199.354
K2-398 b,K2-398,1,2,Transit,2022.0,K2,Published Confirmed,0,6.393025,2.274,,,,5946.0,1.239,0.945,606.992
K2-398 c,K2-398,1,2,Transit,2022.0,K2,Published Confirmed,0,18.787839,5.098,,,,5946.0,1.239,0.945,606.992
K2-4 b,K2-4,1,1,Transit,2015.0,K2,Published Confirmed,0,10.00329,2.37,,563.0,,4197.0,0.6,0.63,231.828
K2-400 b,K2-400,1,1,Transit,2022.0,K2,Published Confirmed,0,3.865053,1.163,,,,3578.0,0.382,0.374,62.3804
K2-401 b,K2-401,1,1,Transit,2022.0,K2,Published Confirmed,0,6.293099,2.262,,,,4213.0,0.675,0.87,200.727
K2-402 b,K2-402,1,1,Transit,2022.0,K2,Published Confirmed,0,17.27474,2.678,,,,5716.0,1.28,0.944,523.055
K2-403 b,K2-403,1,1,Transit,2022.0,K2,Published Confirmed,0,33.589979,5.333,,,,5511.0,0.886,0.784,246.599
K2-404 b,K2-404,1,1,Transit,2022.0,K2,Published Confirmed,0,13.115365,2.53,,,,3748.0,0.552,0.552,121.63
K2-405 b,K2-405,1,1,Transit,2022.0,K2,Published Confirmed,0,3.435471,4.569,,,,4927.0,0.765,1.034,197.234
K2-406 b,K2-406,1,1,Transit,2022.0,K2,Published Confirmed,0,22.549406,4.602,,,,5784.0,0.961,0.798,85.3751
K2-407 b,K2-407,1,2,Transit,2022.0,K2,Published Confirmed,0,4.941907,1.283,,,,5563.0,0.927,0.881,218.376
K2-407 c,K2-407,1,2,Transit,2022.0,K2,Published Confirmed,0,9.22453,1.36,,,,5563.0,0.927,0.881,218.376
K2-408 b,K2-408,1,1,Transit,2022.0,K2,Published Confirmed,0,20.978959,1.677,,,,5335.0,0.784,0.813,162.306
K2-409 b,K2-409,1,1,Transit,2022.0,K2,Published Confirmed,0,1.908084,2.482,,,,5742.0,1.228,0.886,431.031
K2-411 b,K2-411,1,1,Transit,2022.0,K2,Published Confirmed,0,3.2141,0.9898,,,,5711.0,1.375,1.018,298.219
K2-412 b,K2-412,1,1,Transit,2022.0,K2,Published Confirmed,0,5.9382,2.116,,,,5590.0,0.977,0.893,654.085
K2-413 b,K2-413,1,2,Transit,2022.0,K2,Published Confirmed,0,0.8094,0.7599,,,,4116.0,0.7,0.808,285.162
K2-413 c,K2-413,1,2,Transit,2022.0,K2,Published Confirmed,0,5.3301,1.2327,,,,4116.0,0.7,0.808,285.162
K2-414 b,K2-414,1,2,Transit,2022.0,K2,Published Confirmed,0,4.3696,1.219,,,,4343.0,0.732,0.814,260.036
K2-414 c,K2-414,1,2,Transit,2022.0,K2,Published Confirmed,0,6.669,1.9287,,,,4343.0,0.732,0.814,260.036
K2-415 b,K2-415,1,1,Transit,2023.0,K2,Published Confirmed,0,4.0179694,1.015,7.5,412.4,M5 V,3173.0,0.1965,0.1635,21.8182
K2-416 b,K2-416,1,1,Transit,2023.0,K2,Published Confirmed,0,13.102,2.66,1652.7077164,447.0,M V,3746.0,0.554,0.548,120.311
K2-417 b,K2-417,1,1,Transit,2023.0,K2,Published Confirmed,0,6.535,3.31,699.2224954,558.0,M V,3861.0,0.5776,0.569,94.0424
K2-419 A b,K2-419 A,2,1,Transit,2024.0,K2,Published Confirmed,0,20.35847252,10.55,196.0,377.0,,3711.0,0.541,0.562,268.685
K2-42 b,K2-42,1,1,Transit,2016.0,K2,Published Confirmed,0,6.68796,2.15,,,,4613.0,0.643,0.702,396.913
K2-43 b,K2-43,1,2,Transit,2016.0,K2,Published Confirmed,0,3.471149,4.51,,939.3,,3840.6,0.542,0.571,182.536
K2-43 c,K2-43,1,2,Transit,2019.0,K2,Published Confirmed,0,2.198884,2.42,,1093.7,,3840.6,0.542,0.571,182.536
K2-44 b,K2-44,1,1,Transit,2016.0,K2,Published Confirmed,0,5.65688,2.72,,,,5912.0,1.58,1.15,476.703
K2-45 b,K2-45,1,1,Transit,2016.0,K2,Published Confirmed,0,1.7292684,6.71,,,,4103.0,0.445,0.503,495.317
K2-46 b,K2-46,1,1,Transit,2016.0,K2,Published Confirmed,0,19.1541,2.05,,,,6256.0,1.29,0.96,449.237
K2-47 b,K2-47,1,1,Transit,2016.0,K2,Published Confirmed,0,31.6372,1.89,,,,5054.0,0.76,0.75,349.881
K2-48 b,K2-48,1,1,Transit,2016.0,K2,Published Confirmed,0,20.5065,2.24,,,,4899.0,0.73,0.77,313.764
K2-49 b,K2-49,1,1,Transit,2016.0,K2,Published Confirmed,0,2.77065,1.93,,,,4175.0,0.45,0.51,457.125
K2-5 b,K2-5,1,2,Transit,2015.0,K2,Published Confirmed,0,5.73594,1.91,,565.0,K7.5 V,3930.0,0.57,0.61,202.943
K2-5 c,K2-5,1,2,Transit,2015.0,K2,Published Confirmed,0,10.93241,2.26,,456.0,K7.5 V,3930.0,0.57,0.61,202.943
K2-50 b,K2-50,1,2,Transit,2016.0,K2,Published Confirmed,0,8.7529,1.59,,,,4326.0,0.546,0.611,257.443
K2-52 b,K2-52,1,1,Transit,2016.0,K2,Published Confirmed,0,3.535055,18.0,,2004.0,,7147.0,2.192,1.691,1038.41
K2-53 b,K2-53,1,1,Transit,2016.0,K2,Published Confirmed,0,12.20772,2.6,,665.0,,5263.0,0.807,0.851,138.018
K2-54 b,K2-54,1,1,Transit,2016.0,K2,Published Confirmed,0,9.7833,2.6116925,,560.0,,3990.0,0.643,0.615,174.955
K2-55 b,K2-55,1,1,Transit,2016.0,K2,Published Confirmed,0,2.849271,4.43,44.0,900.0,,4300.0,0.715,0.688,159.522
K2-57 b,K2-57,1,1,Transit,2016.0,K2,Published Confirmed,0,9.0073,2.30905002,,635.8,,4413.0,0.671,0.699,264.213
K2-58 b,K2-58,1,3,Transit,2016.0,K2,Published Confirmed,0,7.05254,2.68,,,,5413.0,0.86,0.89,181.746
K2-58 c,K2-58,1,3,Transit,2016.0,K2,Published Confirmed,0,2.53726,1.62,,,,5413.0,0.86,0.89,181.746
K2-58 d,K2-58,1,3,Transit,2016.0,K2,Published Confirmed,0,22.88159,1.75221592,,,,5134.0,0.803348,0.857874,181.746
K2-59 b,K2-59,1,2,Transit,2016.0,K2,Published Confirmed,0,20.6921,2.41,,,,5055.0,0.731,0.774,311.313
K2-59 c,K2-59,1,2,Transit,2016.0,K2,Published Confirmed,0,11.2954,2.3,,,,5055.0,0.731,0.774,311.313
K2-6 b,K2-6,1,1,Transit,2015.0,K2,Published Confirmed,0,30.94191,2.5,,615.0,,5850.0,0.96,0.97,316.819
K2-60 b,K2-60,1,1,Transit,2016.0,K2,Published Confirmed,0,3.00265,7.655747,135.39558,1400.0,G4 V,5500.0,1.12,0.97,491.87
K2-61 b,K2-61,1,1,Transit,2016.0,K2,Published Confirmed,0,2.57336,1.92,,1325.0,,5748.0,0.995,0.97,405.732
K2-62 b,K2-62,1,2,Transit,2016.0,K2,Published Confirmed,0,6.67199,2.02,,666.0,,4455.0,0.696,0.67,112.467
K2-62 c,K2-62,1,2,Transit,2016.0,K2,Published Confirmed,0,16.19697,1.99,,495.0,,4455.0,0.696,0.67,112.467
K2-63 b,K2-63,1,2,Transit,2016.0,K2,Published Confirmed,0,20.257,3.22,,,,6771.0,1.63,1.4,517.534
K2-63 c,K2-63,1,2,Transit,2016.0,K2,Published Confirmed,0,25.4556,3.9,,,,6771.0,1.63,1.4,517.534
K2-64 b,K2-64,1,1,Transit,2016.0,K2,Published Confirmed,0,6.53044,2.07,,,,5312.0,0.726,0.741,499.891
K2-65 b,K2-65,1,1,Transit,2016.0,K2,Published Confirmed,0,12.6475,1.58,,,,5213.0,0.84,0.87,
K2-66 b,K2-66,1,1,Transit,2016.0,K2,Published Confirmed,0,5.06963,2.49,21.3,1372.0,,5887.0,1.67,1.11,513.877
K2-68 b,K2-68,1,1,Transit,2016.0,K2,Published Confirmed,0,8.05428,1.58,,,,4746.0,0.675,0.73,168.652
K2-69 b,K2-69,1,1,Transit,2016.0,K2,Published Confirmed,0,7.06599,2.32,,,,4127.0,0.491,0.551,180.697
K2-7 b,K2-7,1,1,Transit,2015.0,K2,Published Confirmed,0,28.67992,2.67,,651.0,,5772.0,0.96,0.97,738.553
K2-70 b,K2-70,1,1,Transit,2016.0,K2,Published Confirmed,0,13.978518,2.75039475,,,,5131.0,0.798574,0.847597,232.964
K2-71 b,K2-71,1,1,Transit,2016.0,K2,Published Confirmed,0,6.98541,2.15,,,,4006.0,0.426,0.477,153.192
K2-72 b,K2-72,1,4,Transit,2016.0,K2,Published Confirmed,0,5.577212,1.08,,,,3360.47,0.330989,0.271365,66.4321
K2-72 c,K2-72,1,4,Transit,2016.0,K2,Published Confirmed,0,15.1871,0.86,,,,3497.0,0.232,0.217,66.4321
K2-72 d,K2-72,1,4,Transit,2016.0,K2,Published Confirmed,0,7.760178,1.01,,,,3360.47,0.330989,0.271365,66.4321
K2-72 e,K2-72,1,4,Transit,2016.0,K2,Published Confirmed,0,24.1669,0.82,,,,3497.0,0.232,0.217,66.4321
K2-73 b,K2-73,1,2,Transit,2016.0,K2,Published Confirmed,0,7.49556,2.58,9.2,968.0,,5867.0,1.058,1.02,269.183
K2-73 c,K2-73,1,2,Radial Velocity,2025.0,W. M. Keck Observatory,Published Confirmed,0,1000.0,,1142.0,186.1,,5867.0,1.058,1.02,269.183
K2-74 b,K2-74,1,1,Transit,2016.0,K2,Published Confirmed,0,19.565557,2.95906745,,,,5929.0,1.086156,0.987182,377.822
K2-75 b,K2-75,1,2,Transit,2016.0,K2,Published Confirmed,0,7.817949,2.54862479,,,,6022.0,1.238022,1.173509,561.93
K2-75 c,K2-75,1,2,Transit,2016.0,K2,Published Confirmed,0,18.286069,2.62624197,,,,6022.0,1.238022,1.173509,561.93
K2-77 b,K2-77,1,1,Transit,2016.0,K2,Published Confirmed,0,8.2000844,2.4996027,,806.0,,5160.0,0.792,0.847,141.731
K2-79 b,K2-79,1,1,Transit,2016.0,K2,Published Confirmed,0,10.9947,4.09,11.8,1021.0,G1,5897.0,1.269,1.06,256.011
K2-8 b,K2-8,1,2,Transit,2015.0,K2,Published Confirmed,0,10.35239,3.58,,631.0,K3 V,4870.0,0.74,0.78,403.513
K2-8 c,K2-8,1,2,Transit,2016.0,K2,Published Confirmed,0,5.06416,2.41,,801.0,K3 V,4870.0,0.74,0.78,403.513
K2-80 b,K2-80,1,3,Transit,2016.0,K2,Published Confirmed,0,19.09995,2.11327433,,,,5377.0,0.841458,0.913111,200.802
K2-80 c,K2-80,1,3,Transit,2016.0,K2,Published Confirmed,0,5.605309,1.48914397,,,,5377.0,0.841458,0.913111,200.802
K2-80 d,K2-80,1,3,Transit,2018.0,K2,Published Confirmed,0,28.867253,2.55211506,,,,5377.0,0.841458,0.913111,200.802
K2-81 b,K2-81,1,1,Transit,2016.0,K2,Published Confirmed,0,6.10224,1.82,,,,4530.0,0.631,0.697,252.318
K2-83 b,K2-83,1,2,Transit,2016.0,K2,Published Confirmed,0,2.74697,1.244,,,,3910.0,0.424,0.484,125.529
K2-83 c,K2-83,1,2,Transit,2016.0,K2,Published Confirmed,0,9.99767,1.483,,,,3910.0,0.424,0.484,125.529
K2-84 b,K2-84,1,2,Transit,2016.0,K2,Published Confirmed,0,6.4215,2.41,,,,5652.0,0.93,0.95,284.876
K2-84 c,K2-84,1,2,Transit,2016.0,K2,Published Confirmed,0,27.86,2.03,,,,5652.0,0.93,0.95,284.876
K2-85 b,K2-85,1,1,Transit,2016.0,K2,Published Confirmed,0,0.68453862616,1.4,3.2,1355.0,,4232.0,0.71,0.7,97.2179
K2-86 b,K2-86,1,1,Transit,2016.0,K2,Published Confirmed,0,8.775864,1.97521161,,,,5129.0,0.721964,0.757495,258.699
K2-87 b,K2-87,1,1,Transit,2016.0,K2,Published Confirmed,0,9.726618,7.6,,979.0,,5747.0,1.401,1.164,491.242
K2-88 b,K2-88,1,1,Transit,2016.0,K2,Published Confirmed,0,4.6122,1.23,,,,3537.0,0.256,0.258,110.561
K2-89 b,K2-89,1,1,Transit,2016.0,K2,Published Confirmed,0,1.095979,1.08,,,,3677.0,0.535057,0.531616,86.0386
K2-9 b,K2-9,1,1,Transit,2015.0,K2,Published Confirmed,0,18.4498,2.25,,314.0,M2.5 V,3390.0,0.31,0.3,82.9631
K2-90 b,K2-90,1,2,Transit,2016.0,K2,Published Confirmed,0,13.733314,2.6,,502.0,,4484.0,0.619,0.629,134.188
K2-90 c,K2-90,1,2,Transit,2016.0,K2,Published Confirmed,0,2.900706,1.3,,,,4421.98,0.634754,0.704613,134.188
K2-91 b,K2-91,1,1,Transit,2016.0,K2,Published Confirmed,0,1.419549,1.1,,,,3622.0,0.284,0.292,62.5785
K2-95 b,K2-95,1,1,Transit,2016.0,K2,Published Confirmed,0,10.13389,3.47,,,M3.0,3471.0,0.402,0.361,179.854
K2-97 b,K2-97,1,1,Transit,2016.0,K2,Published Confirmed,0,8.407115,13.45077684,174.48779544,1566.0,,4673.0,4.14,1.17,878.43
K2-98 b,K2-98,1,1,Transit,2016.0,K2,Published Confirmed,0,10.13675,4.3,32.2,1102.0,F8 V,6120.0,1.311,1.074,518.625
K2-99 b,K2-99,1,2,Transit,2016.0,K2,Published Confirmed,0,18.249,14.45961,308.2951,,G0 IV,5990.0,3.1,1.6,519.229
K2-99 c,K2-99,1,2,Radial Velocity,2022.0,Multiple Observatories,Published Confirmed,0,522.2,,2669.7586188,390.0,,6069.0,2.55,1.44,519.229
KELT-1 b,KELT-1,1,1,Transit,2012.0,KELT,Published Confirmed,0,1.217514,12.442,8654.15,,,6516.0,1.471,1.335,268.43
KELT-10 b,KELT-10,1,1,Transit,2016.0,KELT-South,Published Confirmed,0,4.1662739,15.681391,215.80657,1377.0,G0 V,5948.0,1.209,1.112,188.404
KELT-11 b,KELT-11,1,1,Transit,2017.0,KELT-South,Published Confirmed,0,4.73620865,15.13212395,65.15482343,1712.0,,5375.0,2.69,1.44,99.1596
KELT-12 b,KELT-12,1,1,Transit,2017.0,KELT-North,Published Confirmed,0,5.031623,19.95202,301.9385,1800.0,,6279.0,2.37,1.591,368.03
KELT-14 b,KELT-14,1,1,Transit,2016.0,KELT-South,Published Confirmed,0,1.7100566,19.537287,408.09372,1970.0,G4,5720.0,1.52,1.239,250.121
KELT-15 b,KELT-15,2,1,Transit,2016.0,KELT-South,Published Confirmed,0,3.329441,16.174587,289.2253,1642.0,,6003.0,1.481,1.181,324.683
KELT-16 b,KELT-16,2,1,Transit,2017.0,KELT,Published Confirmed,0,0.9689951,15.860735,874.0325,2453.0,F7 V,6236.0,1.36,1.211,444.586
KELT-17 b,KELT-17,1,1,Transit,2016.0,KELT,Published Confirmed,0,3.0801716,17.093725,416.3573,2087.0,A,7454.0,1.645,1.635,226.5
KELT-18 b,KELT-18,2,1,Transit,2017.0,KELT-North,Published Confirmed,0,2.8717518,17.59813,375.0394,2085.0,F4 V,6670.0,1.908,1.524,321.376
KELT-19 A b,KELT-19 A,2,1,Transit,2017.0,KELT,Published Confirmed,0,4.6117093,21.40919,1293.5681,1935.0,A8 V,7500.0,1.83,1.62,300.276
KELT-2 A b,KELT-2 A,2,1,Transit,2012.0,KELT,Published Confirmed,0,4.1137912,14.4147,483.717,,,6151.0,1.828,1.308,134.058
KELT-20 b,KELT-20,1,1,Transit,2017.0,KELT-North,Published Confirmed,0,3.474119,20.51247,5403.11,2260.0,A2,8980.0,1.6,1.89,136.426
KELT-21 b,KELT-21,1,1,Transit,2018.0,KELT-North,Published Confirmed,0,3.6127647,17.777474,1242.7153,2051.0,A8 V,7598.0,1.638,1.458,470.878
KELT-23 A b,KELT-23 A,2,1,Transit,2019.0,KELT-North,Published Confirmed,0,2.255251,14.829507,298.12454,1561.0,G2 V,5899.0,0.996,0.944,126.261
KELT-24 b,KELT-24,2,1,Transit,2019.0,KELT-North,Published Confirmed,0,5.55149,15.24421375,1334.8793094,1473.0,F7,6415.0,1.52,1.3,96.5173
KELT-3 b,KELT-3,2,1,Transit,2013.0,KELT,Published Confirmed,0,2.7033904,15.076,469.415,1816.0,,6306.0,1.472,1.278,210.252
KELT-4 A b,KELT-4 A,3,1,Transit,2016.0,KELT,Published Confirmed,0,2.9895932,19.044091,286.68266,1823.0,F,6206.0,1.603,1.201,218.05
KELT-6 b,KELT-6,1,2,Transit,2014.0,KELT,Published Confirmed,0,7.8457,13.372,136.661,1313.0,F8,6102.0,1.58,1.085,240.726
KELT-6 c,KELT-6,1,2,Radial Velocity,2015.0,Multiple Observatories,Published Confirmed,0,1276.0,,1179.1493,,,6272.0,1.529,1.126,240.726
KELT-7 b,KELT-7,1,1,Transit,2015.0,KELT,Published Confirmed,0,2.7347749,17.183397,406.8224,2048.0,F,6789.0,1.732,1.535,136.681
KELT-8 b,KELT-8,1,1,Transit,2015.0,KELT,Published Confirmed,0,3.24406,20.84874,275.55861,1675.0,G2 V,5754.0,1.67,1.211,197.572
KELT-9 b,KELT-9,2,1,Transit,2017.0,KELT-North,Published Confirmed,0,1.4811235,21.196219,915.3504,4050.0,B9.5-A0,10170.0,2.362,2.52,204.455
KIC 10001893 b,KIC 10001893,1,3,Orbital Brightness Modulation,2014.0,Kepler,Published Confirmed,1,0.2197,,,,,27500.0,,,1672.94
KIC 10001893 c,KIC 10001893,1,3,Orbital Brightness Modulation,2014.0,Kepler,Published Confirmed,1,0.32528,,,,,27500.0,,,1672.94
KIC 10001893 d,KIC 10001893,1,3,Orbital Brightness Modulation,2014.0,Kepler,Published Confirmed,1,0.81161,,,,,27500.0,,,1672.94
KIC 10068024 b,KIC 10068024,1,1,Orbital Brightness Modulation,2021.0,Kepler,Published Confirmed,0,2.073549,,635.656814,,,6118.4,1.574,1.22,721.105
KIC 10525077 b,KIC 10525077,1,1,Transit,2015.0,Kepler,Published Confirmed,0,854.083,5.5,,,,6091.0,1.01,1.01,1461.15
KIC 3526061 b,KIC 3526061,1,1,Radial Velocity,2022.0,McDonald Observatory,Published Confirmed,0,3552.0,,5768.58558705,,,4829.0,5.86,1.42,401.229
KIC 3558849 b,KIC 3558849,1,1,Transit,2015.0,Kepler,Published Confirmed,0,1322.3,6.9,,,,6175.0,1.01,0.98,1215.7
KIC 5437945 b,KIC 5437945,1,2,Transit,2015.0,Kepler,Published Confirmed,0,440.7813,6.4,,,,6340.0,1.24,1.07,1274.01
KIC 5479689 b,KIC 5479689,1,1,Orbital Brightness Modulation,2021.0,Kepler,Published Confirmed,0,1.701531,,158.9142035,,,5459.1,0.894,0.966,454.95
KIC 7917485 b,KIC 7917485,1,1,Pulsation Timing Variations,2016.0,Kepler,Published Confirmed,0,840.0,,3750.394,,A,7067.0,,1.63,1382.89
KIC 8121913 b,KIC 8121913,1,1,Orbital Brightness Modulation,2021.0,Kepler,Published Confirmed,0,3.294601,,667.4396547,,,5975.3,2.233,1.456,707.303
KIC 8540376 b,KOI-7892,1,3,Transit,2015.0,Kepler,Published Confirmed,0,31.8099,4.1,,,,6474.0,1.26,1.04,1072.3
KIC 8540376 c,KOI-7892,1,3,Transit,2015.0,Kepler,Published Confirmed,0,75.2,2.4,,,,6474.0,1.26,1.04,1072.3
KIC 9663113 b,KIC 9663113,1,2,Transit,2015.0,Kepler,Published Confirmed,0,572.3847,4.6,,,,6065.0,1.03,0.98,1594.74
KMT-2016-BLG-0212L b,KMT-2016-BLG-0212L,1,1,Microlensing,2018.0,KMTNet,Published Confirmed,0,,,5.8,,,,,0.36,6200.0
KMT-2016-BLG-1105L b,KMT-2016-BLG-1105L,1,1,Microlensing,2023.0,KMTNet,Published Confirmed,0,,,4.67,,,,,0.37,7120.0
KMT-2016-BLG-1107L b,KMT-2016-BLG-1107L,1,1,Microlensing,2019.0,KMTNet,Published Confirmed,0,,,1043.0,,,,,0.087,6651.0
KMT-2016-BLG-1337L b,KMT-2016-BLG-1337L,2,1,Microlensing,2026.0,KMTNet,Published Confirmed,0,,,2259.75997377,,M,,,0.54,6950.0
KMT-2016-BLG-1397L b,KMT-2016-BLG-1397L,1,1,Microlensing,2018.0,KMTNet,Published Confirmed,0,,,2200.0,,,,,0.45,6600.0
KMT-2016-BLG-1820L b,KMT-2016-BLG-1820L,1,1,Microlensing,2018.0,KMTNet,Published Confirmed,0,,,1450.0,,,,,0.039,6260.0
KMT-2016-BLG-1836L b,KMT-2016-BLG-1836L,1,1,Microlensing,2019.0,KMTNet,Published Confirmed,0,,,700.0,,,,,0.48,7100.0
KMT-2016-BLG-2142L b,KMT-2016-BLG-2142L,1,1,Microlensing,2018.0,KMTNet,Published Confirmed,0,,,4923.0,,,,,0.073,7010.0
KMT-2016-BLG-2321L b,KMT-2016-BLG-2321L,1,1,Microlensing,2024.0,KMTNet,Published Confirmed,0,,,301.93698665,,,,,0.73,3580.0
KMT-2016-BLG-2364L b,KMT-2016-BLG-2364L,1,1,Microlensing,2020.0,KMTNet,Published Confirmed,0,,,1250.0,,,,,0.5,6440.0
KMT-2016-BLG-2397L b,KMT-2016-BLG-2397L,1,1,Microlensing,2020.0,KMTNet,Published Confirmed,0,,,769.0,,,,,0.62,5090.0
KMT-2016-BLG-2605L b,KMT-2016-BLG-2605L,1,1,Microlensing,2021.0,KMTNet,Published Confirmed,0,,,245.0457018,,,,,0.064,6421.0
KMT-2017-BLG-0165L b,KMT-2017-BLG-0165L,1,1,Microlensing,2018.0,KMTNet,Published Confirmed,0,,,34.0,,,,,0.76,4530.0
KMT-2017-BLG-0428L b,KMT-2017-BLG-0428L,1,1,Microlensing,2023.0,KMTNet,Published Confirmed,0,,,5.59,,,,,0.34,5400.0
KMT-2017-BLG-0673L b,KMT-2017-BLG-0673L,1,1,Microlensing,2022.0,KMTNet,Published Confirmed,0,,,1166.43025369,,,,,0.63,5080.0
KMT-2017-BLG-0849L b,KMT-2017-BLG-0849L,1,1,Microlensing,2024.0,KMTNet,Published Confirmed,0,,,6.39,,,,,0.19,7220.0
KMT-2017-BLG-1003L b,KMT-2017-BLG-1003L,1,1,Microlensing,2023.0,KMTNet,Published Confirmed,0,,,6.75,,,,,0.37,7030.0
KMT-2017-BLG-1038L b,KMT-2017-BLG-1038L,1,1,Microlensing,2019.0,KMTNet,Published Confirmed,0,,,640.0,,,,,0.37,6000.0
KMT-2017-BLG-1057L b,KMT-2017-BLG-1057L,1,1,Microlensing,2024.0,KMTNet,Published Confirmed,0,,,23.5,,,,,0.57,6500.0
KMT-2017-BLG-1146L b,KMT-2017-BLG-1146L,1,1,Microlensing,2019.0,KMTNet,Published Confirmed,0,,,270.0,,,,,0.4,6600.0
KMT-2017-BLG-1194L b,KMT-2017-BLG-1194L,1,1,Microlensing,2023.0,KMTNet,Published Confirmed,0,,,3.54,,,,,0.41,4240.0
KMT-2017-BLG-2197L b,KMT-2017-BLG-2197L,1,1,Microlensing,2025.0,KMTNet,Published Confirmed,0,,,2202.55086051,,,,,0.36,7800.0
KMT-2017-BLG-2331L b,KMT-2017-BLG-2331L,1,1,Microlensing,2024.0,KMTNet,Published Confirmed,0,,,171.0,,,,,0.4,8030.0
KMT-2017-BLG-2509L b,KMT-2017-BLG-2509L,1,1,Microlensing,2021.0,KMTNet,Published Confirmed,0,,,664.26137063,,,,,0.46,7040.0
KMT-2018-BLG-0029L b,KMT-2018-BLG-0029L,1,1,Microlensing,2020.0,KMTNet,Published Confirmed,0,,,8.69,,,,,1.25,3760.0
KMT-2018-BLG-0030L b,KMT-2018-BLG-0030L,1,1,Microlensing,2022.0,KMTNet,Published Confirmed,0,,,460.85119015,,,,,0.51,6480.0
KMT-2018-BLG-0087L b,KMT-2018-BLG-0087L,1,1,Microlensing,2022.0,KMTNet,Published Confirmed,0,,,101.70509024,,,,,0.11,6900.0
KMT-2018-BLG-0247L b,KMT-2018-BLG-0247L,1,1,Microlensing,2022.0,KMTNet,Published Confirmed,0,,,648.36995028,,,,,0.27,6840.0
KMT-2018-BLG-0748L b,KMT-2018-BLG-0748L,1,1,Microlensing,2020.0,KMTNet,Published Confirmed,0,,,60.0,,,,,0.087,7300.0
KMT-2018-BLG-0885L b,KMT-2018-BLG-0885L,1,1,Microlensing,2023.0,KMTNet,Published Confirmed,0,,,9217.023803,,,,,0.29,6890.0
KMT-2018-BLG-1025L b,KMT-2018-BLG-1025L,1,1,Microlensing,2021.0,KMTNet,Published Confirmed,0,,,6.059,,,,,0.219,6705.0
KMT-2018-BLG-1292L b,KMT-2018-BLG-1292L,1,1,Microlensing,2020.0,KMTNet,Published Confirmed,0,,,1400.0,,,,,1.09,3460.0
KMT-2018-BLG-1743L b,KMT-2018-BLG-1743L,1,1,Microlensing,2021.0,KMTNet,Published Confirmed,0,,,512.33939208,,,,,0.418,6039.0
KMT-2018-BLG-1976L b,KMT-2018-BLG-1976L,1,1,Microlensing,2021.0,KMTNet,Published Confirmed,0,,,705.57906354,,,,,0.65,5840.0
KMT-2018-BLG-1988L b,KMT-2018-BLG-1988L,1,1,Microlensing,2022.0,KMTNet,Published Confirmed,0,,,5.56,,,,,0.47,4150.0
KMT-2018-BLG-1990L b,KMT-2018-BLG-1990L,1,1,Microlensing,2019.0,KMTNet,Published Confirmed,0,,,111.0,,M,,,0.094,967.0
KMT-2018-BLG-1996L b,KMT-2018-BLG-1996L,1,1,Microlensing,2021.0,KMTNet,Published Confirmed,0,,,346.43296363,,,,,0.69,5910.0
KMT-2018-BLG-2602L b,KMT-2018-BLG-2602L,1,1,Microlensing,2022.0,KMTNet,Published Confirmed,0,,,365.50266805,,,,,0.66,4310.0
KMT-2019-BLG-0253L b,KMT-2019-BLG-0253L,1,1,Microlensing,2022.0,KMTNet,Published Confirmed,0,,,9.2,,,,,0.7,4900.0
KMT-2019-BLG-0297L b,KMT-2019-BLG-0297L,1,1,Microlensing,2023.0,KMTNet,Published Confirmed,0,,,6038.739733,,,,,0.21,3090.0
KMT-2019-BLG-0298L b,KMT-2019-BLG-0298L,1,1,Microlensing,2023.0,KMTNet,Published Confirmed,0,,,575.26941667,,,,,0.7,6710.0
KMT-2019-BLG-0335L b,KMT-2019-BLG-0335L,1,1,Microlensing,2023.0,KMTNet,Published Confirmed,0,,,6674.396547,,,,,0.32,7710.0
KMT-2019-BLG-0371L b,KMT-2019-BLG-0371L,1,1,Microlensing,2021.0,KMTNet,Published Confirmed,0,,,2447.2787339,,,,,0.09,7010.0
KMT-2019-BLG-0414L b,KMT-2019-BLG-0414L,1,1,Microlensing,2022.0,KMTNet,Published Confirmed,0,,,619.76539365,,,,,0.74,4410.0
KMT-2019-BLG-0578L b,KMT-2019-BLG-0578L,1,1,Microlensing,2025.0,KMTNet,Published Confirmed,0,,,381.3940884,,,,,0.28,7300.0
KMT-2019-BLG-0842L b,KMT-2019-BLG-0842L,1,1,Microlensing,2020.0,KMTNet,Published Confirmed,0,,,10.28,,,,,0.76,3320.0
KMT-2019-BLG-0953L b,KMT-2019-BLG-0953L,1,1,Microlensing,2022.0,KMTNet,Published Confirmed,0,,,15.5,,,,,0.28,7200.0
KMT-2019-BLG-1042L b,KMT-2019-BLG-1042L,1,1,Microlensing,2022.0,KMTNet,Published Confirmed,0,,,60.38739733,,,,,0.3,6600.0
KMT-2019-BLG-1216L b,KMT-2019-BLG-1216L,1,1,Microlensing,2023.0,KMTNet,Published Confirmed,0,,,32.10066911,,,,,0.413,2895.0
KMT-2019-BLG-1339L b,KMT-2019-BLG-1339L,1,1,Microlensing,2020.0,KMTNet,Published Confirmed,0,,,397.0,,,,,0.48,6120.0
KMT-2019-BLG-1367L b,KMT-2019-BLG-1367L,1,1,Microlensing,2023.0,KMTNet,Published Confirmed,0,,,4.08,,,,,0.25,4670.0
KMT-2019-BLG-1552L b,KMT-2019-BLG-1552L,1,1,Microlensing,2022.0,KMTNet,Published Confirmed,0,,,1287.20504835,,,,,0.79,4600.0
KMT-2019-BLG-1715L b,KMT-2019-BLG-1715L,1,1,Microlensing,2021.0,KMTNet,Published Confirmed,0,,,454.49462201,,,,,0.59,3770.0
KMT-2019-BLG-1806L b,KMT-2019-BLG-1806L,1,1,Microlensing,2023.0,KMTNet,Published Confirmed,0,,,4.47,,,,,0.74,6630.0
KMT-2019-BLG-1953L b,KMT-2019-BLG-1953L,1,1,Microlensing,2020.0,KMTNet,Published Confirmed,0,,,200.0,,,,,0.31,7040.0
KMT-2019-BLG-2783L b,KMT-2019-BLG-2783L,1,1,Microlensing,2023.0,KMTNet,Published Confirmed,0,,,368.68095212,,,,,0.34,5910.0
KMT-2019-BLG-2974L b,KMT-2019-BLG-2974L,1,1,Microlensing,2022.0,KMTNet,Published Confirmed,0,,,88.99195396,,,,,0.47,6100.0
KMT-2020-BLG-0202L b,KMT-2020-BLG-0202L,1,1,Microlensing,2026.0,KMTNet,Published Confirmed,0,,,3902.93283796,,,,,0.81,3840.0
KMT-2020-BLG-0414L b,KMT-2020-BLG-0414L,1,2,Microlensing,2021.0,KMTNet,Published Confirmed,0,,,1.87,,WD,,,0.49,1220.0
KMT-2020-BLG-0414L c,KMT-2020-BLG-0414L,1,2,Microlensing,2021.0,KMTNet,Published Confirmed,0,,,8581.366989,,WD,,,0.49,1220.0
KMT-2021-BLG-0119L b,KMT-2021-BLG-0119L,1,1,Microlensing,2022.0,KMTNet,Published Confirmed,0,,,1897.43558979,,,,,0.69,3510.0
KMT-2021-BLG-0171L b,KMT-2021-BLG-0171L,1,1,Microlensing,2022.0,KMTNet,Published Confirmed,0,,,12.1,,,5200.0,,0.8,4700.0
KMT-2021-BLG-0192L b,KMT-2021-BLG-0192L,1,1,Microlensing,2022.0,KMTNet,Published Confirmed,0,,,31.7828407,,,,,0.27,5230.0
KMT-2021-BLG-0240L b,KMT-2021-BLG-0240L,1,1,Microlensing,2022.0,KMTNet,Published Confirmed,0,,,127.1313628,,,,,0.47,7000.0
KMT-2021-BLG-0320L b,KMT-2021-BLG-0320L,1,1,Microlensing,2022.0,KMTNet,Published Confirmed,0,,,31.7828407,,,,,0.32,6950.0
KMT-2021-BLG-0322L b,KMT-2021-BLG-0322L,2,1,Microlensing,2021.0,KMTNet,Published Confirmed,0,,,2034.1018048,,,,,0.62,6600.0
KMT-2021-BLG-0712L b,KMT-2021-BLG-0712L,1,1,Microlensing,2023.0,KMTNet,Published Confirmed,0,,,39.9,,,,,0.23,3200.0
KMT-2021-BLG-0736L b,KMT-2021-BLG-0736L,1,1,Microlensing,2025.0,KMTNet,Published Confirmed,0,,,21.0,,,,,0.6,7000.0
KMT-2021-BLG-0748L b,KMT-2021-BLG-0748L,1,1,Microlensing,2022.0,KMTNet,Published Confirmed,0,,,130.30964687,,,,,0.36,6100.0
KMT-2021-BLG-0852L b,KMT-2021-BLG-0852L,1,1,Microlensing,2026.0,KMTNet,Published Confirmed,0,,,155.73591943,,,,,0.75,7230.0
KMT-2021-BLG-0909L b,KMT-2021-BLG-0909L,1,1,Microlensing,2023.0,KMTNet,Published Confirmed,0,,,400.46379282,,,,,0.38,6480.0
KMT-2021-BLG-0912L b,KMT-2021-BLG-0912L,1,1,Microlensing,2022.0,KMTNet,Published Confirmed,0,,,2.81,,K,,,0.8,5560.0
KMT-2021-BLG-1077L b,KMT-2021-BLG-1077L,1,2,Microlensing,2022.0,KMTNet,Published Confirmed,0,,,69.92224954,,M V,,,0.14,8240.0
KMT-2021-BLG-1077L c,KMT-2021-BLG-1077L,1,2,Microlensing,2022.0,KMTNet,Published Confirmed,0,,,79.45710175,,M V,,,0.14,8240.0
KMT-2021-BLG-1105L b,KMT-2021-BLG-1105L,1,1,Microlensing,2023.0,KMTNet,Published Confirmed,0,,,406.82036096,,,,,0.63,4480.0
KMT-2021-BLG-1150L b,KMT-2021-BLG-1150L,1,1,Microlensing,2023.0,KMTNet,Published Confirmed,0,,,279.68899816,,,,,0.73,3800.0
KMT-2021-BLG-1253L b,KMT-2021-BLG-1253L,1,1,Microlensing,2022.0,KMTNet,Published Confirmed,0,,,22.23,,,,,0.29,6330.0
KMT-2021-BLG-1303L b,KMT-2021-BLG-1303L,1,1,Microlensing,2022.0,KMTNet,Published Confirmed,0,,,120.77479466,,,,,0.57,6280.0
KMT-2021-BLG-1372L b,KMT-2021-BLG-1372L,1,1,Microlensing,2022.0,KMTNet,Published Confirmed,0,,,62.41,,,,,0.42,5970.0
KMT-2021-BLG-1391L b,KMT-2021-BLG-1391L,1,1,Microlensing,2022.0,KMTNet,Published Confirmed,0,,,4.67,,,,,0.39,5550.0
KMT-2021-BLG-1547L b,KMT-2021-BLG-1547L,1,1,Microlensing,2023.0,KMTNet,Published Confirmed,0,,,467.20775829,,,,,0.72,5070.0
KMT-2021-BLG-1554L b,KMT-2021-BLG-1554L,1,1,Microlensing,2022.0,KMTNet,Published Confirmed,0,,,38.13940884,,,,,0.08,7680.0
KMT-2021-BLG-1689L b,KMT-2021-BLG-1689L,1,1,Microlensing,2022.0,KMTNet,Published Confirmed,0,,,39.0,,,4570.0,,0.68,5000.0
KMT-2021-BLG-1770L b,KMT-2021-BLG-1770L,1,1,Microlensing,2023.0,KMTNet,Published Confirmed,0,,,6674.396547,,,,,0.13,6920.0
KMT-2021-BLG-1898L b,KMT-2021-BLG-1898L,1,1,Microlensing,2022.0,KMTNet,Published Confirmed,0,,,251.08444153,,,,,0.48,6900.0
KMT-2021-BLG-2010L b,KMT-2021-BLG-2010L,1,1,Microlensing,2023.0,KMTNet,Published Confirmed,0,,,340.07639549,,,,,0.37,7090.0
KMT-2021-BLG-2294L b,KMT-2021-BLG-2294L,1,1,Microlensing,2022.0,KMTNet,Published Confirmed,0,,,22.24798849,,,,,0.14,6800.0
KMT-2021-BLG-2478L b,KMT-2021-BLG-2478L,1,1,Microlensing,2023.0,KMTNet,Published Confirmed,0,,,289.22385037,,,,,0.2,2860.0
KMT-2021-BLG-2609L b,KMT-2021-BLG-2609L,1,1,Microlensing,2024.0,KMTNet,Published Confirmed,0,,,10.17050902,,,,,0.2,7480.0
KMT-2022-BLG-0303L b,KMT-2022-BLG-0303L,1,1,Microlensing,2024.0,KMTNet,Published Confirmed,0,,,163.04597279,,,,,0.368,6570.0
KMT-2022-BLG-0371L b,KMT-2022-BLG-0371L,1,1,Microlensing,2023.0,KMTNet,Published Confirmed,0,,,82.63538582,,,,,0.63,7140.0
KMT-2022-BLG-0440L b,KMT-2022-BLG-0440L,1,1,Microlensing,2023.0,KMTNet,Published Confirmed,0,,,15.3,,,,,0.53,3500.0
KMT-2022-BLG-1013L b,KMT-2022-BLG-1013L,1,1,Microlensing,2023.0,KMTNet,Published Confirmed,0,,,98.52680617,,,,,0.18,7710.0
KMT-2022-BLG-1551L b,KMT-2022-BLG-1551L,1,1,Microlensing,2026.0,KMTNet,Published Confirmed,0,,,940.77208472,,,,,0.54,6900.0
KMT-2022-BLG-1790L b,KMT-2022-BLG-1790L,1,1,Microlensing,2025.0,KMTNet,Published Confirmed,0,,,549.84314411,,,,,0.58,6480.0
KMT-2022-BLG-1818L b,KMT-2022-BLG-1818L,1,2,Microlensing,2026.0,KMTNet,Published Confirmed,0,,,476.7426105,,,,,0.3,2900.0
KMT-2022-BLG-1818L c,KMT-2022-BLG-1818L,1,2,Microlensing,2026.0,KMTNet,Published Confirmed,0,,,276.51071409,,,,,0.56,4300.0
KMT-2022-BLG-2076L b,KMT-2022-BLG-2076L,1,1,Microlensing,2025.0,KMTNet,Published Confirmed,0,,,279.68899816,,,,,0.67,5570.0
KMT-2022-BLG-2286L b,KMT-2022-BLG-2286L,1,1,Microlensing,2024.0,KMTNet,Published Confirmed,0,,,6038.739733,,,,,0.2,7320.0
KMT-2023-BLG-0119L b,KMT-2023-BLG-0119L,1,1,Microlensing,2025.0,KMTNet,Published Confirmed,0,,,83.7,,K2.5 V,,,0.71,5410.0
KMT-2023-BLG-0416L b,KMT-2023-BLG-0416L,1,1,Microlensing,2024.0,KMTNet,Published Confirmed,0,,,1954.64470305,,,,,0.61,6330.0
KMT-2023-BLG-0466L b,KMT-2023-BLG-0466L,1,1,Microlensing,2026.0,KMTNet,Published Confirmed,0,,,1032.94232275,,,,,0.44,6800.0
KMT-2023-BLG-0469L b,KMT-2023-BLG-0469L,1,1,Microlensing,2024.0,KMTNet,Published Confirmed,0,,,39.41072247,,,,,0.47,7070.0
KMT-2023-BLG-0548L b,KMT-2023-BLG-0548L,1,1,Microlensing,2025.0,KMTNet,Published Confirmed,0,,,184.34047606,,,,,0.123,4320.0
KMT-2023-BLG-0735L b,KMT-2023-BLG-0735L,1,1,Microlensing,2024.0,KMTNet,Published Confirmed,0,,,38.77506565,,,,,0.61,6390.0
KMT-2023-BLG-0830L b,KMT-2023-BLG-0830L,1,1,Microlensing,2025.0,KMTNet,Published Confirmed,0,,,17.79839079,,,,,0.22,7250.0
KMT-2023-BLG-0949L b,KMT-2023-BLG-0949L,1,1,Microlensing,2025.0,KMTNet,Published Confirmed,0,,,1242.70907137,,,,,0.48,6060.0
KMT-2023-BLG-1431L b,KMT-2023-BLG-1431L,1,1,Microlensing,2024.0,KMTNet,Published Confirmed,0,,,13.6,,,,,0.57,6800.0
KMT-2023-BLG-1454L b,KMT-2023-BLG-1454L,1,1,Microlensing,2024.0,KMTNet,Published Confirmed,0,,,200.23189641,,,,,0.17,7220.0
KMT-2023-BLG-1642L b,KMT-2023-BLG-1642L,1,1,Microlensing,2024.0,KMTNet,Published Confirmed,0,,,406.82036096,,,,,0.13,7440.0
KMT-2023-BLG-1743L b,KMT-2023-BLG-1743L,1,1,Microlensing,2024.0,KMTNet,Published Confirmed,0,,,6356.56814,,,,,0.11,7130.0
KMT-2023-BLG-1866L b,KMT-2023-BLG-1866L,1,1,Microlensing,2024.0,KMTNet,Published Confirmed,0,,,3.98,,,,,0.49,6470.0
KMT-2023-BLG-1896L b,KMT-2023-BLG-1896L,1,1,Microlensing,2025.0,KMTNet,Published Confirmed,0,,,16.35,,K6 V,,,0.72,5490.0
KMT-2023-BLG-2209L b,KMT-2023-BLG-2209L,1,1,Microlensing,2025.0,KMTNet,Published Confirmed,0,,,254.2627256,,,,,0.73,5570.0
KMT-2024-BLG-0176L b,KMT-2024-BLG-0176L,1,1,Microlensing,2026.0,KMTNet,Published Confirmed,0,,,241.54958932,,,,,0.103,8340.0
KMT-2024-BLG-0349L b,KMT-2024-BLG-0349L,1,1,Microlensing,2026.0,KMTNet,Published Confirmed,0,,,3769.44490702,,,,,0.68,5750.0
KMT-2024-BLG-0404L b,KMT-2024-BLG-0404L,1,2,Microlensing,2025.0,KMTNet,Published Confirmed,0,,,8657.64580668,,M,,,0.09,7210.0
KMT-2024-BLG-0404L c,KMT-2024-BLG-0404L,1,2,Microlensing,2025.0,KMTNet,Published Confirmed,0,,,17.3,,M,,,0.09,7210.0
KMT-2024-BLG-1005L b,KMT-2024-BLG-1005L,1,1,Microlensing,2025.0,KMTNet,Published Confirmed,0,,,6674.396547,,,,,0.055,6950.0
KMT-2024-BLG-1044L b,KMT-2024-BLG-1044L,1,1,Microlensing,2024.0,KMTNet,Published Confirmed,0,,,13.68,,,,,0.131,6710.0
KMT-2024-BLG-1209L b,KMT-2024-BLG-1209L,1,1,Microlensing,2025.0,KMTNet,Published Confirmed,0,,,839.06699448,,K3 V,,,0.77,3930.0
KMT-2024-BLG-1281L b,KMT-2024-BLG-1281L,1,1,Microlensing,2025.0,KMTNet,Published Confirmed,0,,,19.06970442,,,,,0.32,7180.0
KMT-2024-BLG-1870L b,KMT-2024-BLG-1870L,1,1,Microlensing,2026.0,KMTNet,Published Confirmed,0,,,336.89811142,,,,,0.67,5480.0
KMT-2024-BLG-2005L b,KMT-2024-BLG-2005L,1,1,Microlensing,2026.0,KMTNet,Published Confirmed,0,,,50.85254512,,,,,0.12,7720.0
KMT-2024-BLG-2059L b,KMT-2024-BLG-2059L,1,1,Microlensing,2025.0,KMTNet,Published Confirmed,0,,,6.99222495,,,,,0.51,6070.0
KMT-2024-BLG-2087L b,KMT-2024-BLG-2087L,1,1,Microlensing,2026.0,KMTNet,Published Confirmed,0,,,1395.26670673,,,,,0.48,7190.0
KMT-2024-BLG-2242L b,KMT-2024-BLG-2242L,1,1,Microlensing,2025.0,KMTNet,Published Confirmed,0,,,13.98444991,,,,,0.069,7620.0
KMT-2025-BLG-0121L b,KMT-2025-BLG-0121L,1,1,Microlensing,2026.0,KMTNet,Published Confirmed,0,,,2469.52672239,,,,,0.61,6200.0
KMT-2025-BLG-0481L b,KMT-2025-BLG-0481L,1,1,Microlensing,2026.0,KMTNet,Published Confirmed,0,,,187.51876013,,,,,0.22,7980.0
KMT-2025-BLG-1616L b,KMT-2025-BLG-1616L,1,1,Microlensing,2026.0,KMTNet,Published Confirmed,0,,,42.32,,M V,,,0.26,7500.0
KOBE-1 b,KOBE-1,1,2,Radial Velocity,2025.0,Calar Alto Observatory,Published Confirmed,0,8.5399,,8.8,594.4,K7 V,4135.0,0.619,0.629,23.9718
KOBE-1 c,KOBE-1,1,2,Radial Velocity,2025.0,Calar Alto Observatory,Published Confirmed,0,29.671,,12.4,392.5,K7 V,4135.0,0.619,0.629,23.9718
KOI-12 b,KOI-12,1,2,Transit,2015.0,Kepler,Published Confirmed,0,17.8552333,16.02887,3178.3,,,6820.0,1.63,1.452,399.398
KOI-1257 b,KOI-1257,2,1,Transit,2014.0,Kepler,Published Confirmed,0,86.647661,10.54,460.83,511.0,G5 V,5520.0,1.13,0.99,
KOI-13 b,KOI-13,3,1,Transit,2011.0,Kepler,Published Confirmed,0,1.763588,16.948008,2949.4624,2550.0,,7650.0,1.74,1.72,519.096
KOI-134 b,KOI-134,1,2,Transit,2025.0,Kepler,Published Confirmed,0,67.1277,12.03844527,346.43296363,659.0,F9V,6160.0,1.667,1.407,1159.21
KOI-134 c,KOI-134,1,2,Transit Timing Variations,2025.0,Kepler,Published Confirmed,0,33.95,,69.92224954,,F9V,6160.0,1.667,1.407,1159.21
KOI-142 b,KOI-142,1,3,Transit,2013.0,Kepler,Published Confirmed,0,10.95416,3.78,8.7,,,5471.0,0.88,0.956,376.863
KOI-142 c,KOI-142,1,3,Transit Timing Variations,2013.0,Kepler,Published Confirmed,0,22.26492,,214.1,,,5466.0,0.897,0.99,376.863
KOI-1599.01,KOI-1599,1,2,Transit,2019.0,Kepler,Published Confirmed,0,20.4415,1.9,4.6,,,,0.972,1.02,1131.64
KOI-1599.02,KOI-1599,1,2,Transit,2019.0,Kepler,Published Confirmed,0,13.6088,1.9,9.0,,,,0.972,1.02,1131.64
KOI-1783.01,KOI-1783,1,2,Transit,2020.0,Kepler,Published Confirmed,0,134.4628,8.86,71.0,,,5922.0,1.143,1.076,865.73
KOI-1783.02,KOI-1783,1,2,Transit,2020.0,Kepler,Published Confirmed,0,284.215,5.44,15.0,,,5922.0,1.143,1.076,865.73
KOI-1831 d,Kepler-324,1,4,Transit,2021.0,Kepler,Published Confirmed,0,34.169,1.13,2.23,475.0,,5233.0,0.835,0.901,501.574
KOI-1833 d,Kepler-968,1,3,Transit,2021.0,Kepler,Published Confirmed,0,7.685,2.58,11.02,613.0,,4413.0,0.667,0.681,290.324
KOI-1843.03,Kepler-974,1,2,Transit,2013.0,Kepler,Published Confirmed,0,0.1768913,0.61,8.0,,,3584.0,0.45,0.46,134.311
KOI-217 b,KOI-217,1,1,Transit,2010.0,Kepler,Published Confirmed,0,3.905081985,13.08,,,,5525.0,0.88,0.97,914.699
KOI-2513.01,KOI-2513,1,1,Transit,2023.0,Kepler,Published Confirmed,0,19.00547,2.80224517,7310.053361,,,5900.0,1.2,0.91,1369.87
KOI-3503 b,KOI-3503,1,2,Transit,2021.0,Kepler,Published Confirmed,0,21.185,1.19,9.2,785.0,,6001.0,1.255,0.858,887.064
KOI-3503 c,KOI-3503,1,2,Transit,2021.0,Kepler,Published Confirmed,0,31.828,1.21,10.36,686.0,,6001.0,1.255,0.858,887.064
KOI-351 b,KOI-351,1,8,Transit,2013.0,Kepler,Published Confirmed,0,7.008151,1.31,,,,6080.0,1.2,1.2,848.254
KOI-351 c,KOI-351,1,8,Transit,2013.0,Kepler,Published Confirmed,0,8.719375,1.19,,,,6080.0,1.2,1.2,848.254
KOI-351 d,KOI-351,1,8,Transit,2013.0,Kepler,Published Confirmed,0,59.73667,2.87,,,,6080.0,1.2,1.2,848.254
KOI-351 e,KOI-351,1,8,Transit,2013.0,Kepler,Published Confirmed,0,91.93913,2.66,,,,6080.0,1.2,1.2,848.254
KOI-351 f,KOI-351,1,8,Transit,2013.0,Kepler,Published Confirmed,0,124.9144,2.88,,,,6080.0,1.2,1.2,848.254
KOI-351 g,KOI-351,1,8,Transit,2013.0,Kepler,Published Confirmed,0,210.603,8.07048,254.264,,,6080.0,1.2,1.2,848.254
KOI-351 h,KOI-351,1,8,Transit,2013.0,Kepler,Published Confirmed,0,331.601,11.32109,381.396,,,6080.0,1.2,1.2,848.254
KOI-3680 b,KOI-3680,1,1,Transit,2018.0,Kepler,Published Confirmed,0,141.241671,11.09691,613.4119,347.0,,5830.0,0.96,1.01,921.986
KOI-4777.01,KOI-4777,1,1,Transit,2022.0,Kepler,Published Confirmed,0,0.412,0.51,99.2,1180.0,,3515.0,0.4,0.41,172.245
KOI-4978 b,KOI-4978,1,1,Transit,2024.0,Kepler,Published Confirmed,0,0.941967,0.7,,,G,5050.28,0.966,0.859,936.341
KOI-55 b,KOI-55,1,2,Orbital Brightness Modulation,2011.0,Kepler,Published Confirmed,1,0.240104,0.759,0.44,,B,27730.0,0.203,0.496,1231.02
KOI-55 c,KOI-55,1,2,Orbital Brightness Modulation,2011.0,Kepler,Published Confirmed,1,0.342887,0.867,0.655,,B,27730.0,0.203,0.496,1231.02
KOI-7368 b,KOI-7368,1,1,Transit,2022.0,Kepler,Published Confirmed,0,6.8430344,2.22,,,,5241.0,0.874,0.879,264.995
KOI-7913 b,KOI-7913 A,2,1,Transit,2022.0,Kepler,Published Confirmed,0,24.278553,2.34,,,K6 V,4324.0,0.788,0.76,271.277
KOI-94 b,KOI-94,2,4,Transit,2013.0,Kepler,Published Confirmed,0,3.743208,1.71,10.5,1486.0,,6182.0,1.52,1.277,477.052
KOI-94 c,KOI-94,2,4,Transit,2013.0,Kepler,Published Confirmed,0,10.423648,4.32,15.6,1012.0,,6182.0,1.52,1.277,477.052
KOI-94 d,KOI-94,2,4,Transit,2013.0,Kepler,Published Confirmed,0,22.342989,11.27,106.0,806.0,,6182.0,1.52,1.277,477.052
KOI-94 e,KOI-94,2,4,Transit,2013.0,Kepler,Published Confirmed,0,54.32031,6.56,35.0,584.0,,6182.0,1.52,1.277,477.052
KOI-984 b,KOI-984,1,2,Transit,2022.0,Kepler,Published Confirmed,0,4.2881785,4.3,,1022.0,,5295.0,0.818,0.928,252.667
KOI-984 c,KOI-984,1,2,Transit Timing Variations,2022.0,Kepler,Published Confirmed,0,21.512,,209.8,597.0,,5295.0,0.818,0.928,252.667
KOINTREAU-1 b,XEST 17-036,1,1,Imaging,2026.0,W. M. Keck Observatory,Published Confirmed,0,,,3368.9811142,,M4,3551.0,,0.26,158.618
KOINTREAU-3 b,ISO-Oph 96,1,1,Imaging,2026.0,W. M. Keck Observatory,Published Confirmed,0,,,1080.6165838,,K6-M1,3920.0,,,140.563
KOINTREAU-4 b,2MASS J16262785-2625152,1,1,Imaging,2026.0,W. M. Keck Observatory,Published Confirmed,0,,,4862.7746271,,M4.5,,,,145.434
KPS-1 b,KPS-1,1,1,Transit,2018.0,Acton Sky Portal Observatory,Published Confirmed,0,1.706291,11.54527,346.4347,1459.0,K1 V,5165.0,0.907,0.892,262.706
Kapteyn c,Kapteyn,1,1,Radial Velocity,2014.0,Multiple Observatories,Published Confirmed,1,121.54,,7.0,,,3550.0,0.291,0.281,3.93305
Kepler-10 b,Kepler-10,1,3,Transit,2011.0,Kepler,Published Confirmed,0,0.8374907,1.47,3.24,2188.0,,5708.0,1.065,0.91,185.506
Kepler-10 c,Kepler-10,1,3,Transit,2011.0,Kepler,Published Confirmed,0,45.294301,2.355,11.29,579.0,,5708.0,1.065,0.91,185.506
Kepler-10 d,Kepler-10,1,3,Radial Velocity,2023.0,Roque de los Muchachos Observatory,Published Confirmed,0,151.06,,12.0,387.0,,5708.0,1.065,0.91,185.506
Kepler-100 b,Kepler-100,1,4,Transit,2014.0,Kepler,Published Confirmed,0,6.88705,1.32,7.34,,,5825.0,1.49,1.08,304.645
Kepler-100 c,Kepler-100,1,4,Transit,2014.0,Kepler,Published Confirmed,0,12.8159,2.2,7.05,,,5825.0,1.49,1.08,304.645
Kepler-100 d,Kepler-100,1,4,Transit,2014.0,Kepler,Published Confirmed,0,35.3331,1.61,3.0,,,5825.0,1.49,1.08,304.645
Kepler-100 e,Kepler-100,1,4,Radial Velocity,2023.0,W. M. Keck Observatory,Published Confirmed,0,60.888588,,24.14271827,,,,,1.097,304.645
Kepler-1000 b,Kepler-1000,1,1,Transit,2016.0,Kepler,Published Confirmed,0,120.0181272,4.76,,,,6453.0,1.51,1.4,1115.62
Kepler-1001 b,Kepler-1001,1,2,Transit,2016.0,Kepler,Published Confirmed,0,14.30511983,3.15,,,,5491.0,0.88,0.9,928.978
Kepler-1001 c,Kepler-1001,1,2,Transit,2020.0,Kepler,Published Confirmed,0,9.18186,1.57799279,,,,5376.0,0.836475,0.93,928.978
Kepler-1002 b,Kepler-1002,1,1,Transit,2016.0,Kepler,Published Confirmed,0,4.336429331,1.71,,,,6144.0,1.57,1.22,408.303
Kepler-1003 b,Kepler-1003,1,1,Transit,2016.0,Kepler,Published Confirmed,0,3.554856915,1.78,,,,6109.0,1.17,1.11,941.902
Kepler-1004 b,Kepler-1004,1,1,Transit,2016.0,Kepler,Published Confirmed,0,5.28789787,6.28,,,,4972.0,3.39,1.11,1152.68
Kepler-1005 b,Kepler-1005,1,1,Transit,2016.0,Kepler,Published Confirmed,0,6.49801525,1.5,,,,5782.0,1.06,1.0,567.806
Kepler-1006 b,Kepler-1006,1,1,Transit,2016.0,Kepler,Published Confirmed,0,19.76172042,1.54,,,,5328.0,0.74,0.78,
Kepler-1007 b,Kepler-1007,1,1,Transit,2016.0,Kepler,Published Confirmed,0,5.185002073,1.44,,,,4587.0,0.7,0.73,
Kepler-1008 b,Kepler-1008,2,1,Transit,2016.0,Kepler,Published Confirmed,0,12.43931193,1.28,,,,5066.0,0.78,0.81,282.565
Kepler-1009 b,Kepler-1009,1,1,Transit,2016.0,Kepler,Published Confirmed,0,11.35011917,2.17,,,,4027.0,0.57,0.59,355.019
Kepler-101 b,Kepler-101,1,2,Transit,2014.0,Kepler,Published Confirmed,0,3.4876812,5.77,51.1,1513.0,G3 IV,5667.0,1.56,1.17,927.981
Kepler-101 c,Kepler-101,1,2,Transit,2014.0,Kepler,Published Confirmed,0,6.02976,1.25,3.78,1413.0,G3 IV,5667.0,1.56,1.17,927.981
Kepler-1010 b,Kepler-1010,1,1,Transit,2016.0,Kepler,Published Confirmed,0,34.2685705,2.32,,,,5253.0,0.82,0.86,579.273
Kepler-1011 b,Kepler-1011,1,1,Transit,2016.0,Kepler,Published Confirmed,0,5.753221974,2.87,,,,5416.0,0.88,0.91,736.779
Kepler-1012 b,Kepler-1012,1,1,Transit,2016.0,Kepler,Published Confirmed,0,5.50860439,1.29,,,,5556.0,0.91,0.95,411.077
Kepler-1013 b,Kepler-1013,1,1,Transit,2016.0,Kepler,Published Confirmed,0,18.93054959,2.15,,,,4954.0,0.76,0.81,422.246
Kepler-1014 b,Kepler-1014,1,1,Transit,2016.0,Kepler,Published Confirmed,0,16.57110363,2.39,,,,5388.0,0.84,0.88,624.8
Kepler-1015 b,Kepler-1015,1,1,Transit,2016.0,Kepler,Published Confirmed,0,16.00494214,3.55,,,,6769.0,1.81,1.49,739.357
Kepler-1016 b,Kepler-1016,1,2,Transit,2016.0,Kepler,Published Confirmed,0,1.954524342,2.18,,,,5821.0,1.0,0.99,1402.82
Kepler-1016 c,Kepler-1016,1,2,Transit,2016.0,Kepler,Published Confirmed,0,105.6551369,3.68,,,,5821.0,1.0,0.99,1402.82
Kepler-1017 b,Kepler-1017,1,1,Transit,2016.0,Kepler,Published Confirmed,0,7.23400469,1.99,,,,5473.0,0.87,0.93,552.058
Kepler-1018 b,Kepler-1018,1,1,Transit,2016.0,Kepler,Published Confirmed,0,49.1013514,2.58,,,,5518.0,0.88,0.91,1010.01
Kepler-1019 b,Kepler-1019,1,1,Transit,2016.0,Kepler,Published Confirmed,0,1.411229847,1.46,,,,4433.0,0.67,0.7,194.182
Kepler-102 b,Kepler-102,1,5,Transit,2014.0,Kepler,Published Confirmed,0,5.286965,0.46,1.1,857.0,,4909.0,0.724,0.803,107.796
Kepler-102 c,Kepler-102,1,5,Transit,2014.0,Kepler,Published Confirmed,0,7.071392,0.567,1.7,777.0,,4909.0,0.724,0.803,107.796
Kepler-102 d,Kepler-102,1,5,Transit,2014.0,Kepler,Published Confirmed,0,10.311767,1.154,3.0,686.0,,4909.0,0.724,0.803,107.796
Kepler-102 e,Kepler-102,1,5,Transit,2013.0,Kepler,Published Confirmed,0,16.1456994,2.17,4.7,590.0,,4909.0,0.724,0.803,107.796
Kepler-102 f,Kepler-102,1,5,Transit,2014.0,Kepler,Published Confirmed,0,27.453592,0.861,4.3,495.0,,4909.0,0.724,0.803,107.796
Kepler-1020 b,Kepler-1020,1,1,Transit,2016.0,Kepler,Published Confirmed,0,96.9151496,2.28,,,,5227.0,0.8,0.87,415.358
Kepler-1021 b,Kepler-1021,1,1,Transit,2016.0,Kepler,Published Confirmed,0,13.47469571,2.33,,,,5431.0,0.86,0.89,810.082
Kepler-1022 b,Kepler-1022,1,1,Transit,2016.0,Kepler,Published Confirmed,0,10.99469878,2.36,,,,4445.0,0.68,0.71,420.042
Kepler-1023 b,Kepler-1023,1,1,Transit,2016.0,Kepler,Published Confirmed,0,62.1387714,2.63,,,,5494.0,0.89,0.93,694.175
Kepler-1024 b,Kepler-1024,1,1,Transit,2016.0,Kepler,Published Confirmed,0,66.4162133,3.91,,,,5143.0,0.78,0.81,1087.4
Kepler-1025 b,Kepler-1025,1,1,Transit,2016.0,Kepler,Published Confirmed,0,37.3229493,1.98,,,,6089.0,1.13,1.09,803.776
Kepler-1026 b,Kepler-1026,1,1,Transit,2016.0,Kepler,Published Confirmed,0,36.5156053,2.21,,,,4948.0,0.75,0.79,351.239
Kepler-1027 b,Kepler-1027,2,1,Transit,2016.0,Kepler,Published Confirmed,0,1.907805199,0.89,,,,5436.0,0.82,0.91,405.104
Kepler-1028 b,Kepler-1028,1,1,Transit,2016.0,Kepler,Published Confirmed,0,2.51462432,1.33,,,,5522.0,0.87,0.9,607.916
Kepler-1029 b,Kepler-1029,1,1,Transit,2016.0,Kepler,Published Confirmed,0,4.417696479,1.26,,,,5030.0,0.77,0.82,366.656
Kepler-103 b,Kepler-103,1,2,Transit,2014.0,Kepler,Published Confirmed,0,15.9653287,3.486,9.8,973.0,,6009.0,1.492,1.212,494.832
Kepler-103 c,Kepler-103,1,2,Transit,2014.0,Kepler,Published Confirmed,0,179.60978,5.4539,58.47,,G2,6047.0,1.492,1.212,494.832
Kepler-1030 b,Kepler-1030,1,1,Transit,2016.0,Kepler,Published Confirmed,0,19.32952416,2.48,,,,4983.0,0.76,0.8,758.702
Kepler-1031 b,Kepler-1031,1,1,Transit,2016.0,Kepler,Published Confirmed,0,1.22621732,0.87,,,,6011.0,1.12,1.09,682.882
Kepler-1032 b,Kepler-1032,1,1,Transit,2016.0,Kepler,Published Confirmed,0,3.290117953,1.87,,,,4647.0,0.71,0.77,673.01
Kepler-1033 b,Kepler-1033,1,1,Transit,2016.0,Kepler,Published Confirmed,0,7.56052806,2.51,,,,5547.0,0.92,0.94,1455.5
Kepler-1034 b,Kepler-1034,1,1,Transit,2016.0,Kepler,Published Confirmed,0,12.12400943,2.26,,,,5198.0,0.8,0.83,654.549
Kepler-1035 b,Kepler-1035,1,1,Transit,2016.0,Kepler,Published Confirmed,0,2.714077555,1.17,,,,5763.0,0.97,0.98,562.116
Kepler-1036 b,Kepler-1036,1,1,Transit,2016.0,Kepler,Published Confirmed,0,122.8808058,3.01,,,,5533.0,0.89,0.95,489.435
Kepler-1037 b,Kepler-1037,1,1,Transit,2016.0,Kepler,Published Confirmed,0,1.063788673,1.28,,,,5105.0,0.78,0.82,446.914
Kepler-1038 b,Kepler-1038,1,2,Transit,2016.0,Kepler,Published Confirmed,0,148.4603382,3.53,,,,5335.0,0.83,0.87,584.136
Kepler-1038 c,Kepler-1038,1,2,Transit,2021.0,Kepler,Published Confirmed,0,7.127659798,1.4162338,,,,5159.0,0.821,0.868,584.136
Kepler-1039 b,Kepler-1039,1,1,Transit,2016.0,Kepler,Published Confirmed,0,0.934884242,1.46,,,,4870.0,0.74,0.79,306.91
Kepler-104 b,Kepler-104,2,3,Transit,2014.0,Kepler,Published Confirmed,0,11.427545631,2.36,,,,6032.0,1.03,1.01,400.785
Kepler-104 c,Kepler-104,2,3,Transit,2014.0,Kepler,Published Confirmed,0,23.66836427,2.35,,,,6032.0,1.03,1.01,400.785
Kepler-104 d,Kepler-104,2,3,Transit,2014.0,Kepler,Published Confirmed,0,51.75529576,2.59,,,,6032.0,1.03,1.01,400.785
Kepler-1040 b,Kepler-1040,1,1,Transit,2016.0,Kepler,Published Confirmed,0,201.1214,2.08,,,,5694.0,0.96,0.98,482.119
Kepler-1041 b,Kepler-1041,1,1,Transit,2016.0,Kepler,Published Confirmed,0,24.7576421,2.94,,,,5957.0,1.08,1.06,1485.82
Kepler-1042 b,Kepler-1042,1,1,Transit,2016.0,Kepler,Published Confirmed,0,10.13202575,2.19,,,,4815.0,0.72,0.75,
Kepler-1043 b,Kepler-1043,1,1,Transit,2016.0,Kepler,Published Confirmed,0,38.5053398,2.55,,,,5629.0,0.9,0.92,903.332
Kepler-1044 b,Kepler-1044,1,1,Transit,2016.0,Kepler,Published Confirmed,0,6.77408868,2.67,,,,5985.0,1.11,1.08,1278.96
Kepler-1045 b,Kepler-1045,1,1,Transit,2016.0,Kepler,Published Confirmed,0,26.41045478,2.69,,,,5301.0,0.82,0.86,942.485
Kepler-1046 b,Kepler-1046,1,1,Transit,2016.0,Kepler,Published Confirmed,0,14.37508035,1.71,,,,5913.0,1.04,1.04,721.534
Kepler-1047 b,Kepler-1047,1,2,Transit,2016.0,Kepler,Published Confirmed,0,56.1886887,2.09,,,,5754.0,1.13,1.08,817.647
Kepler-1047 c,Kepler-1047,1,2,Transit,2016.0,Kepler,Published Confirmed,0,3.18897601,0.99,,,,5754.0,1.13,1.08,817.647
Kepler-1048 b,Kepler-1048,1,1,Transit,2016.0,Kepler,Published Confirmed,0,6.92101021,1.61,,,,4651.0,0.7,0.75,556.006
Kepler-1049 b,Kepler-1049,1,1,Transit,2016.0,Kepler,Published Confirmed,0,3.273460736,0.95,,,,3864.0,0.49,0.51,162.006
Kepler-105 b,Kepler-105,1,2,Transit,2013.0,Kepler,Published Confirmed,0,5.4122034,2.53,10.8,,,5933.0,1.026,0.991,459.223
Kepler-105 c,Kepler-105,1,2,Transit,2014.0,Kepler,Published Confirmed,0,7.1262,1.31,4.6,,,5827.0,0.894,0.961,459.223
Kepler-1050 b,Kepler-1050,1,2,Transit,2016.0,Kepler,Published Confirmed,0,15.3787546,1.6,,,,6010.0,1.13,1.09,490.488
Kepler-1050 c,Kepler-1050,1,2,Transit,2016.0,Kepler,Published Confirmed,0,21.1284569,1.48,,,,6010.0,1.13,1.09,490.488
Kepler-1051 b,Kepler-1051,1,1,Transit,2016.0,Kepler,Published Confirmed,0,25.96200249,3.4,,,,6675.0,1.73,1.43,829.343
Kepler-1052 b,Kepler-1052,1,2,Transit,2016.0,Kepler,Published Confirmed,0,34.8538276,2.93,,,,5888.0,1.03,1.03,943.444
Kepler-1052 c,Kepler-1052,1,2,Transit,2023.0,Kepler,Published Confirmed,0,180.9259949,2.36800003,,,,5818.0,0.848,0.937,943.444
Kepler-1053 b,Kepler-1053,1,1,Transit,2016.0,Kepler,Published Confirmed,0,2.414351654,0.98,,,,4529.0,0.69,0.74,151.129
Kepler-1054 b,Kepler-1054,1,1,Transit,2016.0,Kepler,Published Confirmed,0,4.30655689,2.63,,,,6209.0,1.34,1.22,1090.51
Kepler-1055 b,Kepler-1055,1,1,Transit,2016.0,Kepler,Published Confirmed,0,2.295036233,1.23,,,,5723.0,0.94,0.98,389.397
Kepler-1056 b,Kepler-1056,1,1,Transit,2016.0,Kepler,Published Confirmed,0,27.495606,3.01,,,,6127.0,1.2,1.12,982.51
Kepler-1057 b,Kepler-1057,1,1,Transit,2016.0,Kepler,Published Confirmed,0,14.08827448,3.36,,,,5987.0,1.1,1.07,1201.82
Kepler-1058 b,Kepler-1058,1,1,Transit,2016.0,Kepler,Published Confirmed,0,110.96546,2.72,,,,4644.0,0.69,0.73,491.997
Kepler-1059 b,Kepler-1059,1,1,Transit,2016.0,Kepler,Published Confirmed,0,3.764191048,1.73,,,,4906.0,0.72,0.75,713.167
Kepler-106 b,Kepler-106,1,4,Transit,2014.0,Kepler,Published Confirmed,0,6.16486,0.82,5.3,,,5858.0,1.04,1.0,444.322
Kepler-106 c,Kepler-106,1,4,Transit,2014.0,Kepler,Published Confirmed,0,13.5708,2.5,10.44,,,5858.0,1.04,1.0,444.322
Kepler-106 d,Kepler-106,1,4,Transit,2014.0,Kepler,Published Confirmed,0,23.9802,0.95,8.1,,,5858.0,1.04,1.0,444.322
Kepler-106 e,Kepler-106,1,4,Transit,2014.0,Kepler,Published Confirmed,0,43.8445,2.56,11.17,,,5858.0,1.04,1.0,444.322
Kepler-1060 b,Kepler-1060,1,1,Transit,2016.0,Kepler,Published Confirmed,0,46.8779367,2.38,,,,5797.0,0.99,0.99,946.565
Kepler-1061 b,Kepler-1061,1,1,Transit,2016.0,Kepler,Published Confirmed,0,2.757982666,1.98,,,,6067.0,1.07,1.09,543.375
Kepler-1062 b,Kepler-1062,1,1,Transit,2016.0,Kepler,Published Confirmed,0,9.30412078,1.76,,,,4597.0,0.7,0.75,397.455
Kepler-1063 b,Kepler-1063,2,1,Transit,2016.0,Kepler,Published Confirmed,0,14.07971466,1.49,,,,5945.0,1.14,1.09,343.226
Kepler-1064 b,Kepler-1064,1,1,Transit,2016.0,Kepler,Published Confirmed,0,16.54080322,1.55,,,,5153.0,0.79,0.85,
Kepler-1065 b,Kepler-1065,1,2,Transit,2016.0,Kepler,Published Confirmed,0,3.609308907,3.73,,,,5635.0,0.93,0.94,1122.48
Kepler-1065 c,Kepler-1065,1,2,Transit,2016.0,Kepler,Published Confirmed,0,2.37030743,1.6,,,,5635.0,0.93,0.94,1122.48
Kepler-1066 b,Kepler-1066,1,1,Transit,2016.0,Kepler,Published Confirmed,0,1.931559839,2.36,,,,5762.0,0.98,0.98,344.251
Kepler-1067 b,Kepler-1067,1,2,Transit,2016.0,Kepler,Published Confirmed,0,0.762129261,0.8,,,,5592.0,0.93,0.95,667.693
Kepler-1067 c,Kepler-1067,1,2,Transit,2021.0,Kepler,Published Confirmed,0,5.425839901,1.74682428,,,,5594.0,0.934,0.981,667.693
Kepler-1068 b,Kepler-1068,1,1,Transit,2016.0,Kepler,Published Confirmed,0,16.92344113,3.63,,,,5806.0,1.01,1.01,1473.61
Kepler-1069 b,Kepler-1069,1,1,Transit,2016.0,Kepler,Published Confirmed,0,23.8990296,1.6,,,,5722.0,0.98,0.99,695.967
Kepler-107 b,Kepler-107,1,4,Transit,2014.0,Kepler,Published Confirmed,0,3.1800218,1.536,3.8,1592.0,,5854.0,1.447,1.238,525.997
Kepler-107 c,Kepler-107,1,4,Transit,2014.0,Kepler,Published Confirmed,0,4.901452,1.597,10.0,1378.0,,5854.0,1.447,1.238,525.997
Kepler-107 d,Kepler-107,1,4,Transit,2014.0,Kepler,Published Confirmed,0,7.95839,0.86,3.8,1173.0,,5854.0,1.447,1.238,525.997
Kepler-107 e,Kepler-107,1,4,Transit,2014.0,Kepler,Published Confirmed,0,14.749143,2.903,14.1,955.0,,5854.0,1.447,1.238,525.997
Kepler-1070 b,Kepler-1070,1,1,Transit,2016.0,Kepler,Published Confirmed,0,6.2216147,1.73,,,,6261.0,1.32,1.21,939.001
Kepler-1071 b,Kepler-1071,1,1,Transit,2016.0,Kepler,Published Confirmed,0,6.1799844,2.38,,,,5215.0,0.81,0.86,1042.27
Kepler-1072 b,Kepler-1072,1,1,Transit,2016.0,Kepler,Published Confirmed,0,1.569066502,1.58,,,,6199.0,1.32,1.2,982.716
Kepler-1073 b,Kepler-1073,1,3,Transit,2016.0,Kepler,Published Confirmed,0,8.67888593,2.3,,,,5792.0,1.0,1.0,809.897
Kepler-1073 c,Kepler-1073,1,3,Transit,2016.0,Kepler,Published Confirmed,0,4.02582254,1.64,,,,5792.0,1.0,1.0,809.897
Kepler-1073 d,Kepler-1073,1,3,Transit,2021.0,Kepler,Published Confirmed,0,2.504760027,1.48770949,,,,5509.0,1.116,0.924,809.897
Kepler-1074 b,Kepler-1074,1,1,Transit,2016.0,Kepler,Published Confirmed,0,5.94566534,1.25,,,,4002.0,0.57,0.6,250.817
Kepler-1075 b,Kepler-1075,1,1,Transit,2016.0,Kepler,Published Confirmed,0,1.52372816,1.42,,,,3959.0,0.54,0.56,291.275
Kepler-1076 b,Kepler-1076,1,1,Transit,2016.0,Kepler,Published Confirmed,0,6.14727918,0.8,,,,4868.0,0.74,0.79,
Kepler-1077 b,Kepler-1077,1,1,Transit,2016.0,Kepler,Published Confirmed,0,34.3511874,2.77,,,,5816.0,1.02,1.02,1101.42
Kepler-1078 b,Kepler-1078,1,1,Transit,2016.0,Kepler,Published Confirmed,0,3.00725242,1.9,,,,5612.0,0.92,0.94,2481.71
Kepler-1079 b,Kepler-1079,1,1,Transit,2016.0,Kepler,Published Confirmed,0,13.24503188,1.63,,,,5758.0,1.36,1.08,591.098
Kepler-108 b,Kepler-108,2,2,Transit,2014.0,Kepler,Published Confirmed,0,49.18394922,8.53,,,,5824.0,2.11,1.36,338.732
Kepler-108 c,Kepler-108,2,2,Transit,2014.0,Kepler,Published Confirmed,0,190.3216564,7.8,,,,5824.0,2.11,1.36,338.732
Kepler-1080 b,Kepler-1080,1,1,Transit,2016.0,Kepler,Published Confirmed,0,77.2548396,3.28,,,,5956.0,1.16,1.1,1382.82
Kepler-1081 b,Kepler-1081,1,1,Transit,2016.0,Kepler,Published Confirmed,0,3.856918547,1.01,,,,5345.0,0.84,0.88,420.215
Kepler-1082 b,Kepler-1082,1,1,Transit,2016.0,Kepler,Published Confirmed,0,1.543206604,1.12,,,,5923.0,1.14,1.03,739.557
Kepler-1083 b,Kepler-1083,1,1,Transit,2016.0,Kepler,Published Confirmed,0,33.4177993,3.36,,,,5049.0,0.77,0.81,902.633
Kepler-1084 b,Kepler-1084,1,1,Transit,2016.0,Kepler,Published Confirmed,0,2.05333679,1.11,,,,6113.0,1.28,1.12,405.533
Kepler-1085 b,Kepler-1085,1,2,Transit,2016.0,Kepler,Published Confirmed,0,219.3217528,7.22,,,,6000.0,1.14,1.11,1364.53
Kepler-1085 c,Kepler-1085,1,2,Transit,2020.0,Kepler,Published Confirmed,0,56.7771,3.26817741,,,,5816.0,1.0783,1.05,1364.53
Kepler-1086 b,Kepler-1086,2,2,Transit,2016.0,Kepler,Published Confirmed,0,18.78425728,2.44,,,,4350.0,0.66,0.7,466.084
Kepler-1086 c,Kepler-1086,2,2,Transit,2016.0,Kepler,Published Confirmed,0,161.5163345,2.94,,,,4350.0,0.66,0.7,466.084
Kepler-1087 b,Kepler-1087,1,1,Transit,2016.0,Kepler,Published Confirmed,0,0.693842855,0.61,,,,5589.0,0.94,0.96,362.623
Kepler-1088 b,Kepler-1088,1,1,Transit,2016.0,Kepler,Published Confirmed,0,23.12748644,1.42,,,,5975.0,1.08,1.08,280.629
Kepler-1089 b,Kepler-1089,1,1,Transit,2016.0,Kepler,Published Confirmed,0,5.132485618,1.83,,,,3753.0,0.49,0.52,259.328
Kepler-109 b,Kepler-109,1,2,Transit,2014.0,Kepler,Published Confirmed,0,6.4816307,2.49,4.9,1276.0,,5950.0,1.387,1.094,474.861
Kepler-109 c,Kepler-109,1,2,Transit,2014.0,Kepler,Published Confirmed,0,21.22265,2.65,8.2,859.0,,5950.0,1.387,1.094,474.861
Kepler-1090 b,Kepler-1090,1,2,Transit,2016.0,Kepler,Published Confirmed,0,198.680179,2.25,,,,5321.0,0.82,0.86,858.77
Kepler-1090 c,Kepler-1090,1,2,Transit,2021.0,Kepler,Published Confirmed,0,42.42720032,3.29265785,,,,5330.0,1.013,0.869,858.77
Kepler-1091 b,Kepler-1091,1,1,Transit,2016.0,Kepler,Published Confirmed,0,1.434741564,1.46,,,,5851.0,1.03,1.01,914.299
Kepler-1092 b,Kepler-1092,1,1,Transit,2016.0,Kepler,Published Confirmed,0,58.6017925,2.07,,,,5862.0,1.0,0.99,981.233
Kepler-1093 b,Kepler-1093,1,2,Transit,2016.0,Kepler,Published Confirmed,0,25.0824626,1.95,,,,6166.0,1.2,1.13,1072.88
Kepler-1093 c,Kepler-1093,1,2,Transit,2016.0,Kepler,Published Confirmed,0,89.722292,1.96,,,,6166.0,1.2,1.13,1072.88
Kepler-1094 b,Kepler-1094,1,1,Transit,2016.0,Kepler,Published Confirmed,0,78.1000231,3.18,,,,6112.0,1.21,1.14,1291.01
Kepler-1095 b,Kepler-1095,1,1,Transit,2016.0,Kepler,Published Confirmed,0,4.27103091,1.21,,,,5658.0,0.92,0.94,792.522
Kepler-1096 b,Kepler-1096,1,1,Transit,2016.0,Kepler,Published Confirmed,0,2.892217506,1.24,,,,4306.0,0.63,0.66,377.976
Kepler-1097 b,Kepler-1097,1,1,Transit,2016.0,Kepler,Published Confirmed,0,187.747029,3.26,,,,5211.0,0.79,0.82,719.802
Kepler-1098 b,Kepler-1098,1,1,Transit,2016.0,Kepler,Published Confirmed,0,2.543072855,1.3,,,,5794.0,0.99,0.99,1049.19
Kepler-1099 b,Kepler-1099,1,1,Transit,2016.0,Kepler,Published Confirmed,0,2.168452593,2.83,,,,5837.0,1.0,1.01,1022.8
Kepler-11 b,Kepler-11,1,6,Transit,2010.0,Kepler,Published Confirmed,0,10.3039,1.8,1.9,,,5663.0,1.065,0.961,646.346
Kepler-11 c,Kepler-11,1,6,Transit,2010.0,Kepler,Published Confirmed,0,13.02502,3.15,13.5,,,5680.0,1.1,0.95,646.346
Kepler-11 d,Kepler-11,1,6,Transit,2010.0,Kepler,Published Confirmed,0,22.68719,3.43,6.1,,,5680.0,1.1,0.95,646.346
Kepler-11 e,Kepler-11,1,6,Transit,2010.0,Kepler,Published Confirmed,0,31.9959,4.52,8.4,,,5680.0,1.1,0.95,646.346
Kepler-11 f,Kepler-11,1,6,Transit,2010.0,Kepler,Published Confirmed,0,46.68876,2.61,2.3,,,5680.0,1.1,0.95,646.346
Kepler-11 g,Kepler-11,1,6,Transit,2010.0,Kepler,Published Confirmed,0,118.3807,3.33,25.0,,,5663.0,1.065,0.961,646.346
Kepler-110 b,Kepler-110,1,2,Transit,2014.0,Kepler,Published Confirmed,0,12.69105209,2.39,,,,6056.0,1.46,1.15,586.531
Kepler-110 c,Kepler-110,1,2,Transit,2014.0,Kepler,Published Confirmed,0,31.71982498,2.87,,,,6056.0,1.46,1.15,586.531
Kepler-1100 b,Kepler-1100,1,1,Transit,2016.0,Kepler,Published Confirmed,0,6.42200058,1.75,,,,6247.0,1.34,1.21,693.618
Kepler-1101 b,Kepler-1101,1,1,Transit,2016.0,Kepler,Published Confirmed,0,81.3151059,2.47,,,,5614.0,0.91,0.94,742.473
Kepler-1102 b,Kepler-1102,1,1,Transit,2016.0,Kepler,Published Confirmed,0,51.3285623,2.66,,,,5724.0,0.94,0.96,1246.05
Kepler-1103 b,Kepler-1103,1,1,Transit,2016.0,Kepler,Published Confirmed,0,19.79191978,2.27,,,,6092.0,1.15,1.11,1331.92
Kepler-1104 b,Kepler-1104,1,1,Transit,2016.0,Kepler,Published Confirmed,0,5.03728015,1.23,,,,6417.0,1.41,1.3,530.658
Kepler-1105 b,Kepler-1105,1,1,Transit,2016.0,Kepler,Published Confirmed,0,4.421572182,2.01,,,,4299.0,0.68,0.71,318.004
Kepler-1106 b,Kepler-1106,1,1,Transit,2016.0,Kepler,Published Confirmed,0,1.252752174,1.65,,,,6104.0,1.17,1.11,1090.7
Kepler-1107 b,Kepler-1107,1,1,Transit,2016.0,Kepler,Published Confirmed,0,0.571038518,1.34,,,,5268.0,0.82,0.86,428.798
Kepler-1108 b,Kepler-1108,1,1,Transit,2016.0,Kepler,Published Confirmed,0,4.51005748,1.46,,,,5406.0,0.84,0.88,767.701
Kepler-1109 b,Kepler-1109,1,1,Transit,2016.0,Kepler,Published Confirmed,0,37.6467384,2.19,,,,5893.0,1.06,1.05,685.087
Kepler-111 b,Kepler-111,1,2,Transit,2014.0,Kepler,Published Confirmed,0,3.341802938,1.82,,,,5933.0,1.2,1.1,657.223
Kepler-111 c,Kepler-111,1,2,Transit,2014.0,Kepler,Published Confirmed,0,224.77833,7.0840758,222.4798849,352.2,,5914.0,1.145,1.118,657.223
Kepler-1110 b,Kepler-1110,1,1,Transit,2016.0,Kepler,Published Confirmed,0,9.69312032,2.66,,,,4781.0,0.7,0.73,726.828
Kepler-1111 b,Kepler-1111,1,1,Transit,2016.0,Kepler,Published Confirmed,0,8.79617863,2.0,,,,6077.0,1.15,1.1,841.536
Kepler-1112 b,Kepler-1112,1,1,Transit,2016.0,Kepler,Published Confirmed,0,14.36267939,3.02,,,,6496.0,1.54,1.34,1671.28
Kepler-1113 b,Kepler-1113,1,1,Transit,2016.0,Kepler,Published Confirmed,0,42.3004954,2.81,,,,5931.0,1.17,1.12,1073.88
Kepler-1114 b,Kepler-1114,1,1,Transit,2016.0,Kepler,Published Confirmed,0,14.97435694,1.35,,,,5374.0,0.83,0.87,418.417
Kepler-1115 b,Kepler-1115,1,1,Transit,2016.0,Kepler,Published Confirmed,0,23.5540725,1.7,,,,8480.0,1.73,1.6,983.245
Kepler-1116 b,Kepler-1116,1,1,Transit,2016.0,Kepler,Published Confirmed,0,41.6977827,2.54,,,,5641.0,0.93,0.95,1008.57
Kepler-1117 b,Kepler-1117,1,1,Transit,2016.0,Kepler,Published Confirmed,0,4.79028459,1.11,,,,5612.0,0.93,0.95,568.487
Kepler-1118 b,Kepler-1118,1,1,Transit,2016.0,Kepler,Published Confirmed,0,38.6715075,2.74,,,,5688.0,0.97,0.96,888.325
Kepler-1119 b,Kepler-1119,1,1,Transit,2016.0,Kepler,Published Confirmed,0,8.3265153,1.92,,,,6083.0,1.17,1.11,1757.23
Kepler-112 b,Kepler-112,1,2,Transit,2014.0,Kepler,Published Confirmed,0,8.408876951,2.43,,,,5630.0,0.86,0.89,513.206
Kepler-112 c,Kepler-112,1,2,Transit,2014.0,Kepler,Published Confirmed,0,28.5742649,2.52,,,,5630.0,0.86,0.89,513.206
Kepler-1120 b,Kepler-1120,1,1,Transit,2016.0,Kepler,Published Confirmed,0,2.949029052,1.38,,,,4904.0,0.74,0.78,615.231
Kepler-1121 b,Kepler-1121,1,1,Transit,2016.0,Kepler,Published Confirmed,0,13.15141081,1.91,,,,6231.0,1.59,1.29,482.047
Kepler-1122 b,Kepler-1122,1,1,Transit,2016.0,Kepler,Published Confirmed,0,42.1917357,2.04,,,,5544.0,0.89,0.92,1230.42
Kepler-1123 b,Kepler-1123,1,1,Transit,2016.0,Kepler,Published Confirmed,0,4.33946454,1.67,,,,5500.0,0.9,0.93,704.323
Kepler-1124 b,Kepler-1124,1,1,Transit,2016.0,Kepler,Published Confirmed,0,2.852348975,1.28,,,,3658.0,0.34,0.35,289.899
Kepler-1125 b,Kepler-1125,1,1,Transit,2016.0,Kepler,Published Confirmed,0,17.6700642,1.84,,,,5683.0,0.94,0.95,2011.41
Kepler-1126 b,Kepler-1126,1,2,Transit,2016.0,Kepler,Published Confirmed,0,108.593329,1.73,,,,5798.0,0.93,0.92,635.736
Kepler-1126 c,Kepler-1126,1,2,Transit,2023.0,Kepler,Published Confirmed,0,199.6679993,1.68200004,,,,5678.0,0.921,0.794,635.736
Kepler-1127 b,Kepler-1127,1,1,Transit,2016.0,Kepler,Published Confirmed,0,5.12330347,1.96,,,,5664.0,0.95,0.97,842.459
Kepler-1128 b,Kepler-1128,1,1,Transit,2016.0,Kepler,Published Confirmed,0,61.6178167,3.65,,,,5543.0,0.91,0.94,1083.41
Kepler-1129 b,Kepler-1129,1,2,Transit,2016.0,Kepler,Published Confirmed,0,24.3397804,2.96,,,,5831.0,1.0,1.0,1183.88
Kepler-1129 c,Kepler-1129,1,2,Transit,2016.0,Kepler,Published Confirmed,0,76.5369586,2.73,,,,5831.0,1.0,1.0,1183.88
Kepler-113 b,Kepler-113,1,2,Transit,2014.0,Kepler,Published Confirmed,0,4.754,1.82,11.7,,,4725.0,0.69,0.75,262.351
Kepler-113 c,Kepler-113,1,2,Transit,2014.0,Kepler,Published Confirmed,0,8.92507,2.18,8.7,,,4725.0,0.69,0.75,262.351
Kepler-1130 b,Kepler-1130,2,3,Transit,2016.0,Kepler,Published Confirmed,0,5.45298175,0.8,,,,5403.0,0.81,0.9,249.343
Kepler-1130 c,Kepler-1130,2,3,Transit,2021.0,Kepler,Published Confirmed,0,3.266639948,0.79239584,,,,5450.0,0.842,0.944,249.343
Kepler-1130 d,Kepler-1130,2,3,Transit,2021.0,Kepler,Published Confirmed,0,4.272250175,0.64472273,,,,5450.0,0.842,0.944,249.343
Kepler-1131 b,Kepler-1131,1,1,Transit,2016.0,Kepler,Published Confirmed,0,3.53232449,1.59,,,,5851.0,1.04,1.03,1030.7
Kepler-1132 b,Kepler-1132,1,1,Transit,2016.0,Kepler,Published Confirmed,0,62.8916228,2.35,,,,5298.0,0.83,0.87,867.931
Kepler-1133 b,Kepler-1133,1,1,Transit,2016.0,Kepler,Published Confirmed,0,11.55562343,1.97,,,,5569.0,0.9,0.93,753.135
Kepler-1134 b,Kepler-1134,1,1,Transit,2016.0,Kepler,Published Confirmed,0,17.13263989,2.64,,,,5281.0,0.81,0.84,944.445
Kepler-1135 b,Kepler-1135,1,1,Transit,2016.0,Kepler,Published Confirmed,0,76.957857,1.85,,,,5656.0,0.94,0.96,1314.64
Kepler-1136 b,Kepler-1136,1,1,Transit,2016.0,Kepler,Published Confirmed,0,2.361724329,1.64,,,,4512.0,0.68,0.72,491.406
Kepler-1137 b,Kepler-1137,1,1,Transit,2016.0,Kepler,Published Confirmed,0,23.9210791,2.2,,,,6807.0,1.84,1.5,921.778
Kepler-1138 b,Kepler-1138,1,1,Transit,2016.0,Kepler,Published Confirmed,0,3.17060005,1.7,,,,5582.0,0.92,0.95,872.328
Kepler-1139 b,Kepler-1139,1,1,Transit,2016.0,Kepler,Published Confirmed,0,0.813166719,1.19,,,,5550.0,0.91,0.94,495.156
Kepler-114 b,Kepler-114,1,3,Transit,2014.0,Kepler,Published Confirmed,0,5.18856001,1.18,,588.0,M0 V,3983.0,0.54,0.56,259.533
Kepler-114 c,Kepler-114,1,3,Transit,2013.0,Kepler,Published Confirmed,0,8.04144001,1.36,,508.0,M0 V,3983.0,0.54,0.56,259.533
Kepler-114 d,Kepler-114,1,3,Transit,2013.0,Kepler,Published Confirmed,0,11.77617931,1.95,,447.0,M0 V,3983.0,0.54,0.56,259.533
Kepler-1140 b,Kepler-1140,1,1,Transit,2016.0,Kepler,Published Confirmed,0,24.0862707,2.77,,,,4850.0,0.73,0.76,656.48
Kepler-1141 b,Kepler-1141,1,1,Transit,2016.0,Kepler,Published Confirmed,0,2.344511944,0.82,,,,5791.0,1.07,1.01,393.642
Kepler-1142 b,Kepler-1142,1,1,Transit,2016.0,Kepler,Published Confirmed,0,18.3027248,1.47,,,,5685.0,0.96,0.97,1273.51
Kepler-1143 b,Kepler-1143,1,2,Transit,2016.0,Kepler,Published Confirmed,0,2.888904849,1.67,,,,5053.0,0.77,0.81,555.189
Kepler-1143 c,Kepler-1143,1,2,Transit,2016.0,Kepler,Published Confirmed,0,210.630591,3.6,,,,5053.0,0.77,0.81,555.189
Kepler-1144 b,Kepler-1144,1,1,Transit,2016.0,Kepler,Published Confirmed,0,17.14647302,1.99,,,,5753.0,0.96,0.98,1140.57
Kepler-1145 b,Kepler-1145,1,1,Transit,2016.0,Kepler,Published Confirmed,0,3.97076766,1.4,,,,5064.0,0.75,0.79,691.961
Kepler-1146 b,Kepler-1146,1,1,Transit,2016.0,Kepler,Published Confirmed,0,2.352265797,1.23,,,,4692.0,0.7,0.74,703.038
Kepler-1147 b,Kepler-1147,1,1,Transit,2016.0,Kepler,Published Confirmed,0,10.62784997,2.61,,,,5941.0,1.14,1.09,1657.36
Kepler-1148 b,Kepler-1148,1,1,Transit,2016.0,Kepler,Published Confirmed,0,1.104463509,1.69,,,,5054.0,0.77,0.81,625.692
Kepler-1149 b,Kepler-1149,1,1,Transit,2016.0,Kepler,Published Confirmed,0,3.73089898,1.44,,,,5833.0,1.01,1.02,1217.73
Kepler-115 b,Kepler-115,1,2,Transit,2014.0,Kepler,Published Confirmed,0,2.403643296,1.0,,,,5931.0,1.15,1.07,623.609
Kepler-115 c,Kepler-115,1,2,Transit,2014.0,Kepler,Published Confirmed,0,8.99088871,2.5,,,,5931.0,1.15,1.07,623.609
Kepler-1150 b,Kepler-1150,2,1,Transit,2016.0,Kepler,Published Confirmed,0,2.787868386,1.02,,,,4754.0,0.72,0.76,358.518
Kepler-1151 b,Kepler-1151,1,1,Transit,2016.0,Kepler,Published Confirmed,0,65.6478424,2.22,,,,5470.0,0.85,0.88,682.436
Kepler-1152 b,Kepler-1152,1,1,Transit,2016.0,Kepler,Published Confirmed,0,1.646801908,0.87,,,,3964.0,0.53,0.55,215.233
Kepler-1153 b,Kepler-1153,1,1,Transit,2016.0,Kepler,Published Confirmed,0,1.755835327,1.73,,,,5470.0,0.88,0.91,1119.49
Kepler-1154 b,Kepler-1154,1,2,Transit,2016.0,Kepler,Published Confirmed,0,5.1856142,2.34,,,,6327.0,1.43,1.26,1460.1
Kepler-1154 c,Kepler-1154,1,2,Transit,2016.0,Kepler,Published Confirmed,0,8.45808312,2.36,,,,6327.0,1.43,1.26,1460.1
Kepler-1155 b,Kepler-1155,1,1,Transit,2016.0,Kepler,Published Confirmed,0,33.469743,2.03,,,,5842.0,1.03,1.03,1128.72
Kepler-1156 b,Kepler-1156,1,1,Transit,2016.0,Kepler,Published Confirmed,0,11.89520511,1.32,,,,5778.0,1.0,1.0,691.331
Kepler-1157 b,Kepler-1157,1,1,Transit,2016.0,Kepler,Published Confirmed,0,4.45743164,1.09,,,,4679.0,0.71,0.76,342.144
Kepler-1158 b,Kepler-1158,1,1,Transit,2016.0,Kepler,Published Confirmed,0,13.5396293,2.34,,,,6203.0,1.95,1.41,1484.25
Kepler-1159 b,Kepler-1159,1,1,Transit,2016.0,Kepler,Published Confirmed,0,22.70816791,2.37,,,,6217.0,1.28,1.19,1213.71
Kepler-116 b,Kepler-116,1,2,Transit,2014.0,Kepler,Published Confirmed,0,5.968717469,3.43,,,,6187.0,1.43,1.21,955.168
Kepler-116 c,Kepler-116,1,2,Transit,2014.0,Kepler,Published Confirmed,0,13.071489,2.16,,,,6187.0,1.43,1.21,955.168
Kepler-1160 b,Kepler-1160,1,1,Transit,2016.0,Kepler,Published Confirmed,0,7.97034958,2.14,,,,5519.0,0.89,0.92,1077.63
Kepler-1161 b,Kepler-1161,1,1,Transit,2016.0,Kepler,Published Confirmed,0,10.71252541,2.13,,,,4253.0,0.57,0.59,547.726
Kepler-1162 b,Kepler-1162,1,2,Transit,2016.0,Kepler,Published Confirmed,0,32.5637069,2.21,,,,5390.0,0.84,0.89,940.211
Kepler-1162 c,Kepler-1162,1,2,Transit,2023.0,Kepler,Published Confirmed,0,59.28409958,1.87800002,,,,5225.0,0.859,0.861,940.211
Kepler-1163 b,Kepler-1163,1,1,Transit,2016.0,Kepler,Published Confirmed,0,6.11786898,1.03,,,,6302.0,1.35,1.22,478.647
Kepler-1164 b,Kepler-1164,1,1,Transit,2016.0,Kepler,Published Confirmed,0,3.97599768,1.12,,,,5183.0,0.79,0.85,431.622
Kepler-1165 b,Kepler-1165,1,2,Transit,2016.0,Kepler,Published Confirmed,0,9.478522,1.55,,,,6080.0,1.18,1.13,1575.2
Kepler-1165 c,Kepler-1165,1,2,Transit,2021.0,Kepler,Published Confirmed,0,29.96870041,3.36093385,,,,6249.0,1.076,1.13,1575.2
Kepler-1166 b,Kepler-1166,1,1,Transit,2016.0,Kepler,Published Confirmed,0,33.2406882,1.69,,,,5446.0,0.86,0.9,634.906
Kepler-1167 b,Kepler-1167,1,1,Transit,2016.0,Kepler,Published Confirmed,0,1.003933739,1.71,,,,4971.0,0.75,0.79,820.905
Kepler-1168 b,Kepler-1168,1,1,Transit,2016.0,Kepler,Published Confirmed,0,55.8226539,2.5,,,,5157.0,0.82,0.87,752.666
Kepler-1169 b,Kepler-1169,1,1,Transit,2016.0,Kepler,Published Confirmed,0,6.11009134,0.94,,,,6191.0,1.23,1.24,522.823
Kepler-117 b,Kepler-117,1,2,Transit,2014.0,Kepler,Published Confirmed,0,18.7959228,8.059,29.875,984.0,F8 V,6150.0,1.606,1.129,1455.57
Kepler-117 c,Kepler-117,1,2,Transit,2014.0,Kepler,Published Confirmed,0,50.790391,12.341,584.78,704.0,F8 V,6150.0,1.606,1.129,1455.57
Kepler-1170 b,Kepler-1170,1,1,Transit,2016.0,Kepler,Published Confirmed,0,9.98969327,2.41,,,,5069.0,0.76,0.8,1050.45
Kepler-1171 b,Kepler-1171,1,1,Transit,2016.0,Kepler,Published Confirmed,0,1.44259224,2.56,,,,7044.0,1.95,1.58,573.0
Kepler-1172 b,Kepler-1172,1,1,Transit,2016.0,Kepler,Published Confirmed,0,26.0204423,3.2,,,,5558.0,0.89,0.92,1306.53
Kepler-1173 b,Kepler-1173,1,1,Transit,2016.0,Kepler,Published Confirmed,0,0.7698536,0.89,,,,5252.0,0.82,0.86,377.06
Kepler-1174 b,Kepler-1174,1,1,Transit,2016.0,Kepler,Published Confirmed,0,6.89225223,1.59,,,,5936.0,1.04,1.04,1408.75
Kepler-1175 b,Kepler-1175,1,1,Transit,2016.0,Kepler,Published Confirmed,0,37.94563,2.99,,,,5453.0,0.86,0.9,1121.89
Kepler-1176 b,Kepler-1176,1,1,Transit,2016.0,Kepler,Published Confirmed,0,24.1738579,2.45,,,,5844.0,1.02,1.01,864.699
Kepler-1177 b,Kepler-1177,1,1,Transit,2016.0,Kepler,Published Confirmed,0,106.247547,1.9,,,,5712.0,0.97,0.98,1299.97
Kepler-1178 b,Kepler-1178,1,1,Transit,2016.0,Kepler,Published Confirmed,0,31.80634,1.07,,,,4990.0,0.75,0.8,482.287
Kepler-1179 b,Kepler-1179,1,1,Transit,2016.0,Kepler,Published Confirmed,0,2.685057492,1.32,,,,5212.0,0.81,0.84,415.205
Kepler-118 b,Kepler-118,1,2,Transit,2014.0,Kepler,Published Confirmed,0,7.51849479,1.41,,,,5234.0,0.81,0.85,574.228
Kepler-118 c,Kepler-118,1,2,Transit,2014.0,Kepler,Published Confirmed,0,20.172023866,5.94,,,,5234.0,0.81,0.85,574.228
Kepler-1180 b,Kepler-1180,1,1,Transit,2016.0,Kepler,Published Confirmed,0,16.8601286,1.99,,,,6077.0,1.14,1.09,1596.8
Kepler-1181 b,Kepler-1181,1,2,Transit,2016.0,Kepler,Published Confirmed,0,4.89337519,1.57,,,,6176.0,1.3,1.17,938.417
Kepler-1181 c,Kepler-1181,1,2,Transit,2023.0,Kepler,Published Confirmed,0,8.934909821,1.74399996,,,,6688.0,1.347,1.336,938.417
Kepler-1182 b,Kepler-1182,1,1,Transit,2016.0,Kepler,Published Confirmed,0,11.17394617,2.41,,,,5924.0,1.05,1.04,1545.39
Kepler-1183 b,Kepler-1183,1,1,Transit,2016.0,Kepler,Published Confirmed,0,28.5057189,2.82,,,,5765.0,0.99,1.0,1919.19
Kepler-1184 b,Kepler-1184,1,1,Transit,2016.0,Kepler,Published Confirmed,0,53.5991044,2.68,,,,5983.0,1.07,1.05,1157.84
Kepler-1185 b,Kepler-1185,1,1,Transit,2016.0,Kepler,Published Confirmed,0,104.3518976,1.33,,,,5622.0,0.87,0.96,459.273
Kepler-1186 b,Kepler-1186,1,1,Transit,2016.0,Kepler,Published Confirmed,0,16.07677615,2.23,,,,5635.0,0.93,0.95,1337.25
Kepler-1187 b,Kepler-1187,1,1,Transit,2016.0,Kepler,Published Confirmed,0,18.87064068,2.61,,,,5975.0,1.09,1.06,1020.53
Kepler-1188 b,Kepler-1188,1,1,Transit,2016.0,Kepler,Published Confirmed,0,17.1369543,2.08,,,,5913.0,1.06,1.04,1717.48
Kepler-1189 b,Kepler-1189,1,1,Transit,2016.0,Kepler,Published Confirmed,0,3.78858982,1.77,,,,6012.0,1.16,1.11,782.852
Kepler-119 b,Kepler-119,1,2,Transit,2014.0,Kepler,Published Confirmed,0,2.422084448,4.48,,,,5825.0,1.03,1.01,701.996
Kepler-119 c,Kepler-119,1,2,Transit,2014.0,Kepler,Published Confirmed,0,4.12512093,1.12,,,,5825.0,1.03,1.01,701.996
Kepler-1190 b,Kepler-1190,1,1,Transit,2016.0,Kepler,Published Confirmed,0,10.45843441,1.33,,,,4730.0,0.72,0.76,342.509
Kepler-1191 b,Kepler-1191,1,1,Transit,2016.0,Kepler,Published Confirmed,0,5.60014851,1.51,,,,5308.0,0.81,0.85,955.536
Kepler-1192 b,Kepler-1192,1,1,Transit,2016.0,Kepler,Published Confirmed,0,25.2034787,2.36,,,,5438.0,0.83,0.86,1304.19
Kepler-1193 b,Kepler-1193,1,1,Transit,2016.0,Kepler,Published Confirmed,0,2.832652134,1.32,,,,5908.0,1.21,1.08,802.116
Kepler-1194 b,Kepler-1194,1,1,Transit,2016.0,Kepler,Published Confirmed,0,16.22371307,1.51,,,,5590.0,0.92,0.94,757.382
Kepler-1195 b,Kepler-1195,1,1,Transit,2016.0,Kepler,Published Confirmed,0,8.49642241,2.08,,,,4965.0,0.71,0.74,918.566
Kepler-1196 b,Kepler-1196,1,1,Transit,2016.0,Kepler,Published Confirmed,0,66.1849031,2.23,,,,5756.0,0.97,0.98,922.333
Kepler-1197 b,Kepler-1197,1,1,Transit,2016.0,Kepler,Published Confirmed,0,2.03231845,1.25,,,,4708.0,0.72,0.78,486.94
Kepler-1198 b,Kepler-1198,1,1,Transit,2016.0,Kepler,Published Confirmed,0,7.6847716,1.47,,,,5517.0,0.9,0.93,743.03
Kepler-1199 b,Kepler-1199,1,1,Transit,2016.0,Kepler,Published Confirmed,0,15.0447198,1.15,,,,5889.0,1.17,0.94,563.493
Kepler-12 b,Kepler-12,1,1,Transit,2011.0,Kepler,Published Confirmed,0,4.4379637,19.122554,136.6669,1485.0,,5947.0,1.49,1.157,881.386
Kepler-120 b,Kepler-120,1,2,Transit,2014.0,Kepler,Published Confirmed,0,6.31238222,2.05,,576.0,M0 V,4096.0,0.57,0.59,388.63
Kepler-120 c,Kepler-120,1,2,Transit,2014.0,Kepler,Published Confirmed,0,12.79397011,1.62,,455.0,M0 V,4096.0,0.57,0.59,388.63
Kepler-1200 b,Kepler-1200,1,1,Transit,2016.0,Kepler,Published Confirmed,0,1.118549717,1.06,,,,4612.0,0.7,0.74,588.715
Kepler-1201 b,Kepler-1201,1,1,Transit,2016.0,Kepler,Published Confirmed,0,15.18725932,2.29,,,,6177.0,1.24,1.15,944.241
Kepler-1202 b,Kepler-1202,1,1,Transit,2016.0,Kepler,Published Confirmed,0,28.6851324,2.94,,,,5834.0,1.04,1.03,1175.38
Kepler-1203 b,Kepler-1203,1,1,Transit,2016.0,Kepler,Published Confirmed,0,0.588000765,1.06,,,,4105.0,0.61,0.64,317.022
Kepler-1204 b,Kepler-1204,1,1,Transit,2016.0,Kepler,Published Confirmed,0,85.7350285,3.05,,,,5825.0,1.03,1.03,1175.22
Kepler-1205 b,Kepler-1205,1,1,Transit,2016.0,Kepler,Published Confirmed,0,1.078390352,1.41,,,,5226.0,0.81,0.84,698.485
Kepler-1206 b,Kepler-1206,1,1,Transit,2016.0,Kepler,Published Confirmed,0,1.216997663,1.64,,,,4877.0,0.75,0.8,762.019
Kepler-1207 b,Kepler-1207,1,1,Transit,2016.0,Kepler,Published Confirmed,0,13.68237119,1.62,,,,5909.0,1.06,1.06,1754.19
Kepler-1208 b,Kepler-1208,1,1,Transit,2016.0,Kepler,Published Confirmed,0,11.08507637,2.32,,,,5001.0,0.76,0.8,825.176
Kepler-1209 b,Kepler-1209,1,1,Transit,2016.0,Kepler,Published Confirmed,0,25.369116,1.51,,,,6210.0,1.38,1.23,505.531
Kepler-121 b,Kepler-121,1,2,Transit,2014.0,Kepler,Published Confirmed,0,3.177414418,2.78,,,,5354.0,0.82,0.86,510.523
Kepler-121 c,Kepler-121,1,2,Transit,2014.0,Kepler,Published Confirmed,0,41.0081183,3.06,,,,5354.0,0.82,0.86,510.523
Kepler-1210 b,Kepler-1210,1,1,Transit,2016.0,Kepler,Published Confirmed,0,8.07124073,1.7,,,,5568.0,0.92,0.94,1176.53
Kepler-1211 b,Kepler-1211,1,1,Transit,2016.0,Kepler,Published Confirmed,0,11.01816836,2.55,,,,5705.0,0.94,0.96,1826.53
Kepler-1212 b,Kepler-1212,1,1,Transit,2016.0,Kepler,Published Confirmed,0,12.94130146,2.14,,,,6051.0,1.15,1.1,1316.57
Kepler-1213 b,Kepler-1213,1,1,Transit,2016.0,Kepler,Published Confirmed,0,5.34982412,1.19,,,,6050.0,1.21,1.14,807.812
Kepler-1214 b,Kepler-1214,1,1,Transit,2016.0,Kepler,Published Confirmed,0,18.82634264,2.36,,,,5130.0,0.8,0.85,729.227
Kepler-1215 b,Kepler-1215,1,1,Transit,2016.0,Kepler,Published Confirmed,0,4.76703963,1.22,,,,5616.0,0.93,0.95,661.022
Kepler-1216 b,Kepler-1216,1,1,Transit,2016.0,Kepler,Published Confirmed,0,4.37034536,1.39,,,,5743.0,0.98,0.99,1258.36
Kepler-1217 b,Kepler-1217,1,1,Transit,2016.0,Kepler,Published Confirmed,0,2.032325072,1.99,,,,5905.0,1.08,1.06,1347.71
Kepler-1218 b,Kepler-1218,1,1,Transit,2016.0,Kepler,Published Confirmed,0,22.9221266,1.44,,,,5986.0,1.1,1.06,840.503
Kepler-1219 b,Kepler-1219,1,1,Transit,2016.0,Kepler,Published Confirmed,0,16.10467749,2.12,,,,5944.0,1.94,1.25,880.895
Kepler-122 b,Kepler-122,1,5,Transit,2014.0,Kepler,Published Confirmed,0,5.76616658,2.26,,,,6076.0,1.15,1.08,1027.45
Kepler-122 c,Kepler-122,1,5,Transit,2014.0,Kepler,Published Confirmed,0,12.465995556,5.62,,,,6076.0,1.15,1.08,1027.45
Kepler-122 d,Kepler-122,1,5,Transit,2014.0,Kepler,Published Confirmed,0,21.5878875,1.89,,,,6076.0,1.15,1.08,1027.45
Kepler-122 e,Kepler-122,1,5,Transit,2014.0,Kepler,Published Confirmed,0,38.0,2.02,27.7,,,,0.949,1.03,1027.45
Kepler-122 f,Kepler-122,1,5,Transit Timing Variations,2014.0,Kepler,Published Confirmed,0,56.268,1.75,36.0,,,,0.949,1.03,1027.45
Kepler-1220 b,Kepler-1220,1,1,Transit,2016.0,Kepler,Published Confirmed,0,7.42693741,1.52,,,,5842.0,0.99,1.0,961.907
Kepler-1221 b,Kepler-1221,1,1,Transit,2016.0,Kepler,Published Confirmed,0,12.00096042,1.88,,,,5194.0,0.82,0.87,913.65
Kepler-1222 b,Kepler-1222,1,1,Transit,2016.0,Kepler,Published Confirmed,0,1.916944254,0.79,,,,5239.0,0.8,0.84,415.218
Kepler-1223 b,Kepler-1223,1,1,Transit,2016.0,Kepler,Published Confirmed,0,16.301259,1.22,,,,4870.0,0.75,0.8,459.957
Kepler-1224 b,Kepler-1224,1,1,Transit,2016.0,Kepler,Published Confirmed,0,13.32351601,1.33,,,,6155.0,1.22,1.18,559.598
Kepler-1225 b,Kepler-1225,1,1,Transit,2016.0,Kepler,Published Confirmed,0,7.01075434,1.82,,,,6140.0,1.19,1.13,1347.52
Kepler-1226 b,Kepler-1226,1,1,Transit,2016.0,Kepler,Published Confirmed,0,17.2923453,1.45,,,,5923.0,1.02,1.02,1125.72
Kepler-1227 b,Kepler-1227,1,1,Transit,2016.0,Kepler,Published Confirmed,0,94.2887577,2.29,,,,5747.0,0.95,0.97,623.706
Kepler-1228 b,Kepler-1228,1,1,Transit,2016.0,Kepler,Published Confirmed,0,0.577369579,1.54,,,,5063.0,0.74,0.78,515.453
Kepler-1229 b,Kepler-1229,1,1,Transit,2016.0,Kepler,Published Confirmed,0,86.82974,1.34,,212.0,,3577.0,0.45,0.48,265.482
Kepler-123 b,Kepler-123,1,2,Transit,2014.0,Kepler,Published Confirmed,0,17.232,2.55,55.3,,,,1.092,1.01,1021.66
Kepler-123 c,Kepler-123,1,2,Transit,2014.0,Kepler,Published Confirmed,0,26.6951659,1.46,,,,6147.0,1.21,1.12,1021.66
Kepler-1230 b,Kepler-1230,1,1,Transit,2016.0,Kepler,Published Confirmed,0,9.95661537,2.71,,,,5961.0,1.08,1.06,1364.22
Kepler-1231 b,Kepler-1231,1,1,Transit,2016.0,Kepler,Published Confirmed,0,10.41725184,1.42,,,,5778.0,1.0,1.01,987.237
Kepler-1232 b,Kepler-1232,1,1,Transit,2016.0,Kepler,Published Confirmed,0,26.7839183,1.93,,,,5471.0,0.89,0.92,632.865
Kepler-1233 b,Kepler-1233,1,1,Transit,2016.0,Kepler,Published Confirmed,0,45.1263042,2.6,,,,6198.0,1.25,1.16,1178.7
Kepler-1234 b,Kepler-1234,1,1,Transit,2016.0,Kepler,Published Confirmed,0,11.94014029,2.81,,,,4967.0,0.76,0.8,916.749
Kepler-1235 b,Kepler-1235,1,1,Transit,2016.0,Kepler,Published Confirmed,0,4.16055856,0.79,,,,5541.0,0.9,0.93,540.604
Kepler-1236 b,Kepler-1236,1,1,Transit,2016.0,Kepler,Published Confirmed,0,31.0571618,2.14,,,,5337.0,0.82,0.86,999.64
Kepler-1237 b,Kepler-1237,1,1,Transit,2016.0,Kepler,Published Confirmed,0,84.5733226,2.86,,,,5472.0,0.9,0.94,1064.31
Kepler-1238 b,Kepler-1238,1,1,Transit,2016.0,Kepler,Published Confirmed,0,4.14787559,1.93,,,,6386.0,1.48,1.3,1632.13
Kepler-1239 b,Kepler-1239,1,1,Transit,2016.0,Kepler,Published Confirmed,0,5.19104016,2.9,,,,6564.0,1.57,1.4,2140.6
Kepler-124 b,Kepler-124,1,3,Transit,2014.0,Kepler,Published Confirmed,0,3.41045424,0.8,,,,5133.0,0.67,0.73,420.046
Kepler-124 c,Kepler-124,1,3,Transit,2014.0,Kepler,Published Confirmed,0,13.82139306,2.27,,,,5133.0,0.67,0.73,420.046
Kepler-124 d,Kepler-124,1,3,Transit,2014.0,Kepler,Published Confirmed,0,30.9507608,1.32,,,,5133.0,0.67,0.73,420.046
Kepler-1240 b,Kepler-1240,1,1,Transit,2016.0,Kepler,Published Confirmed,0,4.8663815,1.15,,,,5682.0,0.96,0.98,862.186
Kepler-1241 b,Kepler-1241,1,1,Transit,2016.0,Kepler,Published Confirmed,0,18.5525701,2.63,,,,5261.0,0.8,0.84,968.722
Kepler-1242 b,Kepler-1242,1,1,Transit,2016.0,Kepler,Published Confirmed,0,13.62798432,2.26,,,,4895.0,0.74,0.77,687.615
Kepler-1243 b,Kepler-1243,1,1,Transit,2016.0,Kepler,Published Confirmed,0,16.8320729,1.75,,,,5667.0,0.94,0.96,758.17
Kepler-1244 b,Kepler-1244,1,1,Transit,2016.0,Kepler,Published Confirmed,0,3.70428172,1.35,,,,6680.0,1.77,1.46,1075.81
Kepler-1245 b,Kepler-1245,1,2,Transit,2016.0,Kepler,Published Confirmed,0,4.35409304,1.44,,,,5306.0,0.83,0.86,805.936
Kepler-1245 c,Kepler-1245,1,2,Transit,2016.0,Kepler,Published Confirmed,0,2.936584681,1.44,,,,5306.0,0.83,0.86,805.936
Kepler-1246 b,Kepler-1246,1,1,Transit,2016.0,Kepler,Published Confirmed,0,11.32271513,1.36,,,,4611.0,0.69,0.73,436.505
Kepler-1247 b,Kepler-1247,1,1,Transit,2016.0,Kepler,Published Confirmed,0,13.71220213,2.33,,,,5303.0,0.82,0.86,1045.92
Kepler-1248 b,Kepler-1248,1,1,Transit,2016.0,Kepler,Published Confirmed,0,7.46725407,1.18,,,,6149.0,1.21,1.21,593.026
Kepler-1249 b,Kepler-1249,1,1,Transit,2016.0,Kepler,Published Confirmed,0,24.3347127,2.38,,,,6202.0,1.28,1.19,1904.54
Kepler-125 b,Kepler-125,1,2,Transit,2014.0,Kepler,Published Confirmed,0,4.16437101,2.47,,594.0,M1 V,3810.0,0.52,0.54,183.365
Kepler-125 c,Kepler-125,1,2,Transit,2014.0,Kepler,Published Confirmed,0,5.7744684,0.9,,,,3800.0,0.546506,0.542101,183.365
Kepler-1250 b,Kepler-1250,1,1,Transit,2016.0,Kepler,Published Confirmed,0,2.607543834,1.92,,,,5717.0,0.98,0.99,2126.85
Kepler-1251 b,Kepler-1251,1,1,Transit,2016.0,Kepler,Published Confirmed,0,45.0904643,1.84,,,,5545.0,0.89,0.92,902.204
Kepler-1252 b,Kepler-1252,1,1,Transit,2016.0,Kepler,Published Confirmed,0,15.0540329,1.67,,,,5949.0,1.09,1.06,648.979
Kepler-1253 b,Kepler-1253,1,1,Transit,2016.0,Kepler,Published Confirmed,0,68.8861915,1.33,,,,5850.0,1.1,0.97,514.524
Kepler-1254 b,Kepler-1254,1,3,Transit,2016.0,Kepler,Published Confirmed,0,9.99113313,1.55,,,,4985.0,0.75,0.78,622.818
Kepler-1254 c,Kepler-1254,1,3,Transit,2016.0,Kepler,Published Confirmed,0,3.60084276,1.3,,,,4985.0,0.75,0.78,622.818
Kepler-1254 d,Kepler-1254,1,3,Transit,2016.0,Kepler,Published Confirmed,0,5.72717226,1.31,,,,4985.0,0.75,0.78,622.818
Kepler-1255 b,Kepler-1255,1,1,Transit,2016.0,Kepler,Published Confirmed,0,36.2919336,2.32,,,,6018.0,1.12,1.08,1617.07
Kepler-1256 b,Kepler-1256,1,1,Transit,2016.0,Kepler,Published Confirmed,0,12.4127754,1.49,,,,6129.0,1.36,1.17,891.192
Kepler-1257 b,Kepler-1257,1,1,Transit,2016.0,Kepler,Published Confirmed,0,2.668313762,1.52,,,,5502.0,0.87,0.9,1105.95
Kepler-1258 b,Kepler-1258,1,1,Transit,2016.0,Kepler,Published Confirmed,0,0.984940167,0.86,,,,5839.0,0.99,0.99,717.555
Kepler-1259 b,Kepler-1259,1,1,Transit,2016.0,Kepler,Published Confirmed,0,0.663085258,1.43,,,,5053.0,0.77,0.8,805.562
Kepler-126 b,Kepler-126,1,3,Transit,2014.0,Kepler,Published Confirmed,0,10.49567752,1.47,,,,6311.0,1.35,1.18,237.401
Kepler-126 c,Kepler-126,1,3,Transit,2014.0,Kepler,Published Confirmed,0,21.86967617,1.62,,,,6311.0,1.35,1.18,237.401
Kepler-126 d,Kepler-126,1,3,Transit,2014.0,Kepler,Published Confirmed,0,100.2828693,2.51,,,,6311.0,1.35,1.18,237.401
Kepler-1260 b,Kepler-1260,1,1,Transit,2016.0,Kepler,Published Confirmed,0,19.1187753,1.77,,,,5961.0,1.08,1.06,1734.43
Kepler-1261 b,Kepler-1261,1,1,Transit,2016.0,Kepler,Published Confirmed,0,48.4308991,2.26,,,,5006.0,0.77,0.82,744.294
Kepler-1262 b,Kepler-1262,1,1,Transit,2016.0,Kepler,Published Confirmed,0,8.67900242,1.82,,,,5771.0,0.98,0.99,1054.87
Kepler-1263 b,Kepler-1263,1,1,Transit,2016.0,Kepler,Published Confirmed,0,4.55139967,1.14,,,,5213.0,0.8,0.84,664.83
Kepler-1264 b,Kepler-1264,1,1,Transit,2016.0,Kepler,Published Confirmed,0,0.968526023,1.18,,,,5791.0,0.98,0.99,801.993
Kepler-1265 b,Kepler-1265,1,1,Transit,2016.0,Kepler,Published Confirmed,0,6.49441289,1.35,,,,4630.0,0.69,0.71,583.641
Kepler-1266 b,Kepler-1266,1,2,Transit,2016.0,Kepler,Published Confirmed,0,28.474748,2.58,,,,5044.0,0.76,0.8,849.312
Kepler-1266 c,Kepler-1266,1,2,Transit,2021.0,Kepler,Published Confirmed,0,4.86631012,1.68023962,,,,4996.0,0.831,0.791,849.312
Kepler-1267 b,Kepler-1267,1,1,Transit,2016.0,Kepler,Published Confirmed,0,13.0313945,3.01,,,,6096.0,1.2,1.15,1379.43
Kepler-1268 b,Kepler-1268,1,1,Transit,2016.0,Kepler,Published Confirmed,0,40.9903986,2.03,,,,5904.0,1.09,1.06,1840.77
Kepler-1269 b,Kepler-1269,1,1,Transit,2016.0,Kepler,Published Confirmed,0,37.3331536,1.63,,,,5998.0,1.15,1.1,1097.23
Kepler-127 b,Kepler-127,1,3,Transit,2014.0,Kepler,Published Confirmed,0,14.43594397,1.5,,,,6225.0,1.37,1.25,352.794
Kepler-127 c,Kepler-127,1,3,Transit,2014.0,Kepler,Published Confirmed,0,29.39344,2.389,,,,6066.19,1.4457,1.13,352.794
Kepler-127 d,Kepler-127,1,3,Transit,2014.0,Kepler,Published Confirmed,0,48.62997,2.668,,,,6066.19,1.4457,1.13,352.794
Kepler-1270 b,Kepler-1270,1,1,Transit,2016.0,Kepler,Published Confirmed,0,6.03356196,3.32,,,,5047.0,3.38,1.28,1095.05
Kepler-1271 b,Kepler-1271,1,1,Transit,2016.0,Kepler,Published Confirmed,0,3.0255955,1.48,,,,6143.0,1.23,1.13,831.991
Kepler-1272 b,Kepler-1272,1,1,Transit,2016.0,Kepler,Published Confirmed,0,51.1309704,2.37,,,,5926.0,1.09,1.06,1206.37
Kepler-1273 b,Kepler-1273,1,1,Transit,2016.0,Kepler,Published Confirmed,0,28.625653,2.49,,,,5566.0,0.91,0.94,1114.24
Kepler-1274 b,Kepler-1274,1,1,Transit,2016.0,Kepler,Published Confirmed,0,6.98152703,1.42,,,,6179.0,2.17,1.45,614.648
Kepler-1275 b,Kepler-1275,1,1,Transit,2016.0,Kepler,Published Confirmed,0,3.65691115,1.48,,,,6296.0,1.36,1.23,1153.98
Kepler-1276 b,Kepler-1276,1,1,Transit,2016.0,Kepler,Published Confirmed,0,12.5720095,1.19,,,,6188.0,1.21,1.14,538.481
Kepler-1277 b,Kepler-1277,1,1,Transit,2016.0,Kepler,Published Confirmed,0,40.8365012,1.6,,,,5578.0,0.92,0.94,557.193
Kepler-1278 b,Kepler-1278,1,1,Transit,2016.0,Kepler,Published Confirmed,0,3.23941344,1.01,,,,6074.0,1.16,1.11,889.426
Kepler-1279 b,Kepler-1279,1,1,Transit,2016.0,Kepler,Published Confirmed,0,23.4774101,1.75,,,,6221.0,1.33,1.21,1494.22
Kepler-128 b,Kepler-128,1,2,Transit,2013.0,Kepler,Published Confirmed,0,15.092,1.2,,970.0,,6072.0,1.659,1.184,396.379
Kepler-128 c,Kepler-128,1,2,Transit,2013.0,Kepler,Published Confirmed,0,22.8,1.521,3.38,,,6072.0,1.659,1.184,396.379
Kepler-1280 b,Kepler-1280,1,1,Transit,2016.0,Kepler,Published Confirmed,0,66.5579057,1.87,,,,6227.0,1.32,1.2,1486.7
Kepler-1281 b,Kepler-1281,1,1,Transit,2016.0,Kepler,Published Confirmed,0,3.11602791,1.64,,,,5353.0,0.83,0.87,
Kepler-1282 b,Kepler-1282,1,1,Transit,2016.0,Kepler,Published Confirmed,0,2.131946513,1.55,,,,5504.0,0.89,0.92,1103.29
Kepler-1283 b,Kepler-1283,1,1,Transit,2016.0,Kepler,Published Confirmed,0,12.9460978,1.91,,,,6175.0,1.25,1.16,2921.99
Kepler-1284 b,Kepler-1284,1,1,Transit,2016.0,Kepler,Published Confirmed,0,0.664073806,1.21,,,,5123.0,0.79,0.84,882.324
Kepler-1285 b,Kepler-1285,1,1,Transit,2016.0,Kepler,Published Confirmed,0,14.7967458,0.97,,,,6170.0,1.28,1.2,422.269
Kepler-1286 b,Kepler-1286,1,1,Transit,2016.0,Kepler,Published Confirmed,0,11.25402929,2.15,,,,5753.0,0.98,1.0,1354.46
Kepler-1287 b,Kepler-1287,1,1,Transit,2016.0,Kepler,Published Confirmed,0,11.47685909,1.54,,,,5715.0,0.94,0.96,1003.26
Kepler-1288 b,Kepler-1288,1,1,Transit,2016.0,Kepler,Published Confirmed,0,2.76122421,1.12,,,,6132.0,1.29,1.2,814.078
Kepler-1289 b,Kepler-1289,1,1,Transit,2016.0,Kepler,Published Confirmed,0,7.99019627,1.52,,,,6080.0,1.17,1.1,1053.57
Kepler-129 b,Kepler-129,1,3,Transit,2014.0,Kepler,Published Confirmed,0,15.79,2.4,20.0,,G4 V,5770.0,1.653,1.178,408.845
Kepler-129 c,Kepler-129,1,3,Transit,2014.0,Kepler,Published Confirmed,0,82.2,2.52,43.0,,G4 V,5770.0,1.653,1.178,408.845
Kepler-129 d,Kepler-129,1,3,Radial Velocity,2021.0,W. M. Keck Observatory,Published Confirmed,0,2646.0,,2637.9757781,,G4 V,5770.0,1.653,1.178,408.845
Kepler-1290 b,Kepler-1290,1,1,Transit,2016.0,Kepler,Published Confirmed,0,4.69500134,1.42,,,,5660.0,0.93,0.95,1593.7
Kepler-1291 b,Kepler-1291,1,1,Transit,2016.0,Kepler,Published Confirmed,0,8.63043276,1.66,,,,5216.0,0.8,0.84,897.352
Kepler-1292 b,Kepler-1292,1,1,Transit,2016.0,Kepler,Published Confirmed,0,3.27646405,1.82,,,,5556.0,0.93,0.95,1493.43
Kepler-1293 b,Kepler-1293,1,1,Transit,2016.0,Kepler,Published Confirmed,0,5.57654784,0.97,,,,6241.0,1.28,1.18,1028.16
Kepler-1294 b,Kepler-1294,1,1,Transit,2016.0,Kepler,Published Confirmed,0,115.6862258,3.19,,,,5776.0,0.97,0.99,1855.7
Kepler-1295 b,Kepler-1295,1,1,Transit,2016.0,Kepler,Published Confirmed,0,3.81371974,1.55,,,,5486.0,0.89,0.92,1174.46
Kepler-1296 b,Kepler-1296,1,1,Transit,2016.0,Kepler,Published Confirmed,0,8.3839865,0.91,,,,5359.0,0.83,0.87,1551.54
Kepler-1297 b,Kepler-1297,1,1,Transit,2016.0,Kepler,Published Confirmed,0,1.68189002,0.97,,,,5818.0,0.99,0.99,1439.47
Kepler-1298 b,Kepler-1298,1,1,Transit,2016.0,Kepler,Published Confirmed,0,7.12811928,1.31,,,,6339.0,2.0,1.45,544.163
Kepler-1299 b,Kepler-1299,1,1,Transit,2016.0,Kepler,Published Confirmed,0,19.9400874,2.98,,,,5609.0,0.91,0.94,1404.94
Kepler-130 b,Kepler-130,2,3,Transit,2014.0,Kepler,Published Confirmed,0,8.45746707,1.03,,,,6012.0,1.18,1.02,316.663
Kepler-130 c,Kepler-130,2,3,Transit,2014.0,Kepler,Published Confirmed,0,27.50868,2.9,,683.0,,5879.0,1.17,1.0,316.663
Kepler-130 d,Kepler-130,2,3,Transit,2014.0,Kepler,Published Confirmed,0,87.5174361,1.41,,,,6012.0,1.18,1.02,316.663
Kepler-1300 b,Kepler-1300,1,1,Transit,2016.0,Kepler,Published Confirmed,0,22.2419092,1.37,,,,6130.0,1.79,1.29,777.025
Kepler-1301 b,Kepler-1301,1,1,Transit,2016.0,Kepler,Published Confirmed,0,9.08237046,1.4,,,,5188.0,0.81,0.85,854.28
Kepler-1302 b,Kepler-1302,1,1,Transit,2016.0,Kepler,Published Confirmed,0,8.83922659,1.43,,,,5236.0,0.82,0.86,634.58
Kepler-1303 b,Kepler-1303,1,1,Transit,2016.0,Kepler,Published Confirmed,0,7.56127224,1.42,,,,5771.0,1.0,1.01,897.783
Kepler-1304 b,Kepler-1304,1,1,Transit,2016.0,Kepler,Published Confirmed,0,16.1288853,2.29,,,,5259.0,0.81,0.85,2176.08
Kepler-1305 b,Kepler-1305,1,1,Transit,2016.0,Kepler,Published Confirmed,0,13.5630972,1.88,,,,5701.0,0.96,0.97,1575.23
Kepler-1306 b,Kepler-1306,1,1,Transit,2016.0,Kepler,Published Confirmed,0,16.29595382,1.91,,,,5727.0,0.97,0.98,1107.5
Kepler-1307 b,Kepler-1307,1,1,Transit,2016.0,Kepler,Published Confirmed,0,18.01621096,2.47,,,,5884.0,1.08,1.06,1014.62
Kepler-1308 b,Kepler-1308,1,1,Transit,2016.0,Kepler,Published Confirmed,0,2.104338119,0.52,,,,3468.0,0.34,0.35,112.705
Kepler-1309 b,Kepler-1309,1,1,Transit,2016.0,Kepler,Published Confirmed,0,28.8432647,2.37,,,,5235.0,0.8,0.85,
Kepler-131 b,Kepler-131,1,2,Transit,2014.0,Kepler,Published Confirmed,0,16.092,2.41,16.13,,,5685.0,1.03,1.02,228.678
Kepler-131 c,Kepler-131,1,2,Transit,2014.0,Kepler,Published Confirmed,0,25.5169,0.84,8.25,,,5685.0,1.03,1.02,228.678
Kepler-1310 b,Kepler-1310,1,1,Transit,2016.0,Kepler,Published Confirmed,0,0.679336272,1.44,,,,5549.0,0.88,0.91,569.185
Kepler-1311 b,Kepler-1311,1,3,Transit,2016.0,Kepler,Published Confirmed,0,11.1726994,1.24,,,,5748.0,1.4,1.05,866.331
Kepler-1311 c,Kepler-1311,1,3,Transit,2016.0,Kepler,Published Confirmed,0,2.53573424,1.22,,,,5748.0,1.4,1.05,866.331
Kepler-1311 d,Kepler-1311,1,3,Transit,2021.0,Kepler,Published Confirmed,0,197.5110016,9.65837605,,,,5616.0,1.674,1.032,866.331
Kepler-1312 b,Kepler-1312,1,2,Transit,2016.0,Kepler,Published Confirmed,0,5.448325286,2.1,,,,5719.0,0.92,0.99,299.104
Kepler-1312 c,Kepler-1312,1,2,Transit,2021.0,Kepler,Published Confirmed,0,1.116119981,1.02732734,,,,5721.0,0.905,0.983,299.104
Kepler-1313 b,Kepler-1313,1,1,Transit,2016.0,Kepler,Published Confirmed,0,3.833091178,1.76,,,,5453.0,0.85,0.92,174.234
Kepler-1314 b,Kepler-1314,1,1,Transit,2016.0,Kepler,Published Confirmed,0,5.424749281,5.11,,,,4188.0,0.59,0.6,
Kepler-1315 b,Kepler-1315,1,2,Transit,2016.0,Kepler,Published Confirmed,0,0.84338011,1.38,,,,4861.0,0.75,0.8,480.869
Kepler-1315 c,Kepler-1315,1,2,Transit,2021.0,Kepler,Published Confirmed,0,6.566060066,1.84398883,,,,4818.0,0.856,0.809,480.869
Kepler-1316 b,Kepler-1316,1,1,Transit,2016.0,Kepler,Published Confirmed,0,87.9732136,3.54,,,,5884.0,1.12,1.04,800.871
Kepler-1317 b,Kepler-1317,1,1,Transit,2016.0,Kepler,Published Confirmed,0,0.568874427,1.56,,,,5144.0,0.79,0.83,728.303
Kepler-1318 b,Kepler-1318,1,1,Transit,2016.0,Kepler,Published Confirmed,0,213.257663,3.11,,,,4598.0,0.7,0.73,475.248
Kepler-1319 b,Kepler-1319,2,1,Transit,2016.0,Kepler,Published Confirmed,0,2.886762645,1.34,,,,3655.0,0.54,0.56,103.917
Kepler-132 b,Kepler-132,2,4,Transit,2014.0,Kepler,Published Confirmed,0,6.178,2.17,,1194.0,,5879.0,1.408,1.023,349.549
Kepler-132 c,Kepler-132,2,4,Transit,2014.0,Kepler,Published Confirmed,0,6.415,2.27,,1179.0,,5879.0,1.408,1.023,349.549
Kepler-132 d,Kepler-132,2,4,Transit,2014.0,Kepler,Published Confirmed,0,18.01,2.98,,836.0,,5879.0,1.408,1.023,349.549
Kepler-132 e,Kepler-132,2,4,Transit,2016.0,Kepler,Published Confirmed,0,110.2869374,1.18,,,,6023.0,1.1,1.03,349.549
Kepler-1320 b,Kepler-1320,1,1,Transit,2016.0,Kepler,Published Confirmed,0,0.868386528,1.7,,,,4817.0,0.74,0.8,647.424
Kepler-1321 b,Kepler-1321,1,3,Transit,2016.0,Kepler,Published Confirmed,0,11.12830484,4.92,,,,4094.0,0.53,0.54,769.146
Kepler-1321 c,Kepler-1321,1,3,Transit,2016.0,Kepler,Published Confirmed,0,2.226491086,2.4,,,,4094.0,0.53,0.54,769.146
Kepler-1321 d,Kepler-1321,1,3,Transit,2021.0,Kepler,Published Confirmed,0,5.720920086,2.62843782,,,,3640.0,0.503,0.513,769.146
Kepler-1322 b,Kepler-1322,1,2,Transit,2016.0,Kepler,Published Confirmed,0,0.962867382,1.61,,,,5488.0,0.87,0.9,1350.32
Kepler-1322 c,Kepler-1322,1,2,Transit,2021.0,Kepler,Published Confirmed,0,6.459980011,2.15492527,,,,5704.0,0.804,0.897,1350.32
Kepler-1323 b,Kepler-1323,1,1,Transit,2016.0,Kepler,Published Confirmed,0,0.929906678,1.52,,,,6169.0,1.4,1.18,465.417
Kepler-1324 b,Kepler-1324,1,1,Transit,2016.0,Kepler,Published Confirmed,0,4.115844679,1.51,,,,4776.0,0.73,0.78,481.667
Kepler-1325 b,Kepler-1325,1,1,Transit,2016.0,Kepler,Published Confirmed,0,33.8786838,2.86,,,,5550.0,0.91,0.93,973.368
Kepler-1326 b,Kepler-1326,1,1,Transit,2016.0,Kepler,Published Confirmed,0,42.3514267,4.18,,,,6725.0,1.74,1.45,698.326
Kepler-1327 b,Kepler-1327,1,1,Transit,2016.0,Kepler,Published Confirmed,0,14.88801098,1.8,,,,5885.0,1.03,1.02,678.069
Kepler-1328 b,Kepler-1328,1,1,Transit,2016.0,Kepler,Published Confirmed,0,4.52158888,0.98,,,,5780.0,0.99,1.0,813.543
Kepler-1329 b,Kepler-1329,1,1,Transit,2016.0,Kepler,Published Confirmed,0,9.33646594,2.17,,,,4500.0,0.69,0.72,588.037
Kepler-133 b,Kepler-133,1,2,Transit,2014.0,Kepler,Published Confirmed,0,8.13000457,1.59,,,,5730.0,1.32,1.04,653.6
Kepler-133 c,Kepler-133,1,2,Transit,2014.0,Kepler,Published Confirmed,0,31.51780202,2.59,,,,5730.0,1.32,1.04,653.6
Kepler-1330 b,Kepler-1330,1,1,Transit,2016.0,Kepler,Published Confirmed,0,10.10769068,1.65,,,,5608.0,0.94,0.97,1720.48
Kepler-1331 b,Kepler-1331,1,1,Transit,2016.0,Kepler,Published Confirmed,0,0.789161653,1.05,,,,4508.0,0.69,0.72,319.197
Kepler-1332 b,Kepler-1332,1,1,Transit,2016.0,Kepler,Published Confirmed,0,11.87456832,1.37,,,,5581.0,0.9,0.95,528.685
Kepler-1333 b,Kepler-1333,1,1,Transit,2016.0,Kepler,Published Confirmed,0,109.6471842,2.81,,,,5628.0,0.92,0.94,932.446
Kepler-1334 b,Kepler-1334,1,1,Transit,2016.0,Kepler,Published Confirmed,0,15.64591713,2.29,,,,5614.0,0.91,0.94,1223.04
Kepler-1335 b,Kepler-1335,1,1,Transit,2016.0,Kepler,Published Confirmed,0,6.26406846,1.45,,,,4903.0,0.74,0.77,621.853
Kepler-1336 b,Kepler-1336,1,2,Transit,2016.0,Kepler,Published Confirmed,0,23.198681,1.98,,,,5512.0,1.3,0.94,1126.64
Kepler-1336 c,Kepler-1336,1,2,Transit,2016.0,Kepler,Published Confirmed,0,5.77721211,1.71,,,,5512.0,1.3,0.94,1126.64
Kepler-1337 b,Kepler-1337,1,1,Transit,2016.0,Kepler,Published Confirmed,0,24.4002549,2.41,,,,4523.0,0.67,0.7,601.629
Kepler-1338 b,Kepler-1338,1,1,Transit,2016.0,Kepler,Published Confirmed,0,0.935118057,0.92,,,,5909.0,1.05,1.04,753.26
Kepler-1339 b,Kepler-1339,1,1,Transit,2016.0,Kepler,Published Confirmed,0,1.341555127,0.71,,,,5586.0,0.93,0.94,371.049
Kepler-134 b,Kepler-134,1,2,Transit,2014.0,Kepler,Published Confirmed,0,5.317435416,1.75,,,,5983.0,1.07,1.06,334.797
Kepler-134 c,Kepler-134,1,2,Transit,2014.0,Kepler,Published Confirmed,0,10.10575303,1.17,,,,5983.0,1.07,1.06,334.797
Kepler-1340 b,Kepler-1340,1,1,Transit,2016.0,Kepler,Published Confirmed,0,0.665026916,1.55,,,,6331.0,1.42,1.27,981.779
Kepler-1341 b,Kepler-1341,2,1,Transit,2016.0,Kepler,Published Confirmed,0,132.9968322,2.99,,,,4662.0,0.72,0.79,476.957
Kepler-1342 b,Kepler-1342,1,1,Transit,2016.0,Kepler,Published Confirmed,0,2.215710358,1.66,,,,5527.0,0.9,0.93,890.724
Kepler-1343 b,Kepler-1343,1,1,Transit,2016.0,Kepler,Published Confirmed,0,3.35183158,1.93,,,,5759.0,0.93,0.95,1756.71
Kepler-1344 b,Kepler-1344,1,1,Transit,2016.0,Kepler,Published Confirmed,0,4.7683049,1.84,,,,5981.0,1.13,1.09,853.959
Kepler-1345 b,Kepler-1345,1,1,Transit,2016.0,Kepler,Published Confirmed,0,44.6169557,2.36,,,,6449.0,1.55,1.32,1355.02
Kepler-1346 b,Kepler-1346,1,1,Transit,2016.0,Kepler,Published Confirmed,0,3.40165668,1.58,,,,6133.0,1.21,1.14,843.701
Kepler-1347 b,Kepler-1347,1,1,Transit,2016.0,Kepler,Published Confirmed,0,14.00947528,1.03,,,,5193.0,0.79,0.82,
Kepler-1348 b,Kepler-1348,1,1,Transit,2016.0,Kepler,Published Confirmed,0,27.5722742,1.94,,,,5911.0,1.04,1.04,1213.82
Kepler-1349 b,Kepler-1349,1,1,Transit,2016.0,Kepler,Published Confirmed,0,2.12823928,0.7,,,,6086.0,1.28,1.16,276.323
Kepler-135 b,Kepler-135,1,2,Transit,2014.0,Kepler,Published Confirmed,0,6.002535939,1.91,,,,6251.0,1.35,1.25,621.855
Kepler-135 c,Kepler-135,1,2,Transit,2014.0,Kepler,Published Confirmed,0,11.4485946,1.18,,,,6251.0,1.35,1.25,621.855
Kepler-1350 b,Kepler-1350,1,2,Transit,2016.0,Kepler,Published Confirmed,0,4.4968604,2.52,,,,3827.0,0.53,0.55,340.691
Kepler-1350 c,Kepler-1350,1,2,Transit,2016.0,Kepler,Published Confirmed,0,1.766789062,1.73,,,,3827.0,0.53,0.55,340.691
Kepler-1351 b,Kepler-1351,1,1,Transit,2016.0,Kepler,Published Confirmed,0,0.916140768,0.65,,,,4439.0,0.67,0.7,202.782
Kepler-1352 b,Kepler-1352,1,1,Transit,2016.0,Kepler,Published Confirmed,0,1.877882748,0.89,,,,6118.0,1.16,1.11,670.829
Kepler-1353 b,Kepler-1353,1,1,Transit,2016.0,Kepler,Published Confirmed,0,24.7543966,1.8,,,,4776.0,0.72,0.76,593.384
Kepler-1354 b,Kepler-1354,1,1,Transit,2016.0,Kepler,Published Confirmed,0,76.613377,2.97,,,,6168.0,1.24,1.16,1119.45
Kepler-1355 b,Kepler-1355,1,1,Transit,2016.0,Kepler,Published Confirmed,0,1.289588112,1.46,,,,5352.0,0.83,0.88,911.269
Kepler-1356 b,Kepler-1356,1,1,Transit,2016.0,Kepler,Published Confirmed,0,0.634002937,1.53,,,,5106.0,0.78,0.82,845.228
Kepler-1357 b,Kepler-1357,1,1,Transit,2016.0,Kepler,Published Confirmed,0,3.0091324,1.28,,,,5597.0,0.9,0.93,1015.69
Kepler-1358 b,Kepler-1358,1,1,Transit,2016.0,Kepler,Published Confirmed,0,7.06317341,1.12,,,,5181.0,0.79,0.82,546.998
Kepler-1359 b,Kepler-1359,1,1,Transit,2016.0,Kepler,Published Confirmed,0,59.4970952,2.83,,,,4709.0,0.72,0.78,614.859
Kepler-136 b,Kepler-136,2,2,Transit,2014.0,Kepler,Published Confirmed,0,11.579,1.8,19.8,,,,1.188,1.17,420.818
Kepler-136 c,Kepler-136,2,2,Transit,2014.0,Kepler,Published Confirmed,0,16.3992561,1.97,,,,6193.0,1.29,1.21,420.818
Kepler-1360 b,Kepler-1360,1,1,Transit,2016.0,Kepler,Published Confirmed,0,40.5286413,3.4,,,,6778.0,1.83,1.51,1516.27
Kepler-1361 b,Kepler-1361,1,1,Transit,2016.0,Kepler,Published Confirmed,0,3.57554956,0.86,,,,5131.0,0.79,0.83,389.143
Kepler-1362 b,Kepler-1362,1,1,Transit,2016.0,Kepler,Published Confirmed,0,136.205626,2.6,,,,4857.0,0.74,0.8,731.298
Kepler-1363 b,Kepler-1363,1,1,Transit,2016.0,Kepler,Published Confirmed,0,2.94194094,1.25,,,,4839.0,0.72,0.76,541.714
Kepler-1364 b,Kepler-1364,1,1,Transit,2016.0,Kepler,Published Confirmed,0,13.32196237,2.15,,,,6805.0,1.79,1.49,1056.9
Kepler-1365 b,Kepler-1365,1,2,Transit,2016.0,Kepler,Published Confirmed,0,7.69993485,0.92,,,,5770.0,1.05,1.0,840.128
Kepler-1365 c,Kepler-1365,1,2,Transit,2016.0,Kepler,Published Confirmed,0,4.77468005,0.8,,,,5770.0,1.05,1.0,840.128
Kepler-1366 b,Kepler-1366,1,1,Transit,2016.0,Kepler,Published Confirmed,0,2.164570968,1.43,,,,4070.0,0.6,0.62,465.826
Kepler-1367 b,Kepler-1367,1,1,Transit,2016.0,Kepler,Published Confirmed,0,1.574090272,0.92,,,,4106.0,0.6,0.62,401.484
Kepler-1368 b,Kepler-1368,1,1,Transit,2016.0,Kepler,Published Confirmed,0,0.675649486,1.65,,,,5906.0,1.08,1.07,1635.82
Kepler-1369 b,Kepler-1369,1,1,Transit,2016.0,Kepler,Published Confirmed,0,25.873148,2.69,,,,5761.0,0.99,0.99,1236.56
Kepler-137 b,Kepler-137,1,2,Transit,2014.0,Kepler,Published Confirmed,0,8.43639364,1.69,,,,5268.0,0.81,0.87,302.979
Kepler-137 c,Kepler-137,1,2,Transit,2014.0,Kepler,Published Confirmed,0,18.73575579,2.13,,,,5268.0,0.81,0.87,302.979
Kepler-1370 b,Kepler-1370,1,2,Transit,2016.0,Kepler,Published Confirmed,0,20.2641684,1.84,,,,6202.0,1.29,1.19,1004.1
Kepler-1370 c,Kepler-1370,1,2,Transit,2016.0,Kepler,Published Confirmed,0,7.44142113,1.27,,,,6202.0,1.29,1.19,1004.1
Kepler-1371 b,Kepler-1371,1,2,Transit,2016.0,Kepler,Published Confirmed,0,3.4462039,0.73,,,,5361.0,0.83,0.87,515.334
Kepler-1371 c,Kepler-1371,1,2,Transit,2016.0,Kepler,Published Confirmed,0,2.00541269,0.64,,,,5361.0,0.83,0.87,515.334
Kepler-1372 b,Kepler-1372,1,1,Transit,2016.0,Kepler,Published Confirmed,0,1.311555568,1.27,,,,5677.0,0.97,0.98,1303.22
Kepler-1373 b,Kepler-1373,1,1,Transit,2016.0,Kepler,Published Confirmed,0,1.29123275,1.16,,,,6299.0,1.33,1.22,1699.46
Kepler-1374 b,Kepler-1374,1,1,Transit,2016.0,Kepler,Published Confirmed,0,10.65276707,2.29,,,,5323.0,0.81,0.85,1078.46
Kepler-1375 b,Kepler-1375,1,1,Transit,2016.0,Kepler,Published Confirmed,0,3.3004192,1.74,,,,6704.0,1.78,1.47,1430.84
Kepler-1376 b,Kepler-1376,1,1,Transit,2016.0,Kepler,Published Confirmed,0,5.30880656,1.05,,,,5659.0,0.97,0.98,868.056
Kepler-1377 b,Kepler-1377,1,1,Transit,2016.0,Kepler,Published Confirmed,0,0.740928422,1.25,,,,5218.0,0.82,0.86,1146.1
Kepler-1378 b,Kepler-1378,1,1,Transit,2016.0,Kepler,Published Confirmed,0,11.95398936,2.2,,,,4407.0,0.67,0.7,506.434
Kepler-1379 b,Kepler-1379,1,1,Transit,2016.0,Kepler,Published Confirmed,0,0.881841146,1.3,,,,5188.0,0.79,0.83,971.325
Kepler-138 b,Kepler-138,1,4,Transit,2014.0,Kepler,Published Confirmed,0,10.3134,0.64,0.07,452.0,,3841.0,0.535,0.535,66.8624
Kepler-138 c,Kepler-138,1,4,Transit,2014.0,Kepler,Published Confirmed,0,13.7815,1.51,2.3,410.0,,3841.0,0.535,0.535,66.8624
Kepler-138 d,Kepler-138,1,4,Transit,2014.0,Kepler,Published Confirmed,0,23.08933,1.61,1.01,,M1 V,3871.0,0.54,0.57,66.8624
Kepler-138 e,Kepler-138,1,4,Transit Timing Variations,2022.0,Multiple Observatories,Published Confirmed,0,38.23,,0.43,292.0,,3841.0,0.535,0.535,66.8624
Kepler-1380 b,Kepler-1380,1,1,Transit,2016.0,Kepler,Published Confirmed,0,10.3108245,1.43,,,,5570.0,0.94,0.96,2462.94
Kepler-1381 b,Kepler-1381,1,1,Transit,2016.0,Kepler,Published Confirmed,0,25.3842686,2.25,,,,5747.0,0.94,0.96,1197.04
Kepler-1382 b,Kepler-1382,1,1,Transit,2016.0,Kepler,Published Confirmed,0,16.3583055,1.88,,,,6161.0,1.72,1.36,738.261
Kepler-1383 b,Kepler-1383,1,1,Transit,2016.0,Kepler,Published Confirmed,0,13.9093583,1.41,,,,6370.0,1.44,1.26,1027.21
Kepler-1384 b,Kepler-1384,1,1,Transit,2016.0,Kepler,Published Confirmed,0,15.36262753,1.94,,,,4919.0,0.74,0.78,
Kepler-1385 b,Kepler-1385,1,1,Transit,2016.0,Kepler,Published Confirmed,0,2.88879862,0.85,,,,5732.0,1.29,1.15,688.795
Kepler-1386 b,Kepler-1386,1,1,Transit,2016.0,Kepler,Published Confirmed,0,6.73972381,1.24,,,,5733.0,1.03,1.02,835.882
Kepler-1387 b,Kepler-1387,1,1,Transit,2016.0,Kepler,Published Confirmed,0,2.279526656,0.93,,,,5046.0,0.77,0.82,455.358
Kepler-1388 b,Kepler-1388,1,4,Transit,2016.0,Kepler,Published Confirmed,0,12.2854603,2.59,,,,4098.0,0.61,0.63,453.795
Kepler-1388 c,Kepler-1388,1,4,Transit,2016.0,Kepler,Published Confirmed,0,5.53608151,2.26,,,,4098.0,0.61,0.63,453.795
Kepler-1388 d,Kepler-1388,1,4,Transit,2016.0,Kepler,Published Confirmed,0,20.9568158,2.86,,,,4098.0,0.61,0.63,453.795
Kepler-1388 e,Kepler-1388,1,4,Transit,2016.0,Kepler,Published Confirmed,0,37.6327084,2.46,,,,4098.0,0.61,0.63,453.795
Kepler-1389 b,Kepler-1389,1,1,Transit,2016.0,Kepler,Published Confirmed,0,99.2530951,1.77,,,,5078.0,0.74,0.81,497.093
Kepler-139 b,Kepler-139,1,5,Transit,2014.0,Kepler,Published Confirmed,0,15.77111583,2.57,,,,5680.0,1.12,1.05,391.038
Kepler-139 c,Kepler-139,1,5,Transit,2014.0,Kepler,Published Confirmed,0,157.0654802,2.56,,,,5680.0,1.12,1.05,391.038
Kepler-139 d,Kepler-139,1,5,Transit,2023.0,Kepler,Published Confirmed,0,7.3053,,2.0,,,5630.0,1.045,1.078,391.038
Kepler-139 e,Kepler-139,1,5,Radial Velocity,2023.0,W. M. Keck Observatory,Published Confirmed,0,1904.0,,378.0,,,5630.0,1.045,1.078,391.038
Kepler-139 f,Kepler-139,1,5,Transit Timing Variations,2025.0,Multiple Observatories,Published Confirmed,0,355.0,,36.0,,,5630.0,1.045,1.078,391.038
Kepler-1390 b,Kepler-1390,1,1,Transit,2016.0,Kepler,Published Confirmed,0,6.48021673,1.18,,,,5753.0,0.98,0.98,723.431
Kepler-1391 b,Kepler-1391,1,1,Transit,2016.0,Kepler,Published Confirmed,0,54.4092333,1.68,,,,5840.0,1.1,1.03,1038.35
Kepler-1392 b,Kepler-1392,1,1,Transit,2016.0,Kepler,Published Confirmed,0,15.1410397,1.96,,,,5479.0,0.85,0.88,
Kepler-1393 b,Kepler-1393,1,1,Transit,2016.0,Kepler,Published Confirmed,0,2.44357812,0.8,,,,5697.0,0.92,0.95,544.456
Kepler-1394 b,Kepler-1394,1,1,Transit,2016.0,Kepler,Published Confirmed,0,3.93766373,1.39,,,,6481.0,2.55,1.64,640.409
Kepler-1395 b,Kepler-1395,1,1,Transit,2016.0,Kepler,Published Confirmed,0,3.78470649,0.8,,,,6138.0,1.23,1.17,492.894
Kepler-1396 b,Kepler-1396,1,1,Transit,2016.0,Kepler,Published Confirmed,0,18.2206421,2.07,,,,6195.0,1.27,1.18,1066.46
Kepler-1397 b,Kepler-1397,1,1,Transit,2016.0,Kepler,Published Confirmed,0,47.449955,1.72,,,,6026.0,1.12,1.09,1198.25
Kepler-1398 b,Kepler-1398,1,2,Transit,2016.0,Kepler,Published Confirmed,0,2.78815679,0.9,,,,6126.0,1.18,1.13,852.204
Kepler-1398 c,Kepler-1398,1,2,Transit,2016.0,Kepler,Published Confirmed,0,4.13827595,1.03,,,,6126.0,1.18,1.13,852.204
Kepler-1399 b,Kepler-1399,1,1,Transit,2016.0,Kepler,Published Confirmed,0,1.638653058,1.25,,,,5735.0,0.96,0.97,1385.7
Kepler-14 b,Kepler-14,2,1,Transit,2011.0,Kepler,Published Confirmed,0,6.790123,12.621334,2440.9344,1605.0,,6395.0,2.09,1.318,
Kepler-140 b,Kepler-140,1,2,Transit,2014.0,Kepler,Published Confirmed,0,3.254274054,1.5,,,,6109.0,1.15,1.15,583.859
Kepler-140 c,Kepler-140,1,2,Transit,2014.0,Kepler,Published Confirmed,0,91.3515867,1.63,,,,6109.0,1.15,1.15,583.859
Kepler-1400 b,Kepler-1400,1,1,Transit,2016.0,Kepler,Published Confirmed,0,9.06689421,1.62,,,,5044.0,0.78,0.83,752.237
Kepler-1401 b,Kepler-1401,1,1,Transit,2016.0,Kepler,Published Confirmed,0,11.20066445,1.68,,,,5964.0,1.1,1.07,1425.43
Kepler-1402 b,Kepler-1402,1,1,Transit,2016.0,Kepler,Published Confirmed,0,2.03387914,0.76,,,,5416.0,0.87,0.9,1493.64
Kepler-1403 b,Kepler-1403,1,1,Transit,2016.0,Kepler,Published Confirmed,0,5.19492202,2.14,,,,6060.0,1.15,1.11,2163.9
Kepler-1404 b,Kepler-1404,1,1,Transit,2016.0,Kepler,Published Confirmed,0,15.9314739,2.01,,,,5261.0,0.8,0.84,962.183
Kepler-1405 b,Kepler-1405,1,1,Transit,2016.0,Kepler,Published Confirmed,0,28.2274184,3.96,,,,5925.0,1.07,1.05,1530.3
Kepler-1406 b,Kepler-1406,1,1,Transit,2016.0,Kepler,Published Confirmed,0,11.62905828,1.1,,,,5892.0,1.12,1.05,572.403
Kepler-1407 b,Kepler-1407,1,1,Transit,2016.0,Kepler,Published Confirmed,0,20.0711504,2.25,,,,6010.0,1.15,1.1,1396.41
Kepler-1408 b,Kepler-1408,1,1,Transit,2016.0,Kepler,Published Confirmed,0,2.99793191,0.89,,,,6170.0,1.35,1.21,535.048
Kepler-1409 b,Kepler-1409,1,1,Transit,2016.0,Kepler,Published Confirmed,0,0.764864926,1.04,,,,5160.0,0.79,0.83,694.89
Kepler-141 b,Kepler-141,1,2,Transit,2014.0,Kepler,Published Confirmed,0,3.10763873,0.69,,,,4996.0,0.79,0.84,301.183
Kepler-141 c,Kepler-141,1,2,Transit,2014.0,Kepler,Published Confirmed,0,7.01062745,1.63,,,,4996.0,0.79,0.84,301.183
Kepler-1410 b,Kepler-1410,1,1,Transit,2016.0,Kepler,Published Confirmed,0,60.86628,2.15,,290.0,,3950.0,0.566,0.594,
Kepler-1411 b,Kepler-1411,1,1,Transit,2016.0,Kepler,Published Confirmed,0,86.1150888,2.82,,,,5664.0,0.92,0.95,1660.48
Kepler-1412 b,Kepler-1412,1,1,Transit,2016.0,Kepler,Published Confirmed,0,3.6146051,0.83,,,,5880.0,1.27,1.06,755.678
Kepler-1413 b,Kepler-1413,1,1,Transit,2016.0,Kepler,Published Confirmed,0,13.1829642,1.82,,,,5196.0,0.8,0.84,1167.49
Kepler-1414 b,Kepler-1414,1,1,Transit,2016.0,Kepler,Published Confirmed,0,3.51576315,1.23,,,,4951.0,0.75,0.8,570.835
Kepler-1415 b,Kepler-1415,1,1,Transit,2016.0,Kepler,Published Confirmed,0,0.63642408,1.29,,,,5267.0,0.84,0.89,1043.56
Kepler-1416 b,Kepler-1416,1,1,Transit,2016.0,Kepler,Published Confirmed,0,1.49514952,0.88,,,,6019.0,1.15,1.09,949.59
Kepler-1417 b,Kepler-1417,1,1,Transit,2016.0,Kepler,Published Confirmed,0,20.3505213,1.0,,,,5839.0,1.02,1.02,991.845
Kepler-1418 b,Kepler-1418,1,1,Transit,2016.0,Kepler,Published Confirmed,0,22.4764425,1.66,,,,4770.0,0.72,0.77,
Kepler-1419 b,Kepler-1419,1,1,Transit,2016.0,Kepler,Published Confirmed,0,42.5215895,2.86,,,,5796.0,1.01,1.01,1498.58
Kepler-142 b,Kepler-142,1,3,Transit,2014.0,Kepler,Published Confirmed,0,2.024145594,1.94,,,,5872.0,1.18,1.06,548.686
Kepler-142 c,Kepler-142,1,3,Transit,2014.0,Kepler,Published Confirmed,0,4.761705259,2.57,,,,5872.0,1.18,1.06,548.686
Kepler-142 d,Kepler-142,1,3,Transit,2014.0,Kepler,Published Confirmed,0,41.8087668,1.41,,,,5872.0,1.18,1.06,548.686
Kepler-1420 b,Kepler-1420,1,1,Transit,2016.0,Kepler,Published Confirmed,0,6.69960006,1.28,,,,5187.0,0.79,0.82,1054.37
Kepler-1421 b,Kepler-1421,1,1,Transit,2016.0,Kepler,Published Confirmed,0,6.9131112,0.93,,,,6335.0,1.42,1.25,783.401
Kepler-1422 b,Kepler-1422,1,1,Transit,2016.0,Kepler,Published Confirmed,0,18.6051942,2.02,,,,6194.0,1.23,1.15,2465.84
Kepler-1423 b,Kepler-1423,1,1,Transit,2016.0,Kepler,Published Confirmed,0,23.955378,1.06,,,,4939.0,0.75,0.79,
Kepler-1424 b,Kepler-1424,1,1,Transit,2016.0,Kepler,Published Confirmed,0,29.6091744,1.16,,,,5838.0,1.07,1.02,661.421
Kepler-1425 b,Kepler-1425,1,1,Transit,2016.0,Kepler,Published Confirmed,0,14.4541302,0.94,,,,5718.0,0.95,0.97,863.873
Kepler-1426 b,Kepler-1426,1,1,Transit,2016.0,Kepler,Published Confirmed,0,14.2563227,1.56,,,,5831.0,1.02,1.02,1697.81
Kepler-1427 b,Kepler-1427,1,1,Transit,2016.0,Kepler,Published Confirmed,0,0.968972376,1.1,,,,5793.0,1.01,1.01,
Kepler-1428 b,Kepler-1428,1,1,Transit,2016.0,Kepler,Published Confirmed,0,10.67607169,1.64,,,,6184.0,1.36,1.28,1530.32
Kepler-1429 b,Kepler-1429,1,1,Transit,2016.0,Kepler,Published Confirmed,0,4.48487493,1.29,,,,5902.0,1.07,1.05,1214.09
Kepler-143 b,Kepler-143,1,2,Transit,2014.0,Kepler,Published Confirmed,0,16.00749754,2.15,,,,5913.0,1.22,1.06,809.467
Kepler-143 c,Kepler-143,1,2,Transit,2014.0,Kepler,Published Confirmed,0,27.08247084,2.78,,,,5913.0,1.22,1.06,809.467
Kepler-1430 b,Kepler-1430,1,1,Transit,2016.0,Kepler,Published Confirmed,0,2.46050993,1.18,,,,4796.0,0.72,0.77,875.523
Kepler-1431 b,Kepler-1431,1,1,Transit,2016.0,Kepler,Published Confirmed,0,5.86601526,1.47,,,,5806.0,1.03,1.03,1623.24
Kepler-1432 b,Kepler-1432,1,1,Transit,2016.0,Kepler,Published Confirmed,0,23.9109011,2.22,,,,6031.0,1.13,1.09,2171.87
Kepler-1433 b,Kepler-1433,1,1,Transit,2016.0,Kepler,Published Confirmed,0,4.13592271,1.56,,,,6097.0,1.19,1.14,
Kepler-1434 b,Kepler-1434,1,1,Transit,2016.0,Kepler,Published Confirmed,0,8.05333618,1.11,,,,6291.0,2.04,1.47,775.529
Kepler-1435 b,Kepler-1435,1,1,Transit,2016.0,Kepler,Published Confirmed,0,4.45343281,0.86,,,,6356.0,1.32,1.21,704.211
Kepler-1436 b,Kepler-1436,1,1,Transit,2016.0,Kepler,Published Confirmed,0,9.705716,1.31,,,,5972.0,1.09,1.06,2530.62
Kepler-1437 b,Kepler-1437,1,1,Transit,2016.0,Kepler,Published Confirmed,0,10.9295461,1.37,,,,5557.0,0.9,0.93,2101.69
Kepler-1438 b,Kepler-1438,1,1,Transit,2016.0,Kepler,Published Confirmed,0,2.31942009,0.94,,,,5530.0,0.96,0.97,1154.13
Kepler-1439 b,Kepler-1439,1,1,Transit,2016.0,Kepler,Published Confirmed,0,8.07392849,1.46,,,,3578.0,0.43,0.46,225.393
Kepler-144 b,Kepler-144,1,2,Transit,2014.0,Kepler,Published Confirmed,0,5.885,1.78,,1287.0,,6157.0,1.491,1.126,384.917
Kepler-144 c,Kepler-144,1,2,Transit,2014.0,Kepler,Published Confirmed,0,10.105,1.69,,1075.0,,6157.0,1.491,1.126,384.917
Kepler-1440 b,Kepler-1440,1,1,Transit,2016.0,Kepler,Published Confirmed,0,39.859484,1.26,,,,5698.0,0.96,0.98,1115.35
Kepler-1441 b,Kepler-1441,1,1,Transit,2016.0,Kepler,Published Confirmed,0,39.4419839,1.31,,,,5802.0,1.0,1.0,1110.48
Kepler-1442 b,Kepler-1442,1,1,Transit,2016.0,Kepler,Published Confirmed,0,81.4162941,3.93,,,,6394.0,1.44,1.34,608.68
Kepler-1443 b,Kepler-1443,1,1,Transit,2016.0,Kepler,Published Confirmed,0,2.41811321,0.97,,,,6289.0,1.27,1.19,593.646
Kepler-1444 b,Kepler-1444,1,1,Transit,2016.0,Kepler,Published Confirmed,0,33.42035034,2.18,,,,5810.0,1.05,1.03,319.675
Kepler-1445 b,Kepler-1445,1,1,Transit,2016.0,Kepler,Published Confirmed,0,10.60052251,0.96,,,,6150.0,1.26,1.13,506.357
Kepler-1446 b,Kepler-1446,1,1,Transit,2016.0,Kepler,Published Confirmed,0,0.689967832,0.82,,,,4865.0,0.75,0.81,152.075
Kepler-1447 b,Kepler-1447,1,1,Transit,2016.0,Kepler,Published Confirmed,0,56.6747285,2.9,,,,5722.0,0.95,0.97,890.296
Kepler-1448 b,Kepler-1448,1,1,Transit,2016.0,Kepler,Published Confirmed,0,12.27065865,1.61,,,,5774.0,0.93,0.95,768.903
Kepler-1449 b,Kepler-1449,1,1,Transit,2016.0,Kepler,Published Confirmed,0,13.2274528,1.68,,,,5979.0,1.1,1.08,2006.48
Kepler-145 b,Kepler-145,1,2,Transit,2013.0,Kepler,Published Confirmed,0,22.95102,2.56,,,,6080.6,1.99793,1.14,566.85
Kepler-145 c,Kepler-145,1,2,Transit,2013.0,Kepler,Published Confirmed,0,42.88232415,3.92,,,,6200.0,1.89,1.37,566.85
Kepler-1450 b,Kepler-1450,1,1,Transit,2016.0,Kepler,Published Confirmed,0,54.5094166,1.71,,,,4524.0,0.68,0.71,505.829
Kepler-1451 b,Kepler-1451,1,1,Transit,2016.0,Kepler,Published Confirmed,0,35.622233,3.35,,,,5782.0,0.99,1.0,1058.72
Kepler-1452 b,Kepler-1452,1,1,Transit,2016.0,Kepler,Published Confirmed,0,42.913751,2.7,,,,6101.0,2.06,1.41,996.32
Kepler-1453 b,Kepler-1453,1,1,Transit,2016.0,Kepler,Published Confirmed,0,47.1611696,2.67,,,,5665.0,0.94,0.97,1196.04
Kepler-1454 b,Kepler-1454,1,1,Transit,2016.0,Kepler,Published Confirmed,0,47.0319479,1.88,,,,5448.0,0.86,0.9,780.566
Kepler-1455 b,Kepler-1455,1,1,Transit,2016.0,Kepler,Published Confirmed,0,49.27668,1.93,,298.0,,3950.0,0.518,0.544,357.621
Kepler-1456 b,Kepler-1456,1,1,Transit,2016.0,Kepler,Published Confirmed,0,18.1373829,1.14,,,,4231.0,0.62,0.64,370.312
Kepler-1457 b,Kepler-1457,1,1,Transit,2016.0,Kepler,Published Confirmed,0,51.1110243,1.99,,,,5866.0,1.01,1.01,889.885
Kepler-1458 b,Kepler-1458,1,1,Transit,2016.0,Kepler,Published Confirmed,0,47.9872764,2.76,,,,5653.0,0.94,0.96,544.45
Kepler-1459 b,Kepler-1459,1,1,Transit,2016.0,Kepler,Published Confirmed,0,62.8691611,1.36,,,,4828.0,0.74,0.78,455.479
Kepler-146 b,Kepler-146,1,2,Transit,2014.0,Kepler,Published Confirmed,0,31.15879749,3.54,,,,6034.0,1.16,1.1,716.797
Kepler-146 c,Kepler-146,1,2,Transit,2014.0,Kepler,Published Confirmed,0,76.7325168,3.16,,,,6034.0,1.16,1.1,716.797
Kepler-1460 b,Kepler-1460,1,1,Transit,2016.0,Kepler,Published Confirmed,0,29.9633247,1.96,,,,4422.0,0.67,0.7,553.218
Kepler-1461 b,Kepler-1461,1,1,Transit,2016.0,Kepler,Published Confirmed,0,29.3494775,2.03,,,,4919.0,0.74,0.79,679.106
Kepler-1462 b,Kepler-1462,1,1,Transit,2016.0,Kepler,Published Confirmed,0,65.6488341,3.82,,,,5756.0,1.0,1.0,1017.82
Kepler-1463 b,Kepler-1463,1,1,Transit,2016.0,Kepler,Published Confirmed,0,25.15864,1.86,,,,5679.0,0.95,0.96,1687.47
Kepler-1464 b,Kepler-1464,1,2,Transit,2016.0,Kepler,Published Confirmed,0,31.7785901,1.66,,,,5828.0,1.01,1.02,1151.73
Kepler-1464 c,Kepler-1464,1,2,Transit,2016.0,Kepler,Published Confirmed,0,5.32786292,1.0,,,,5828.0,1.01,1.02,1151.73
Kepler-1465 b,Kepler-1465,1,1,Transit,2016.0,Kepler,Published Confirmed,0,31.8277111,1.77,,,,4726.0,0.71,0.75,359.497
Kepler-1466 b,Kepler-1466,1,1,Transit,2016.0,Kepler,Published Confirmed,0,31.1750448,1.55,,,,5884.0,1.02,1.01,631.949
Kepler-1467 b,Kepler-1467,1,1,Transit,2016.0,Kepler,Published Confirmed,0,47.0569043,3.3,,,,5332.0,0.82,0.86,852.888
Kepler-1468 b,Kepler-1468,1,3,Transit,2016.0,Kepler,Published Confirmed,0,8.23984869,1.73,,,,5893.0,1.05,1.04,1899.24
Kepler-1468 c,Kepler-1468,1,3,Transit,2016.0,Kepler,Published Confirmed,0,3.54553021,1.15,,,,5893.0,1.05,1.04,1899.24
Kepler-1468 d,Kepler-1468,1,3,Transit,2021.0,Kepler,Published Confirmed,0,19.59059906,3.33187146,,,,5794.0,1.496,1.072,1899.24
Kepler-1469 b,Kepler-1469,1,1,Transit,2016.0,Kepler,Published Confirmed,0,21.8635301,2.8,,,,5507.0,0.89,0.92,1159.3
Kepler-147 b,Kepler-147,1,2,Transit,2014.0,Kepler,Published Confirmed,0,12.6109708,1.29,,,,6025.0,1.34,1.14,1042.02
Kepler-147 c,Kepler-147,1,2,Transit,2014.0,Kepler,Published Confirmed,0,33.4160034,2.78,,,,6025.0,1.34,1.14,1042.02
Kepler-1470 b,Kepler-1470,1,1,Transit,2016.0,Kepler,Published Confirmed,0,16.2950903,1.07,,,,4961.0,0.76,0.8,590.601
Kepler-1471 b,Kepler-1471,1,2,Transit,2016.0,Kepler,Published Confirmed,0,3.63899398,1.41,,,,5660.0,0.93,0.95,978.678
Kepler-1471 c,Kepler-1471,1,2,Transit,2023.0,Kepler,Published Confirmed,0,11.60449982,2.24399996,,,,5533.0,1.166,0.934,978.678
Kepler-1472 b,Kepler-1472,1,1,Transit,2016.0,Kepler,Published Confirmed,0,38.1312831,1.9,,,,6159.0,1.25,1.16,1479.14
Kepler-1473 b,Kepler-1473,1,1,Transit,2016.0,Kepler,Published Confirmed,0,14.4273551,1.19,,,,6046.0,1.09,1.09,652.253
Kepler-1474 b,Kepler-1474,1,1,Transit,2016.0,Kepler,Published Confirmed,0,36.4333452,2.16,,,,5870.0,1.04,1.04,1180.9
Kepler-1475 b,Kepler-1475,1,1,Transit,2016.0,Kepler,Published Confirmed,0,82.177374,2.92,,,,6214.0,1.28,1.18,1568.38
Kepler-1476 b,Kepler-1476,1,1,Transit,2016.0,Kepler,Published Confirmed,0,10.35863224,1.67,,,,5663.0,0.96,0.98,1002.74
Kepler-1477 b,Kepler-1477,1,1,Transit,2016.0,Kepler,Published Confirmed,0,11.55530021,1.18,,,,5100.0,0.78,0.81,680.828
Kepler-1478 b,Kepler-1478,1,1,Transit,2016.0,Kepler,Published Confirmed,0,26.0840594,1.73,,,,5904.0,1.06,1.04,1845.58
Kepler-1479 b,Kepler-1479,1,1,Transit,2016.0,Kepler,Published Confirmed,0,14.53261362,1.83,,,,5796.0,0.98,0.99,728.668
Kepler-148 b,Kepler-148,1,3,Transit,2014.0,Kepler,Published Confirmed,0,1.729366467,1.77,,,,5172.0,0.81,0.86,791.163
Kepler-148 c,Kepler-148,1,3,Transit,2014.0,Kepler,Published Confirmed,0,4.180049552,3.46,,,,5172.0,0.81,0.86,791.163
Kepler-148 d,Kepler-148,1,3,Transit,2016.0,Kepler,Published Confirmed,0,51.84688575,8.68,,,,5172.0,0.81,0.86,791.163
Kepler-1480 b,Kepler-1480,2,1,Transit,2016.0,Kepler,Published Confirmed,0,22.12679948,1.67,,,,5156.0,0.81,0.85,500.892
Kepler-1481 b,Kepler-1481,1,1,Transit,2016.0,Kepler,Published Confirmed,0,5.94220998,1.23,,,,4908.0,0.75,0.8,459.076
Kepler-1482 b,Kepler-1482,1,1,Transit,2016.0,Kepler,Published Confirmed,0,12.25383217,1.01,,,,5381.0,0.84,0.88,567.556
Kepler-1483 b,Kepler-1483,1,1,Transit,2016.0,Kepler,Published Confirmed,0,9.5085156,1.52,,,,6337.0,1.4,1.25,1273.78
Kepler-1484 b,Kepler-1484,1,1,Transit,2016.0,Kepler,Published Confirmed,0,30.4549136,2.11,,,,5730.0,0.92,0.94,2879.83
Kepler-1485 b,Kepler-1485,1,1,Transit,2016.0,Kepler,Published Confirmed,0,19.9157725,1.47,,,,6087.0,1.12,1.11,615.66
Kepler-1486 b,Kepler-1486,1,1,Transit,2016.0,Kepler,Published Confirmed,0,54.6495759,2.32,,,,5965.0,1.12,1.08,1769.14
Kepler-1487 b,Kepler-1487,1,2,Transit,2016.0,Kepler,Published Confirmed,0,7.31946363,2.13,,,,6541.0,1.63,1.38,1014.62
Kepler-1487 c,Kepler-1487,1,2,Transit,2023.0,Kepler,Published Confirmed,0,35.79949951,8.95899963,,,,5745.0,3.955,1.801,1014.62
Kepler-1488 b,Kepler-1488,1,2,Transit,2016.0,Kepler,Published Confirmed,0,39.8189932,1.86,,,,5820.0,1.31,1.05,905.825
Kepler-1488 c,Kepler-1488,1,2,Transit,2021.0,Kepler,Published Confirmed,0,6.158269882,1.65156749,,,,5710.0,1.524,1.003,905.825
Kepler-1489 b,Kepler-1489,1,2,Transit,2016.0,Kepler,Published Confirmed,0,82.294751,1.77,,,,5655.0,0.9,0.93,1283.05
Kepler-1489 c,Kepler-1489,1,2,Transit,2024.0,Kepler,Published Confirmed,0,0.680741,0.51,,,G,5565.53,0.957,0.977,1283.05
Kepler-149 b,Kepler-149,1,3,Transit,2014.0,Kepler,Published Confirmed,0,29.1989838,4.14,,,,5377.0,0.9,0.92,571.034
Kepler-149 c,Kepler-149,1,3,Transit,2014.0,Kepler,Published Confirmed,0,55.3285813,1.77,,,,5377.0,0.9,0.92,571.034
Kepler-149 d,Kepler-149,1,3,Transit,2014.0,Kepler,Published Confirmed,0,160.0200597,3.84,,,,5377.0,0.9,0.92,571.034
Kepler-1490 b,Kepler-1490,1,1,Transit,2016.0,Kepler,Published Confirmed,0,92.4362973,3.04,,,,5515.0,0.87,0.9,862.92
Kepler-1491 b,Kepler-1491,1,2,Transit,2016.0,Kepler,Published Confirmed,0,16.5861762,1.51,,,,5728.0,0.99,1.0,2065.59
Kepler-1491 c,Kepler-1491,1,2,Transit,2023.0,Kepler,Published Confirmed,0,61.5685997,3.12599993,,,,5626.0,1.389,0.991,2065.59
Kepler-1492 b,Kepler-1492,1,1,Transit,2016.0,Kepler,Published Confirmed,0,16.75255007,1.49,,,,4712.0,0.72,0.77,331.553
Kepler-1493 b,Kepler-1493,1,1,Transit,2016.0,Kepler,Published Confirmed,0,15.0217983,1.41,,,,5863.0,1.29,1.06,555.051
Kepler-1494 b,Kepler-1494,1,1,Transit,2016.0,Kepler,Published Confirmed,0,91.080482,3.07,,,,5659.0,0.94,0.96,1285.48
Kepler-1495 b,Kepler-1495,1,1,Transit,2016.0,Kepler,Published Confirmed,0,85.273256,2.94,,,,5831.0,1.04,1.03,1355.54
Kepler-1496 b,Kepler-1496,1,1,Transit,2016.0,Kepler,Published Confirmed,0,64.6588017,2.22,,,,6182.0,1.27,1.18,1307.66
Kepler-1497 b,Kepler-1497,1,1,Transit,2016.0,Kepler,Published Confirmed,0,8.74199772,1.66,,,,5675.0,0.95,0.96,
Kepler-1498 b,Kepler-1498,1,1,Transit,2016.0,Kepler,Published Confirmed,0,48.051405,1.33,,,,5256.0,0.81,0.86,
Kepler-1499 b,Kepler-1499,1,1,Transit,2016.0,Kepler,Published Confirmed,0,44.2008,1.19,,,,5097.0,0.78,0.82,309.869
Kepler-15 b,Kepler-15,1,1,Transit,2011.0,Kepler,Published Confirmed,0,4.942782,14.448401,221.20968,1251.0,,5595.0,1.253,1.08,739.412
Kepler-150 b,Kepler-150,1,5,Transit,2014.0,Kepler,Published Confirmed,0,3.42804168,1.29,,,,5589.0,0.91,0.94,891.092
Kepler-150 c,Kepler-150,1,5,Transit,2014.0,Kepler,Published Confirmed,0,7.381977254,3.58,,,,5589.0,0.91,0.94,891.092
Kepler-150 d,Kepler-150,1,5,Transit,2014.0,Kepler,Published Confirmed,0,12.56092796,2.78,,,,5589.0,0.91,0.94,891.092
Kepler-150 e,Kepler-150,1,5,Transit,2014.0,Kepler,Published Confirmed,0,30.8264713,2.88,,,,5589.0,0.91,0.94,891.092
Kepler-150 f,Kepler-150,1,5,Transit,2017.0,Kepler,Published Confirmed,0,637.2093,3.64,,,,5528.0,0.905339,0.97,891.092
Kepler-1500 b,Kepler-1500,1,1,Transit,2016.0,Kepler,Published Confirmed,0,15.0330105,1.2,,,,5845.0,1.0,1.0,1217.82
Kepler-1501 b,Kepler-1501,1,1,Transit,2016.0,Kepler,Published Confirmed,0,14.5564533,1.56,,,,6229.0,1.3,1.2,749.06
Kepler-1502 b,Kepler-1502,1,1,Transit,2016.0,Kepler,Published Confirmed,0,41.7083629,3.18,,,,6666.0,1.72,1.44,1514.02
Kepler-1503 b,Kepler-1503,1,1,Transit,2016.0,Kepler,Published Confirmed,0,96.16987,2.27,,,,5069.0,0.74,0.77,1225.57
Kepler-1504 b,Kepler-1504,1,1,Transit,2016.0,Kepler,Published Confirmed,0,82.304003,2.13,,,,5393.0,0.81,0.85,2435.94
Kepler-1505 b,Kepler-1505,1,1,Transit,2016.0,Kepler,Published Confirmed,0,30.8609366,0.93,,,,5686.0,0.86,0.93,495.148
Kepler-1506 b,Kepler-1506,1,1,Transit,2016.0,Kepler,Published Confirmed,0,14.0329154,1.32,,,,5676.0,0.93,0.95,2366.02
Kepler-1507 b,Kepler-1507,1,1,Transit,2016.0,Kepler,Published Confirmed,0,16.0506213,0.84,,,,5410.0,0.85,0.89,320.478
Kepler-1508 b,Kepler-1508,1,1,Transit,2016.0,Kepler,Published Confirmed,0,20.7056504,1.33,,,,6158.0,1.22,1.14,1260.28
Kepler-1509 b,Kepler-1509,1,1,Transit,2016.0,Kepler,Published Confirmed,0,25.4338197,1.85,,,,5780.0,0.99,1.0,2002.96
Kepler-151 b,Kepler-151,1,2,Transit,2014.0,Kepler,Published Confirmed,0,15.22895698,3.01,,,,5355.0,0.84,0.87,649.919
Kepler-151 c,Kepler-151,1,2,Transit,2014.0,Kepler,Published Confirmed,0,24.67464211,2.09,,,,5355.0,0.84,0.87,649.919
Kepler-1510 b,Kepler-1510,1,1,Transit,2016.0,Kepler,Published Confirmed,0,84.703921,3.36,,,,6200.0,1.28,1.19,1696.25
Kepler-1511 b,Kepler-1511,1,1,Transit,2016.0,Kepler,Published Confirmed,0,23.2382792,1.68,,,,6064.0,1.29,1.17,1475.6
Kepler-1512 b,Kepler-1512,1,1,Transit,2016.0,Kepler,Published Confirmed,0,20.359722,0.8,,322.0,,3484.0,0.393,0.418,
Kepler-1513 b,Kepler-1513,1,2,Transit,2016.0,Kepler,Published Confirmed,0,160.8842,8.594,48.30991786,,G V,5491.0,0.95,0.943,349.247
Kepler-1513 c,Kepler-1513,1,2,Transit Timing Variations,2023.0,Multiple Observatories,Published Confirmed,0,841.4,,84.54235626,,G V,5491.0,0.95,0.943,349.247
Kepler-1514 b,Kepler-1514,1,2,Transit,2016.0,Kepler,Published Confirmed,0,217.83184,12.419572,1678.1424,387.9,,6145.0,1.289,1.196,397.292
Kepler-1514 c,Kepler-1514,1,2,Transit,2020.0,Kepler,Published Confirmed,0,10.514181,1.1758241,,1066.0,,6145.0,1.289,1.196,397.292
Kepler-1515 b,Kepler-1515,1,1,Transit,2016.0,Kepler,Published Confirmed,0,214.3114164,9.55,,,,6511.0,1.41,1.3,539.321
Kepler-1516 b,Kepler-1516,1,1,Transit,2016.0,Kepler,Published Confirmed,0,7.25931979,1.75,,,,5904.0,1.07,1.04,1358.95
Kepler-1517 b,Kepler-1517,1,1,Transit,2016.0,Kepler,Published Confirmed,0,5.546083665,9.76,,,,7010.0,1.95,1.58,847.299
Kepler-1518 b,Kepler-1518,1,2,Transit,2016.0,Kepler,Published Confirmed,0,5.11177904,3.05,,,,6846.0,1.88,1.54,903.51
Kepler-1518 c,Kepler-1518,1,2,Transit,2023.0,Kepler,Published Confirmed,0,9.630929947,2.38499999,,,,6432.0,1.345,1.06,903.51
Kepler-1519 b,Kepler-1519,1,1,Transit,2016.0,Kepler,Published Confirmed,0,240.7989397,7.06,,,,5644.0,0.91,0.94,1441.63
Kepler-152 b,Kepler-152,1,2,Transit,2014.0,Kepler,Published Confirmed,0,18.20795693,3.05,,,,5236.0,0.76,0.83,441.09
Kepler-152 c,Kepler-152,1,2,Transit,2014.0,Kepler,Published Confirmed,0,88.2553544,2.55,,,,5236.0,0.76,0.83,441.09
Kepler-1520 b,Kepler-1520,1,1,Transit,2016.0,Kepler,Published Confirmed,0,0.653553572,5.77,,,,4677.0,0.71,0.76,607.917
Kepler-1521 b,Kepler-1521,1,1,Transit,2016.0,Kepler,Published Confirmed,0,47.14840805,2.5,,,,5042.0,0.76,0.81,206.983
Kepler-1522 b,Kepler-1522,1,1,Transit,2016.0,Kepler,Published Confirmed,0,1.847889171,1.73,,,,5706.0,0.93,0.96,814.125
Kepler-1523 b,Kepler-1523,1,1,Transit,2016.0,Kepler,Published Confirmed,0,0.93875077,1.58,,,,5708.0,0.96,0.97,865.596
Kepler-1524 b,Kepler-1524,1,1,Transit,2016.0,Kepler,Published Confirmed,0,70.9674603,3.54,,,,6179.0,1.25,1.17,381.773
Kepler-1525 b,Kepler-1525,1,1,Transit,2016.0,Kepler,Published Confirmed,0,2.416601183,0.91,,,,5748.0,1.04,1.07,382.989
Kepler-1526 b,Kepler-1526,1,1,Transit,2016.0,Kepler,Published Confirmed,0,3.908632005,2.43,,,,4601.0,0.69,0.73,555.574
Kepler-1527 b,Kepler-1527,1,1,Transit,2016.0,Kepler,Published Confirmed,0,160.129918,4.77,,,,6224.0,1.32,1.21,1842.13
Kepler-1528 b,Kepler-1528,1,1,Transit,2016.0,Kepler,Published Confirmed,0,1.791110205,1.46,,,,5857.0,1.03,1.03,817.534
Kepler-1529 b,Kepler-1529,1,1,Transit,2016.0,Kepler,Published Confirmed,0,5.33905686,2.1,,,,5048.0,0.77,0.81,661.014
Kepler-153 b,Kepler-153,1,2,Transit,2014.0,Kepler,Published Confirmed,0,18.87021566,2.61,,,,5259.0,0.8,0.83,459.368
Kepler-153 c,Kepler-153,1,2,Transit,2014.0,Kepler,Published Confirmed,0,46.9025112,2.26,,,,5259.0,0.8,0.83,459.368
Kepler-1530 b,Kepler-1530,1,3,Transit,2016.0,Kepler,Published Confirmed,0,2.5904434,1.64,,,,5477.0,0.88,0.92,489.876
Kepler-1530 c,Kepler-1530,1,3,Transit,2016.0,Kepler,Published Confirmed,0,5.3227406,1.65,,,,5477.0,0.88,0.92,489.876
Kepler-1530 d,Kepler-1530,1,3,Transit,2021.0,Kepler,Published Confirmed,0,9.20761013,3.27870115,,,,5678.0,1.303,1.015,489.876
Kepler-1531 b,Kepler-1531,1,1,Transit,2016.0,Kepler,Published Confirmed,0,1.138543376,1.11,,,,6260.0,1.27,1.16,666.334
Kepler-1532 b,Kepler-1532,1,1,Transit,2016.0,Kepler,Published Confirmed,0,1.093663559,1.35,,,,5559.0,0.88,0.91,798.246
Kepler-1533 b,Kepler-1533,1,1,Transit,2016.0,Kepler,Published Confirmed,0,308.5471,3.46,,,,6431.0,1.51,1.31,966.801
Kepler-1534 b,Kepler-1534,1,1,Transit,2016.0,Kepler,Published Confirmed,0,5.71668872,1.89,,,,5442.0,0.86,0.9,
Kepler-1535 b,Kepler-1535,1,1,Transit,2016.0,Kepler,Published Confirmed,0,138.9442,2.55,,,,6021.0,1.11,1.08,897.733
Kepler-1536 b,Kepler-1536,1,1,Transit,2016.0,Kepler,Published Confirmed,0,364.758031,3.14,,,,4434.0,0.67,0.71,387.248
Kepler-1537 b,Kepler-1537,1,1,Transit,2016.0,Kepler,Published Confirmed,0,1.444453798,1.18,,,,5079.0,0.77,0.81,517.292
Kepler-1538 b,Kepler-1538,1,1,Transit,2016.0,Kepler,Published Confirmed,0,175.138819,2.82,,,,5837.0,1.03,1.03,1125.3
Kepler-1539 b,Kepler-1539,1,1,Transit,2016.0,Kepler,Published Confirmed,0,133.3036741,2.7,,,,5176.0,0.8,0.84,748.326
Kepler-154 b,Kepler-154,1,5,Transit,2014.0,Kepler,Published Confirmed,0,33.0405635,2.36,,,,5769.0,0.98,0.98,915.212
Kepler-154 c,Kepler-154,1,5,Transit,2014.0,Kepler,Published Confirmed,0,62.3027873,3.22,,,,5769.0,0.98,0.98,915.212
Kepler-154 d,Kepler-154,1,5,Transit,2016.0,Kepler,Published Confirmed,0,20.54981883,3.84,,,,5769.0,0.98,0.98,915.212
Kepler-154 e,Kepler-154,1,5,Transit,2016.0,Kepler,Published Confirmed,0,3.93276465,1.5,,,,5769.0,0.98,0.98,915.212
Kepler-154 f,Kepler-154,1,5,Transit,2016.0,Kepler,Published Confirmed,0,9.91935684,1.5,,,,5769.0,0.98,0.98,915.212
Kepler-1540 b,Kepler-1540,2,1,Transit,2016.0,Kepler,Published Confirmed,0,125.4131177,2.49,,,,4540.0,0.69,0.74,244.96
Kepler-1541 b,Kepler-1541,1,1,Transit,2016.0,Kepler,Published Confirmed,0,8.40691199,1.16,,,,5282.0,0.81,0.86,416.692
Kepler-1542 b,Kepler-1542,1,4,Transit,2016.0,Kepler,Published Confirmed,0,3.95116882,0.76,,,,5564.0,0.99,0.94,399.114
Kepler-1542 c,Kepler-1542,1,4,Transit,2016.0,Kepler,Published Confirmed,0,2.89223021,0.65,,,,5564.0,0.99,0.94,399.114
Kepler-1542 d,Kepler-1542,1,4,Transit,2016.0,Kepler,Published Confirmed,0,5.99273738,0.87,,,,5564.0,0.99,0.94,399.114
Kepler-1542 e,Kepler-1542,1,4,Transit,2016.0,Kepler,Published Confirmed,0,5.10115756,0.76,,,,5564.0,0.99,0.94,399.114
Kepler-1543 b,Kepler-1543,1,1,Transit,2016.0,Kepler,Published Confirmed,0,6.96710269,2.71,,,,6561.0,1.65,1.39,921.784
Kepler-1544 b,Kepler-1544,1,1,Transit,2016.0,Kepler,Published Confirmed,0,168.8116,1.79,,269.0,,4820.0,0.713,0.743,335.09
Kepler-1545 b,Kepler-1545,1,1,Transit,2016.0,Kepler,Published Confirmed,0,163.692349,2.7,,,,5201.0,0.8,0.84,729.964
Kepler-1546 b,Kepler-1546,1,1,Transit,2016.0,Kepler,Published Confirmed,0,19.5974971,3.13,,,,5623.0,0.93,0.95,931.956
Kepler-1547 b,Kepler-1547,1,1,Transit,2016.0,Kepler,Published Confirmed,0,0.692979676,0.9,,,,6078.0,1.18,1.12,674.695
Kepler-1548 b,Kepler-1548,1,1,Transit,2016.0,Kepler,Published Confirmed,0,124.828679,2.64,,,,5706.0,0.97,0.99,872.279
Kepler-1549 b,Kepler-1549,1,1,Transit,2016.0,Kepler,Published Confirmed,0,214.886545,2.57,,,,5324.0,0.84,0.88,803.052
Kepler-155 b,Kepler-155,1,2,Transit,2014.0,Kepler,Published Confirmed,0,5.93120384,1.76,,560.0,M0 V,3985.0,0.54,0.56,293.499
Kepler-155 c,Kepler-155,1,2,Transit,2014.0,Kepler,Published Confirmed,0,52.66156,1.97,,286.0,,4057.0,0.529,0.542,293.499
Kepler-1550 b,Kepler-1550,1,1,Transit,2016.0,Kepler,Published Confirmed,0,225.582809,3.02,,,,5991.0,1.11,1.07,1179.01
Kepler-1551 b,Kepler-1551,1,1,Transit,2016.0,Kepler,Published Confirmed,0,24.4973698,2.66,,,,6136.0,1.22,1.14,1463.72
Kepler-1552 b,Kepler-1552,1,1,Transit,2016.0,Kepler,Published Confirmed,0,184.771853,2.47,,,,5202.0,0.78,0.85,769.096
Kepler-1553 b,Kepler-1553,1,1,Transit,2016.0,Kepler,Published Confirmed,0,4.24261881,1.15,,,,5288.0,0.81,0.85,692.594
Kepler-1554 b,Kepler-1554,1,1,Transit,2016.0,Kepler,Published Confirmed,0,198.088774,2.9,,,,5297.0,0.81,0.84,946.847
Kepler-1555 b,Kepler-1555,1,1,Transit,2016.0,Kepler,Published Confirmed,0,8.10501635,1.61,,,,5866.0,1.06,1.04,2013.27
Kepler-1556 b,Kepler-1556,1,1,Transit,2016.0,Kepler,Published Confirmed,0,8.82713457,1.96,,,,5608.0,0.95,0.97,944.54
Kepler-1557 b,Kepler-1557,1,1,Transit,2016.0,Kepler,Published Confirmed,0,3.74032496,1.53,,,,6099.0,1.17,1.11,1380.16
Kepler-1558 b,Kepler-1558,1,1,Transit,2016.0,Kepler,Published Confirmed,0,3.50470358,0.68,,,,5101.0,0.79,0.83,325.737
Kepler-1559 b,Kepler-1559,1,1,Transit,2016.0,Kepler,Published Confirmed,0,0.971915428,0.72,,,,5316.0,0.82,0.86,614.827
Kepler-156 b,Kepler-156,1,2,Transit,2014.0,Kepler,Published Confirmed,0,4.973451411,2.59,,,,5106.0,0.8,0.84,443.483
Kepler-156 c,Kepler-156,1,2,Transit,2014.0,Kepler,Published Confirmed,0,15.90686437,2.6,,,,5106.0,0.8,0.84,443.483
Kepler-1560 b,Kepler-1560,1,1,Transit,2016.0,Kepler,Published Confirmed,0,3.03195744,0.89,,,,5815.0,1.02,1.02,502.497
Kepler-1561 b,Kepler-1561,1,1,Transit,2016.0,Kepler,Published Confirmed,0,1.005207007,1.09,,,,5957.0,1.11,1.07,839.076
Kepler-1562 b,Kepler-1562,1,1,Transit,2016.0,Kepler,Published Confirmed,0,64.2737752,3.55,,,,5760.0,1.05,1.02,2060.72
Kepler-1563 b,Kepler-1563,1,1,Transit,2016.0,Kepler,Published Confirmed,0,3.43276598,0.75,,,,5765.0,0.99,1.0,616.697
Kepler-1564 b,Kepler-1564,1,1,Transit,2016.0,Kepler,Published Confirmed,0,18.0540381,1.47,,,,5528.0,0.9,0.93,908.805
Kepler-1565 b,Kepler-1565,1,1,Transit,2016.0,Kepler,Published Confirmed,0,1.538188437,1.19,,,,4940.0,0.73,0.76,629.93
Kepler-1566 b,Kepler-1566,1,1,Transit,2016.0,Kepler,Published Confirmed,0,0.539915238,0.79,,,,5254.0,0.81,0.84,466.586
Kepler-1567 b,Kepler-1567,1,1,Transit,2016.0,Kepler,Published Confirmed,0,153.979578,2.73,,,,5655.0,0.93,0.95,1206.11
Kepler-1568 b,Kepler-1568,1,1,Transit,2016.0,Kepler,Published Confirmed,0,20.925392,1.3,,,,5956.0,1.19,1.09,916.313
Kepler-1569 b,Kepler-1569,1,1,Transit,2016.0,Kepler,Published Confirmed,0,5.79180156,1.68,,,,6319.0,1.4,1.25,945.454
Kepler-157 b,Kepler-157,1,3,Transit,2014.0,Kepler,Published Confirmed,0,1.732345491,1.35,,,,5866.0,1.03,1.02,773.713
Kepler-157 c,Kepler-157,1,3,Transit,2014.0,Kepler,Published Confirmed,0,13.54056874,2.59,,,,5866.0,1.03,1.02,773.713
Kepler-157 d,Kepler-157,1,3,Transit,2016.0,Kepler,Published Confirmed,0,7.02573474,1.46,,,,5866.0,1.03,1.02,773.713
Kepler-1570 b,Kepler-1570,1,1,Transit,2016.0,Kepler,Published Confirmed,0,26.548955,1.07,,,,5550.0,0.89,0.92,918.995
Kepler-1571 b,Kepler-1571,1,1,Transit,2016.0,Kepler,Published Confirmed,0,3.38555488,1.52,,,,6297.0,1.39,1.23,675.303
Kepler-1572 b,Kepler-1572,1,1,Transit,2016.0,Kepler,Published Confirmed,0,5.49548621,0.94,,,,5618.0,0.95,0.97,946.602
Kepler-1573 b,Kepler-1573,1,1,Transit,2016.0,Kepler,Published Confirmed,0,2.6157554,1.2,,,,5808.0,1.0,1.01,1455.36
Kepler-1574 b,Kepler-1574,1,1,Transit,2016.0,Kepler,Published Confirmed,0,6.9424334,1.29,,,,5892.0,1.08,1.06,1384.16
Kepler-1575 b,Kepler-1575,1,1,Transit,2016.0,Kepler,Published Confirmed,0,2.55314213,1.31,,,,5667.0,0.92,0.95,1246.92
Kepler-1576 b,Kepler-1576,1,1,Transit,2016.0,Kepler,Published Confirmed,0,6.98471973,1.04,,,,5876.0,1.06,1.05,460.91
Kepler-1577 b,Kepler-1577,1,1,Transit,2016.0,Kepler,Published Confirmed,0,6.30560247,1.13,,,,4862.0,0.74,0.78,510.029
Kepler-1578 b,Kepler-1578,1,1,Transit,2016.0,Kepler,Published Confirmed,0,1.450886907,1.04,,,,5545.0,0.86,0.9,1064.05
Kepler-1579 b,Kepler-1579,1,1,Transit,2016.0,Kepler,Published Confirmed,0,0.849907889,0.84,,,,4584.0,0.7,0.75,
Kepler-158 b,Kepler-158,1,3,Transit,2014.0,Kepler,Published Confirmed,0,16.70920692,2.71,,,,4720.0,0.71,0.75,315.177
Kepler-158 c,Kepler-158,1,3,Transit,2014.0,Kepler,Published Confirmed,0,28.55156868,2.02,,,,4720.0,0.71,0.75,315.177
Kepler-158 d,Kepler-158,1,3,Transit,2024.0,Kepler,Published Confirmed,0,0.645088,0.43,,,K,4895.97,0.668,0.656,315.177
Kepler-1580 b,Kepler-1580,1,1,Transit,2016.0,Kepler,Published Confirmed,0,56.6449279,2.11,,,,6228.0,2.15,1.47,1002.02
Kepler-1581 b,Kepler-1581,1,1,Transit,2016.0,Kepler,Published Confirmed,0,6.28385491,0.8,,,,6022.0,1.23,1.12,493.175
Kepler-1582 b,Kepler-1582,1,1,Transit,2016.0,Kepler,Published Confirmed,0,4.83817712,1.49,,,,3208.0,0.3,0.28,78.8906
Kepler-1583 b,Kepler-1583,1,1,Transit,2016.0,Kepler,Published Confirmed,0,9.32807355,0.6,,,,5645.0,0.91,0.94,403.933
Kepler-1584 b,Kepler-1584,1,1,Transit,2016.0,Kepler,Published Confirmed,0,13.3997099,1.61,,,,6069.0,1.13,1.1,1416.31
Kepler-1585 b,Kepler-1585,1,1,Transit,2016.0,Kepler,Published Confirmed,0,3.5827463,1.79,,,,5538.0,0.91,0.94,944.465
Kepler-1586 b,Kepler-1586,1,1,Transit,2016.0,Kepler,Published Confirmed,0,15.6049212,1.52,,,,6681.0,1.75,1.45,552.55
Kepler-1587 b,Kepler-1587,1,1,Transit,2016.0,Kepler,Published Confirmed,0,9.4060467,1.33,,,,5933.0,1.22,1.08,1026.48
Kepler-1588 b,Kepler-1588,1,1,Transit,2016.0,Kepler,Published Confirmed,0,7.84931739,0.76,,,,5817.0,0.99,0.96,924.141
Kepler-1589 b,Kepler-1589,1,1,Transit,2016.0,Kepler,Published Confirmed,0,0.991665274,1.09,,,,6166.0,1.25,1.18,1513.14
Kepler-159 b,Kepler-159,1,2,Transit,2014.0,Kepler,Published Confirmed,0,10.13961029,1.64,,448.0,M0 V,3894.0,0.5,0.52,373.744
Kepler-159 c,Kepler-159,1,2,Transit,2014.0,Kepler,Published Confirmed,0,43.62049866,2.68,,275.0,M0 V,3894.0,0.5,0.52,373.744
Kepler-1590 b,Kepler-1590,1,1,Transit,2016.0,Kepler,Published Confirmed,0,7.61760804,1.14,,,,6053.0,1.16,1.11,771.152
Kepler-1591 b,Kepler-1591,1,1,Transit,2016.0,Kepler,Published Confirmed,0,8.18504949,1.27,,,,6082.0,1.16,1.1,1419.58
Kepler-1592 b,Kepler-1592,1,1,Transit,2016.0,Kepler,Published Confirmed,0,3.05710069,1.54,,,,6213.0,1.28,1.18,1639.47
Kepler-1593 b,Kepler-1593,1,1,Transit,2016.0,Kepler,Published Confirmed,0,174.5085,2.91,,260.0,,4745.0,0.698,0.725,638.249
Kepler-1594 b,Kepler-1594,1,1,Transit,2016.0,Kepler,Published Confirmed,0,2.71603809,1.06,,,,5946.0,1.08,1.06,976.868
Kepler-1595 b,Kepler-1595,1,1,Transit,2016.0,Kepler,Published Confirmed,0,4.56380468,1.23,,,,5203.0,0.8,0.84,845.022
Kepler-1596 b,Kepler-1596,1,1,Transit,2016.0,Kepler,Published Confirmed,0,66.373379,1.9,,,,5706.0,0.92,0.95,2146.23
Kepler-1597 b,Kepler-1597,1,1,Transit,2016.0,Kepler,Published Confirmed,0,2.94654179,1.06,,,,6377.0,1.39,1.25,1221.05
Kepler-1598 b,Kepler-1598,1,1,Transit,2016.0,Kepler,Published Confirmed,0,4.34195123,0.95,,,,5940.0,1.09,1.07,619.862
Kepler-1599 b,Kepler-1599,1,1,Transit,2016.0,Kepler,Published Confirmed,0,122.363553,1.62,,,,5767.0,0.99,0.99,1328.2
Kepler-16 b,Kepler-16,2,1,Transit,2011.0,Kepler,Published Confirmed,0,228.776,8.4493,105.833,,,4450.0,0.6489,0.6897,75.0852
Kepler-160 b,Kepler-160,1,3,Transit,2014.0,Kepler,Published Confirmed,0,4.30920108,1.99,,,,5711.0,0.95,0.97,937.013
Kepler-160 c,Kepler-160,1,3,Transit,2014.0,Kepler,Published Confirmed,0,13.69941722,3.41,,,,5711.0,0.95,0.97,937.013
Kepler-160 d,Kepler-160,1,3,Transit Timing Variations,2020.0,Kepler,Published Confirmed,0,30.0,,100.0,,,5471.0,1.118,,937.013
Kepler-1600 b,Kepler-1600,1,2,Transit,2016.0,Kepler,Published Confirmed,0,386.370548,3.13,,,,5214.0,0.82,0.86,1030.81
Kepler-1600 c,Kepler-1600,1,2,Transit,2021.0,Kepler,Published Confirmed,0,7.298049927,1.94206512,,,,5119.0,0.834,0.818,1030.81
Kepler-1601 b,Kepler-1601,1,1,Transit,2016.0,Kepler,Published Confirmed,0,2.20921951,0.82,,,,5869.0,1.07,1.04,644.456
Kepler-1602 b,Kepler-1602,1,1,Transit,2016.0,Kepler,Published Confirmed,0,11.17931605,1.34,,,,6296.0,1.36,1.22,629.804
Kepler-1603 b,Kepler-1603,1,1,Transit,2016.0,Kepler,Published Confirmed,0,2.27163926,1.29,,,,6241.0,1.31,1.21,2712.58
Kepler-1604 b,Kepler-1604,1,1,Transit,2016.0,Kepler,Published Confirmed,0,0.683684256,1.41,,,,4976.0,0.76,0.81,541.189
Kepler-1605 b,Kepler-1605,1,1,Transit,2016.0,Kepler,Published Confirmed,0,85.7565495,1.08,,,,5280.0,0.82,0.86,546.23
Kepler-1606 b,Kepler-1606,1,1,Transit,2016.0,Kepler,Published Confirmed,0,196.4356,2.23,,324.0,,5461.0,0.915,0.921,831.287
Kepler-1607 b,Kepler-1607,1,1,Transit,2016.0,Kepler,Published Confirmed,0,13.6473676,0.92,,,,6116.0,1.21,1.14,1286.1
Kepler-1608 b,Kepler-1608,1,1,Transit,2016.0,Kepler,Published Confirmed,0,16.4735686,1.73,,,,4992.0,0.72,0.75,
Kepler-1609 b,Kepler-1609,1,1,Transit,2016.0,Kepler,Published Confirmed,0,114.34219,2.22,,,,6132.0,1.27,1.18,1826.04
Kepler-161 b,Kepler-161,1,2,Transit,2014.0,Kepler,Published Confirmed,0,4.921354681,2.29,,,,5147.0,0.81,0.86,434.632
Kepler-161 c,Kepler-161,1,2,Transit,2014.0,Kepler,Published Confirmed,0,7.064,1.87,11.8,,,,0.739,0.82,434.632
Kepler-1610 b,Kepler-1610,1,2,Transit,2016.0,Kepler,Published Confirmed,0,8.70181574,1.61,,,,5383.0,0.87,0.91,864.331
Kepler-1610 c,Kepler-1610,1,2,Transit,2023.0,Kepler,Published Confirmed,0,44.98529816,2.20600009,,,,5295.0,0.8,0.825,864.331
Kepler-1611 b,Kepler-1611,1,1,Transit,2016.0,Kepler,Published Confirmed,0,5.1762429,0.81,,,,5605.0,0.93,0.94,908.444
Kepler-1612 b,Kepler-1612,1,1,Transit,2016.0,Kepler,Published Confirmed,0,3.91795101,1.03,,,,5643.0,0.94,0.96,764.726
Kepler-1613 b,Kepler-1613,1,1,Transit,2016.0,Kepler,Published Confirmed,0,1.5184299,2.08,,,,6005.0,1.12,1.08,1508.33
Kepler-1614 b,Kepler-1614,1,1,Transit,2016.0,Kepler,Published Confirmed,0,3.9466141,1.49,,,,5121.0,0.76,0.79,1191.19
Kepler-1615 b,Kepler-1615,1,1,Transit,2016.0,Kepler,Published Confirmed,0,47.3126192,2.06,,,,5865.0,1.05,1.04,1393.83
Kepler-1616 b,Kepler-1616,1,1,Transit,2016.0,Kepler,Published Confirmed,0,6.76284377,1.02,,,,6266.0,1.34,1.21,1137.81
Kepler-1617 b,Kepler-1617,1,1,Transit,2016.0,Kepler,Published Confirmed,0,27.4785572,1.2,,,,6167.0,1.22,1.15,898.31
Kepler-1618 b,Kepler-1618,1,1,Transit,2016.0,Kepler,Published Confirmed,0,6.10826019,1.26,,,,6620.0,1.65,1.41,1229.25
Kepler-1619 b,Kepler-1619,1,1,Transit,2016.0,Kepler,Published Confirmed,0,23.6225913,0.76,,,,5852.0,1.0,1.0,734.85
Kepler-162 b,Kepler-162,1,2,Transit,2014.0,Kepler,Published Confirmed,0,6.91986734,1.56,,,,6089.0,1.2,1.12,855.641
Kepler-162 c,Kepler-162,1,2,Transit,2014.0,Kepler,Published Confirmed,0,19.44638698,4.19,,,,6089.0,1.2,1.12,855.641
Kepler-1620 b,Kepler-1620,1,1,Transit,2016.0,Kepler,Published Confirmed,0,101.951829,1.61,,,,6157.0,1.23,1.15,895.069
Kepler-1621 b,Kepler-1621,1,1,Transit,2016.0,Kepler,Published Confirmed,0,92.263714,2.16,,,,6158.0,1.24,1.15,1631.66
Kepler-1622 b,Kepler-1622,1,1,Transit,2016.0,Kepler,Published Confirmed,0,10.8118737,1.47,,,,6436.0,1.5,1.31,796.477
Kepler-1623 b,Kepler-1623,1,1,Transit,2016.0,Kepler,Published Confirmed,0,4.36128348,1.31,,,,5772.0,1.0,1.0,837.481
Kepler-1624 b,Kepler-1624,1,1,Transit,2016.0,Kepler,Published Confirmed,0,3.290314,6.59,,,M V,3768.0,0.552,0.541,258.979
Kepler-1625 b,Kepler-1625,1,1,Transit,2016.0,Kepler,Published Confirmed,0,287.378949,6.06,,,,5677.0,0.94,0.96,2310.11
Kepler-1626 b,Kepler-1626,1,1,Transit,2016.0,Kepler,Published Confirmed,0,4.13962966,2.02,,,,6826.0,1.85,1.51,1368.83
Kepler-1627 b,Kepler-1627,1,1,Transit,2016.0,Kepler,Published Confirmed,0,7.20283653,3.69,,,,5445.0,0.84,0.87,317.437
Kepler-1628 b,Kepler-1628,1,1,Transit,2016.0,Kepler,Published Confirmed,0,76.378033,6.43,,,,3724.0,0.52,0.55,
Kepler-1629 b,Kepler-1629,1,1,Transit,2016.0,Kepler,Published Confirmed,0,3.87595807,0.77,,,,5776.0,1.01,1.01,336.09
Kepler-163 b,Kepler-163,1,2,Transit,2014.0,Kepler,Published Confirmed,0,7.81104673,1.15,,,,5705.0,0.96,0.98,689.814
Kepler-163 c,Kepler-163,1,2,Transit,2014.0,Kepler,Published Confirmed,0,21.3473612,2.4,,,,5705.0,0.96,0.98,689.814
Kepler-1630 b,Kepler-1630,1,1,Transit,2016.0,Kepler,Published Confirmed,0,509.997402,2.19,,,,4736.0,0.63,0.66,331.213
Kepler-1631 b,Kepler-1631,1,1,Transit,2016.0,Kepler,Published Confirmed,0,4.09513932,1.35,,,,5679.0,0.95,0.97,1305.99
Kepler-1632 b,Kepler-1632,1,1,Transit,2016.0,Kepler,Published Confirmed,0,448.303558,2.47,,,,6137.0,1.19,1.12,716.76
Kepler-1633 b,Kepler-1633,1,1,Transit,2016.0,Kepler,Published Confirmed,0,186.404271,1.58,,,,6256.0,1.32,1.2,1114.91
Kepler-1634 b,Kepler-1634,1,1,Transit,2016.0,Kepler,Published Confirmed,0,374.876239,3.19,,,,5474.0,0.89,0.92,617.339
Kepler-1635 b,Kepler-1635,1,1,Transit,2016.0,Kepler,Published Confirmed,0,469.63111,3.64,,,,5347.0,0.85,0.89,1069.45
Kepler-1636 b,Kepler-1636,1,1,Transit,2016.0,Kepler,Published Confirmed,0,425.47785,3.23,,,,5797.0,1.02,1.01,1947.54
Kepler-1637 b,Kepler-1637,1,1,Transit,2016.0,Kepler,Published Confirmed,0,6.10960324,0.89,,,,5789.0,1.02,1.02,567.187
Kepler-1638 b,Kepler-1638,1,1,Transit,2016.0,Kepler,Published Confirmed,0,259.365,1.6,,304.0,,5906.0,0.835,0.817,1525.52
Kepler-1639 b,Kepler-1639,1,1,Transit,2016.0,Kepler,Published Confirmed,0,9.878482,2.58,,,,6150.0,1.18,1.12,1031.31
Kepler-164 b,Kepler-164,1,4,Transit,2014.0,Kepler,Published Confirmed,0,5.03506543,1.48,,,,6048.0,1.13,1.09,890.758
Kepler-164 c,Kepler-164,1,4,Transit,2014.0,Kepler,Published Confirmed,0,10.94577222,2.72,,,,6048.0,1.13,1.09,890.758
Kepler-164 d,Kepler-164,1,4,Transit,2014.0,Kepler,Published Confirmed,0,28.9868326,2.47,,,,6048.0,1.13,1.09,890.758
Kepler-164 e,Kepler-164,1,4,Transit,2023.0,Kepler,Published Confirmed,0,94.8864975,4.00199986,,,,5888.0,1.097,0.966,890.758
Kepler-1640 b,Kepler-1640,1,1,Transit,2016.0,Kepler,Published Confirmed,0,7.5844126,4.82,,,,6324.0,1.43,1.27,1859.78
Kepler-1641 b,Kepler-1641,1,2,Transit,2016.0,Kepler,Published Confirmed,0,19.672266,3.11,,,,6152.0,1.19,1.12,860.37
Kepler-1641 c,Kepler-1641,1,2,Transit,2016.0,Kepler,Published Confirmed,0,32.657212,2.95,,,,6152.0,1.19,1.12,860.37
Kepler-1642 b,Kepler-1642,1,2,Transit,2016.0,Kepler,Published Confirmed,0,12.2057513,3.2,,,,5355.0,0.84,0.88,413.873
Kepler-1642 c,Kepler-1642,1,2,Transit,2016.0,Kepler,Published Confirmed,0,6.6513802,2.66,,,,5355.0,0.84,0.88,413.873
Kepler-1643 b,Kepler-1643,1,1,Transit,2016.0,Kepler,Published Confirmed,0,5.34264507,2.3,,,,5508.0,0.88,0.92,341.774
Kepler-1644 b,Kepler-1644,1,1,Transit,2016.0,Kepler,Published Confirmed,0,21.0907758,1.88,,,,5499.0,0.86,0.89,629.27
Kepler-1645 b,Kepler-1645,1,1,Transit,2016.0,Kepler,Published Confirmed,0,16.1779561,1.78,,,,5812.0,1.02,1.02,1202.47
Kepler-1646 b,Kepler-1646,1,1,Transit,2016.0,Kepler,Published Confirmed,0,4.48558383,1.23,,,,3299.0,0.26,0.24,127.591
Kepler-1647 b,Kepler-1647,2,1,Transit,2016.0,Kepler,Published Confirmed,0,1107.5923,11.8739,483.0,,,6210.0,1.7903,1.2207,1212.45
Kepler-1649 b,Kepler-1649,1,2,Transit,2017.0,Kepler,Published Confirmed,0,8.689099,1.017,,307.0,,3240.0,0.2317,0.1977,92.1913
Kepler-1649 c,Kepler-1649,1,2,Transit,2020.0,Kepler,Published Confirmed,0,19.53527,1.06,,234.0,,3240.0,0.2317,0.1977,92.1913
Kepler-165 b,Kepler-165,1,2,Transit,2014.0,Kepler,Published Confirmed,0,8.18086953,2.5,,,,5108.0,0.76,0.8,560.885
Kepler-165 c,Kepler-165,1,2,Transit,2014.0,Kepler,Published Confirmed,0,15.31297659,2.25,,,,5108.0,0.76,0.8,560.885
Kepler-1650 b,Kepler-1650,1,1,Transit,2017.0,Kepler,Published Confirmed,0,1.53818001,0.96,,,,3410.0,0.334,0.326,134.397
Kepler-1651 b,Kepler-1651,2,1,Transit,2017.0,Kepler,Published Confirmed,0,9.87863917,1.84,,,,3713.0,0.503,0.522,66.4074
Kepler-1652 b,Kepler-1652,1,1,Transit,2017.0,Kepler,Published Confirmed,0,38.09722,1.6,,268.0,,3638.0,0.382,0.404,
Kepler-1653 b,Kepler-1653,1,1,Transit,2017.0,Kepler,Published Confirmed,0,140.2524,2.17,,284.0,,4807.0,0.693,0.719,
Kepler-1654 b,Kepler-1654,1,1,Transit,2018.0,Kepler,Published Confirmed,0,1047.8356,9.180171,158.915,206.0,G5 V,5597.0,1.179,1.011,568.117
Kepler-1655 b,Kepler-1655,1,1,Transit,2018.0,Kepler,Published Confirmed,0,11.8728787,2.213,5.0,,G0 V,6148.0,1.03,1.03,213.26
Kepler-1656 b,Kepler-1656,1,2,Transit,2018.0,Kepler,Published Confirmed,0,31.578659,5.02,48.6,651.0,,5731.0,1.1,1.03,185.875
Kepler-1656 c,Kepler-1656,1,2,Radial Velocity,2022.0,W. M. Keck Observatory,Published Confirmed,0,1919.0,,126.4,,,,1.1,1.03,185.875
Kepler-166 b,Kepler-166,1,3,Transit,2014.0,Kepler,Published Confirmed,0,7.650241916,2.64,,,,5350.0,0.83,0.88,603.53
Kepler-166 c,Kepler-166,1,3,Transit,2014.0,Kepler,Published Confirmed,0,34.25951372,2.73,,,,5350.0,0.83,0.88,603.53
Kepler-166 d,Kepler-166,1,3,Transit,2016.0,Kepler,Published Confirmed,0,1.554003928,1.73,,,,5350.0,0.83,0.88,603.53
Kepler-1660 AB b,Kepler-1660 A,2,1,Eclipse Timing Variations,2023.0,Kepler,Published Confirmed,0,237.68977,,2445.06619,,F7 V,,,1.21,1188.54
Kepler-1661 b,Kepler-1661,2,1,Transit,2020.0,Kepler,Published Confirmed,0,175.06,3.87,17.0,243.0,K,5100.0,0.762,0.841,410.607
Kepler-1663 b,Kepler-1663,1,1,Transit,2020.0,Kepler,Published Confirmed,0,17.6046,3.30395896,,,,3844.0,0.62859,0.610816,337.926
Kepler-1664 b,Kepler-1664,1,1,Transit,2020.0,Kepler,Published Confirmed,0,14.3868,3.03320653,,,,5735.81,,,626.691
Kepler-1665 b,Kepler-1665,1,1,Transit,2020.0,Kepler,Published Confirmed,0,11.9548,2.83910787,,,,5049.84,0.777785,0.842,335.515
Kepler-1666 b,Kepler-1666,1,2,Transit,2020.0,Kepler,Published Confirmed,0,25.8476,2.88273782,,,,6293.0,1.14586,1.23,1379.37
Kepler-1666 c,Kepler-1666,1,2,Transit,2020.0,Kepler,Published Confirmed,0,40.7157,3.23564749,,,,6293.0,1.14586,1.23,1379.37
Kepler-1667 b,Kepler-1667,1,1,Transit,2020.0,Kepler,Published Confirmed,0,83.5781,2.98385261,,,,5941.54,1.08751,1.09,626.819
Kepler-1668 b,Kepler-1668,1,1,Transit,2020.0,Kepler,Published Confirmed,0,15.434,4.34764405,,,,5542.0,1.01738,0.98,1335.64
Kepler-1669 b,Kepler-1669,1,3,Transit,2020.0,Kepler,Published Confirmed,0,9.51216,2.78043818,,,,4303.0,0.714145,0.67,543.444
Kepler-1669 c,Kepler-1669,1,3,Transit,2021.0,Kepler,Published Confirmed,0,1.609320045,1.90120972,,,,4224.0,0.603,0.609,543.444
Kepler-1669 d,Kepler-1669,1,3,Transit,2023.0,Kepler,Published Confirmed,0,4.729469776,1.60000002,,,,4224.0,0.603,0.609,543.444
Kepler-167 b,Kepler-167,2,4,Transit,2014.0,Kepler,Published Confirmed,0,4.3931632,1.615,,914.0,K4,4890.0,0.726,0.77,341.908
Kepler-167 c,Kepler-167,2,4,Transit,2014.0,Kepler,Published Confirmed,0,7.406114,1.548,,768.0,K4,4890.0,0.726,0.77,341.908
Kepler-167 d,Kepler-167,2,4,Transit,2016.0,Kepler,Published Confirmed,0,21.803855,1.194,,536.0,K4,4890.0,0.726,0.77,341.908
Kepler-167 e,Kepler-167,2,4,Transit,2016.0,Kepler,Published Confirmed,0,1071.23205,10.16,321.00669107,134.4,,4884.0,0.749,0.777,341.908
Kepler-1670 b,Kepler-1670,1,1,Transit,2020.0,Kepler,Published Confirmed,0,20.4998,3.3564801,,,,5838.0,1.51889,1.05,2065.98
Kepler-1671 b,Kepler-1671,1,1,Transit,2020.0,Kepler,Published Confirmed,0,4.16787,1.32557381,,,,5135.55,0.929771,0.866,357.059
Kepler-1672 b,Kepler-1672,1,1,Transit,2020.0,Kepler,Published Confirmed,0,150.878,2.97022762,,,,6131.95,1.08841,1.16,391.181
Kepler-1673 b,Kepler-1673,1,1,Transit,2020.0,Kepler,Published Confirmed,0,33.7888,2.9355194,,,,6014.95,1.13166,1.11,727.187
Kepler-1674 b,Kepler-1674,1,1,Transit,2020.0,Kepler,Published Confirmed,0,62.5611,3.2057749,,,,5473.91,0.877273,0.96,1012.48
Kepler-1675 b,Kepler-1675,1,1,Transit,2020.0,Kepler,Published Confirmed,0,63.0382,3.12483349,,,,5853.19,1.12865,1.06,651.117
Kepler-1676 b,Kepler-1676,1,1,Transit,2020.0,Kepler,Published Confirmed,0,29.9221,3.3769596,,,,5878.3,1.06066,,
Kepler-1677 b,Kepler-1677,1,1,Transit,2020.0,Kepler,Published Confirmed,0,22.064,2.70216183,,,,6013.72,1.24959,1.11,735.369
Kepler-1678 b,Kepler-1678,1,1,Transit,2020.0,Kepler,Published Confirmed,0,147.974,3.30422249,,,,5754.0,0.834976,1.03,847.339
Kepler-1679 b,Kepler-1679,1,1,Transit,2020.0,Kepler,Published Confirmed,0,9.75376,2.0692036,,,,5501.0,0.873196,0.96,909.28
Kepler-168 b,Kepler-168,1,2,Transit,2014.0,Kepler,Published Confirmed,0,4.42534621,2.12,,,,6364.0,1.48,1.3,1343.6
Kepler-168 c,Kepler-168,1,2,Transit,2014.0,Kepler,Published Confirmed,0,13.1932092,3.71,,,,6364.0,1.48,1.3,1343.6
Kepler-1680 b,Kepler-1680,1,1,Transit,2020.0,Kepler,Published Confirmed,0,8.77424,1.35954736,,,,5021.0,0.723259,0.834,310.315
Kepler-1681 b,Kepler-1681,1,1,Transit,2020.0,Kepler,Published Confirmed,0,69.8956,2.55321772,,,,5756.4,,,758.3
Kepler-1682 b,Kepler-1682,1,1,Transit,2020.0,Kepler,Published Confirmed,0,14.8334,2.88940836,,,,5619.12,0.842301,0.99,1159.85
Kepler-1683 b,Kepler-1683,1,1,Transit,2020.0,Kepler,Published Confirmed,0,15.0337,1.87477762,,,,5429.0,0.900327,0.95,733.143
Kepler-1684 b,Kepler-1684,1,1,Transit,2020.0,Kepler,Published Confirmed,0,47.7055,2.87084792,,,,4706.54,0.666755,0.75,621.996
Kepler-1685 b,Kepler-1685,1,1,Transit,2020.0,Kepler,Published Confirmed,0,20.4905,2.57673985,,,,5484.0,0.835451,0.96,1141.89
Kepler-1686 b,Kepler-1686,1,1,Transit,2020.0,Kepler,Published Confirmed,0,9.30987,1.42553017,,,,5714.96,1.19951,1.02,729.823
Kepler-1687 b,Kepler-1687,1,1,Transit,2020.0,Kepler,Published Confirmed,0,5.77954,1.65623882,,,,4132.0,0.726119,0.65,417.014
Kepler-1688 b,Kepler-1688,1,1,Transit,2020.0,Kepler,Published Confirmed,0,5.62012,1.26174569,,,,4632.11,,,
Kepler-1689 b,Kepler-1689,1,1,Transit,2020.0,Kepler,Published Confirmed,0,8.483,0.94678642,,,,5731.43,0.996208,1.023,294.122
Kepler-169 b,Kepler-169,1,5,Transit,2014.0,Kepler,Published Confirmed,0,3.25058053,1.11,,,,5070.0,0.78,0.84,406.529
Kepler-169 c,Kepler-169,1,5,Transit,2014.0,Kepler,Published Confirmed,0,6.19543693,1.19,,,,5070.0,0.78,0.84,406.529
Kepler-169 d,Kepler-169,1,5,Transit,2014.0,Kepler,Published Confirmed,0,8.34818817,1.62,,,,5070.0,0.78,0.84,406.529
Kepler-169 e,Kepler-169,1,5,Transit,2014.0,Kepler,Published Confirmed,0,13.76708539,2.3,,,,5070.0,0.78,0.84,406.529
Kepler-169 f,Kepler-169,1,5,Transit,2014.0,Kepler,Published Confirmed,0,87.0905994,2.55,,,,5070.0,0.78,0.84,406.529
Kepler-1690 b,Kepler-1690,1,1,Transit,2020.0,Kepler,Published Confirmed,0,234.636,2.81109223,,,,5404.0,0.862346,0.94,703.789
Kepler-1691 b,Kepler-1691,1,1,Transit,2020.0,Kepler,Published Confirmed,0,3.8482,1.83470985,,,,6000.0,1.13152,1.11,1267.67
Kepler-1692 b,Kepler-1692,1,1,Transit,2020.0,Kepler,Published Confirmed,0,5.95966,1.11177184,,,,5146.0,0.866139,0.87,591.019
Kepler-1693 b,Kepler-1693,1,2,Transit,2020.0,Kepler,Published Confirmed,0,12.0999,1.28938413,,,,5432.34,0.878295,0.95,760.065
Kepler-1693 c,Kepler-1693,1,2,Transit,2021.0,Kepler,Published Confirmed,0,5.363709927,0.97698289,,,,5553.0,1.098,0.941,760.065
Kepler-1694 b,Kepler-1694,1,1,Transit,2020.0,Kepler,Published Confirmed,0,3.89526,1.17986031,,,,4954.0,0.756284,0.82,513.329
Kepler-1695 b,Kepler-1695,1,1,Transit,2020.0,Kepler,Published Confirmed,0,4.7329,1.11948901,,,,5473.19,0.987155,0.96,791.175
Kepler-1696 b,Kepler-1696,1,1,Transit,2020.0,Kepler,Published Confirmed,0,65.9409,2.80982017,,,,5712.0,1.19811,1.02,1506.36
Kepler-1697 b,Kepler-1697,1,1,Transit,2020.0,Kepler,Published Confirmed,0,33.4969,1.25954761,,,,4681.53,0.772344,0.747,247.771
Kepler-1698 b,Kepler-1698,1,1,Transit,2020.0,Kepler,Published Confirmed,0,1.2107,1.07315686,,,,4975.03,0.741698,0.822,222.345
Kepler-1699 b,Kepler-1699,1,1,Transit,2020.0,Kepler,Published Confirmed,0,3.49082,1.56671124,,,,5575.53,,,818.759
Kepler-17 b,Kepler-17,1,1,Transit,2011.0,Kepler,Published Confirmed,0,1.4857108,14.68379,743.7222,1712.0,,5781.0,0.983,1.066,720.753
Kepler-170 b,Kepler-170,1,2,Transit,2014.0,Kepler,Published Confirmed,0,7.930587745,2.94,,,,5600.0,1.0,1.03,738.657
Kepler-170 c,Kepler-170,1,2,Transit,2014.0,Kepler,Published Confirmed,0,16.66591162,2.73,,,,5600.0,1.0,1.03,738.657
Kepler-1700 b,Kepler-1700,1,1,Transit,2020.0,Kepler,Published Confirmed,0,234.239,2.90129941,,,,6031.0,1.0937,1.12,717.597
Kepler-1701 b,Kepler-1701,1,1,Transit,2020.0,Kepler,Published Confirmed,0,169.134,2.22186207,,,,5146.0,0.840217,0.87,584.142
Kepler-1702 b,Kepler-1702,1,1,Transit,2020.0,Kepler,Published Confirmed,0,18.5012,1.60190793,,,,5093.0,0.725742,0.85,857.14
Kepler-1704 b,Kepler-1704,1,1,Transit,2013.0,Kepler,Published Confirmed,0,988.88112,11.94877343,1322.16617312,253.8,,5746.0,1.697,1.132,835.455
Kepler-1705 b,Kepler-1705,1,2,Transit,2021.0,Kepler,Published Confirmed,0,9.03502,2.03,4.47,,,6312.0,1.259,1.139,1633.49
Kepler-1705 c,Kepler-1705,1,2,Transit,2021.0,Kepler,Published Confirmed,0,11.28,2.05,5.42,,,6312.0,1.259,1.139,1633.49
Kepler-1708 b,Kepler-1708,1,1,Transit,2021.0,Kepler,Published Confirmed,0,737.1131,9.96,1462.0106722,,,6157.0,1.117,1.088,1666.69
Kepler-1709 b,Kepler-1709,1,1,Transit,2021.0,Kepler,Published Confirmed,0,65.70459747,3.12424875,,,,5918.0,1.043,1.003,273.946
Kepler-171 b,Kepler-171,1,3,Transit,2014.0,Kepler,Published Confirmed,0,4.166962173,3.2,,,,5949.0,1.09,1.07,863.855
Kepler-171 c,Kepler-171,1,3,Transit,2014.0,Kepler,Published Confirmed,0,11.4634736,3.44,,,,5949.0,1.09,1.07,863.855
Kepler-171 d,Kepler-171,1,3,Transit,2014.0,Kepler,Published Confirmed,0,39.6027551,2.36,,,,5949.0,1.09,1.07,863.855
Kepler-1710 b,Kepler-1710,1,1,Transit,2021.0,Kepler,Published Confirmed,0,14.91110039,3.19744103,,,,5650.0,0.899,0.932,305.193
Kepler-1711 b,Kepler-1711,1,1,Transit,2021.0,Kepler,Published Confirmed,0,21.06080055,1.923,,,,5706.0,1.034,0.94,590.268
Kepler-1712 b,Kepler-1712,1,1,Transit,2021.0,Kepler,Published Confirmed,0,13.81499958,2.28372556,,,,3732.0,0.509,0.515,156.264
Kepler-1713 b,Kepler-1713,1,1,Transit,2021.0,Kepler,Published Confirmed,0,18.01160049,1.71673535,,,,6477.0,1.459,1.3,295.293
Kepler-1714 b,Kepler-1714,1,1,Transit,2021.0,Kepler,Published Confirmed,0,10.27530003,3.26437302,,,,6150.0,2.086,1.448,409.46
Kepler-1715 b,Kepler-1715,1,1,Transit,2021.0,Kepler,Published Confirmed,0,35.59730148,4.14042267,,,,6212.0,1.209,1.082,522.605
Kepler-1716 b,Kepler-1716,1,1,Transit,2021.0,Kepler,Published Confirmed,0,35.58100128,2.4247685,,,,4894.0,0.684,0.753,195.439
Kepler-1717 b,Kepler-1717,1,1,Transit,2021.0,Kepler,Published Confirmed,0,30.65279961,2.98929758,,,,6200.0,1.64,1.158,1008.79
Kepler-1718 b,Kepler-1718,1,1,Transit,2021.0,Kepler,Published Confirmed,0,135.1880035,2.5685207,,,,5731.0,0.906,0.846,375.522
Kepler-1719 b,Kepler-1719,1,1,Transit,2021.0,Kepler,Published Confirmed,0,6.149559975,3.95000623,,,,5687.0,1.775,1.08,905.406
Kepler-172 b,Kepler-172,1,4,Transit,2014.0,Kepler,Published Confirmed,0,2.940304111,2.26,,,,5599.0,1.03,1.0,828.592
Kepler-172 c,Kepler-172,1,4,Transit,2014.0,Kepler,Published Confirmed,0,6.38901755,2.35,,,,5599.0,1.03,1.0,828.592
Kepler-172 d,Kepler-172,1,4,Transit,2014.0,Kepler,Published Confirmed,0,14.62698952,2.25,,,,5599.0,1.03,1.0,828.592
Kepler-172 e,Kepler-172,1,4,Transit,2014.0,Kepler,Published Confirmed,0,35.1185226,2.47,,,,5599.0,1.03,1.0,828.592
Kepler-1720 b,Kepler-1720,1,1,Transit,2021.0,Kepler,Published Confirmed,0,12.70639992,3.21585295,,,,5573.0,0.839,0.939,629.445
Kepler-1721 b,Kepler-1721,1,1,Transit,2021.0,Kepler,Published Confirmed,0,4.592380047,3.11856756,,,,5351.0,0.796,0.89,641.374
Kepler-1722 b,Kepler-1722,1,1,Transit,2021.0,Kepler,Published Confirmed,0,9.178569794,2.86719266,,,,5506.0,0.788,0.876,772.283
Kepler-1723 b,Kepler-1723,1,1,Transit,2021.0,Kepler,Published Confirmed,0,39.75289917,2.88046569,,,,6072.0,1.01,0.96,811.278
Kepler-1724 b,Kepler-1724,1,1,Transit,2021.0,Kepler,Published Confirmed,0,6.45442009,2.83677238,,,,6092.0,0.943,1.016,1060.77
Kepler-1725 b,Kepler-1725,1,1,Transit,2021.0,Kepler,Published Confirmed,0,16.71990013,2.8125177,,,,6020.0,1.085,1.049,558.652
Kepler-1726 b,Kepler-1726,1,1,Transit,2021.0,Kepler,Published Confirmed,0,18.39629936,2.50861954,,,,5316.0,0.804,0.876,390.552
Kepler-1727 b,Kepler-1727,1,1,Transit,2021.0,Kepler,Published Confirmed,0,9.029299736,3.17321625,,,,5349.0,0.82,0.824,894.187
Kepler-1728 b,Kepler-1728,1,1,Transit,2021.0,Kepler,Published Confirmed,0,4.782999992,2.95501875,,,,5170.0,0.807,0.891,651.783
Kepler-1729 b,Kepler-1729,1,1,Transit,2021.0,Kepler,Published Confirmed,0,4.220970154,3.89404186,,,,3837.0,0.517,0.544,576.181
Kepler-173 b,Kepler-173,1,2,Transit,2014.0,Kepler,Published Confirmed,0,4.26374847,1.49,,,,5926.0,1.06,1.04,833.165
Kepler-173 c,Kepler-173,1,2,Transit,2014.0,Kepler,Published Confirmed,0,8.005783665,2.77,,,,5926.0,1.06,1.04,833.165
Kepler-1730 b,Kepler-1730,1,1,Transit,2021.0,Kepler,Published Confirmed,0,13.81019974,4.48524519,,,,5942.0,1.142,1.009,1427.08
Kepler-1731 b,Kepler-1731,1,1,Transit,2021.0,Kepler,Published Confirmed,0,21.76129913,2.93295657,,,,4859.0,0.72,0.781,169.948
Kepler-1732 b,Kepler-1732,1,1,Transit,2021.0,Kepler,Published Confirmed,0,32.31240082,4.09903273,,,,5821.0,1.494,1.043,1289.41
Kepler-1733 b,Kepler-1733,1,1,Transit,2021.0,Kepler,Published Confirmed,0,9.229579926,3.63582354,,,,6320.0,1.252,1.273,2080.51
Kepler-1734 b,Kepler-1734,1,1,Transit,2021.0,Kepler,Published Confirmed,0,6.796850204,3.08851092,,,,6061.0,0.97,1.05,1482.83
Kepler-1735 b,Kepler-1735,1,1,Transit,2021.0,Kepler,Published Confirmed,0,7.71792984,1.19429134,,,,3975.0,0.509,0.535,245.303
Kepler-1736 b,Kepler-1736,1,1,Transit,2021.0,Kepler,Published Confirmed,0,37.81029892,3.8765856,,,,6085.0,0.973,0.976,1430.0
Kepler-1737 b,Kepler-1737,1,1,Transit,2021.0,Kepler,Published Confirmed,0,64.61750031,5.395,,,,5043.0,0.881,0.834,
Kepler-1738 b,Kepler-1738,1,1,Transit,2021.0,Kepler,Published Confirmed,0,7.674630165,2.82472883,,,,6063.0,1.001,1.079,1302.87
Kepler-1739 b,Kepler-1739,1,1,Transit,2021.0,Kepler,Published Confirmed,0,7.343709946,2.43056832,,,,5757.0,0.762,0.865,783.666
Kepler-174 b,Kepler-174,1,3,Transit,2014.0,Kepler,Published Confirmed,0,13.98177228,2.14,,,,4949.0,0.68,0.71,384.757
Kepler-174 c,Kepler-174,1,3,Transit,2014.0,Kepler,Published Confirmed,0,44.0004287,1.62,,,,4949.0,0.68,0.71,384.757
Kepler-174 d,Kepler-174,1,3,Transit,2014.0,Kepler,Published Confirmed,0,247.354265,2.36,,,,4949.0,0.68,0.71,384.757
Kepler-1740 b,Kepler-1740,1,1,Transit,2021.0,Kepler,Published Confirmed,0,8.172400475,3.32321414,,,,5705.0,0.905,0.943,1061.77
Kepler-1741 b,Kepler-1741,1,1,Transit,2021.0,Kepler,Published Confirmed,0,2.757590055,1.273,,,,3683.0,0.424,0.454,270.739
Kepler-1742 b,Kepler-1742,1,1,Transit,2021.0,Kepler,Published Confirmed,0,49.47819901,2.1782413,,,,5776.0,0.849,0.939,669.573
Kepler-1743 b,Kepler-1743,1,1,Transit,2021.0,Kepler,Published Confirmed,0,7.649710178,1.59887007,,,,5855.0,1.613,1.266,538.807
Kepler-1744 b,Kepler-1744,1,1,Transit,2021.0,Kepler,Published Confirmed,0,37.10110092,3.76754004,,,,5986.0,0.85,0.886,1091.63
Kepler-1745 b,Kepler-1745,1,1,Transit,2021.0,Kepler,Published Confirmed,0,3.016190052,1.92872921,,,,5611.0,1.4,0.995,996.105
Kepler-1746 b,Kepler-1746,1,1,Transit,2021.0,Kepler,Published Confirmed,0,321.2120056,8.93504475,,,,6018.0,1.286,1.09,979.541
Kepler-1747 b,Kepler-1747,1,1,Transit,2021.0,Kepler,Published Confirmed,0,6.230319977,4.26508,,,,5477.0,0.865,0.983,1321.38
Kepler-1748 b,Kepler-1748,1,1,Transit,2021.0,Kepler,Published Confirmed,0,5.823520184,2.71275017,,,,5774.0,0.864,0.916,1083.28
Kepler-1749 b,Kepler-1749,1,1,Transit,2021.0,Kepler,Published Confirmed,0,14.53409958,1.61301783,,,,3957.0,0.553,0.551,268.2
Kepler-175 b,Kepler-175,1,2,Transit,2014.0,Kepler,Published Confirmed,0,11.90350858,3.18,,,,6018.0,1.17,1.12,1312.34
Kepler-175 c,Kepler-175,1,2,Transit,2014.0,Kepler,Published Confirmed,0,34.0350559,3.69,,,,6018.0,1.17,1.12,1312.34
Kepler-1750 b,Kepler-1750,1,1,Transit,2021.0,Kepler,Published Confirmed,0,205.9120026,6.00434637,,,,5644.0,0.969,0.981,1497.33
Kepler-1751 b,Kepler-1751,1,1,Transit,2021.0,Kepler,Published Confirmed,0,7.017310143,1.82417378,,,,6052.0,0.967,0.974,1291.47
Kepler-1752 b,Kepler-1752,1,1,Transit,2021.0,Kepler,Published Confirmed,0,56.35850143,4.54060463,,,,5446.0,0.821,0.824,962.888
Kepler-1753 b,Kepler-1753,1,1,Transit,2021.0,Kepler,Published Confirmed,0,16.00460052,2.22678077,,,,5180.0,0.769,0.86,707.688
Kepler-1754 b,Kepler-1754,1,1,Transit,2021.0,Kepler,Published Confirmed,0,8.195949554,2.43996509,,,,4723.0,0.747,0.734,718.945
Kepler-1755 b,Kepler-1755,1,1,Transit,2021.0,Kepler,Published Confirmed,0,24.81209946,5.91688317,,,,6086.0,0.921,1.003,982.383
Kepler-1756 b,Kepler-1756,1,1,Transit,2021.0,Kepler,Published Confirmed,0,2.355750084,1.47199944,,,,4915.0,0.812,0.781,
Kepler-1757 b,Kepler-1757,1,1,Transit,2021.0,Kepler,Published Confirmed,0,19.65640068,2.94660251,,,,5288.0,0.74,0.828,807.308
Kepler-1758 b,Kepler-1758,1,1,Transit,2021.0,Kepler,Published Confirmed,0,9.977210045,2.57059831,,,,5557.0,1.616,1.035,1588.41
Kepler-1759 b,Kepler-1759,1,1,Transit,2021.0,Kepler,Published Confirmed,0,3.720230103,0.9037791,,,,5017.0,0.797,0.76,385.348
Kepler-176 b,Kepler-176,1,4,Transit,2014.0,Kepler,Published Confirmed,0,5.43312169,1.36,,,,5295.0,0.83,0.87,527.321
Kepler-176 c,Kepler-176,1,4,Transit,2014.0,Kepler,Published Confirmed,0,12.76,2.281,,,,5139.2,0.8,0.847,527.321
Kepler-176 d,Kepler-176,1,4,Transit,2014.0,Kepler,Published Confirmed,0,25.75260028,2.72,,,,5295.0,0.83,0.87,527.321
Kepler-176 e,Kepler-176,1,4,Transit,2016.0,Kepler,Published Confirmed,0,51.16579,1.45,,,,5295.0,0.83,0.87,527.321
Kepler-1760 b,Kepler-1760,1,1,Transit,2021.0,Kepler,Published Confirmed,0,38.3260994,2.28995546,,,,5229.0,0.903,0.821,
Kepler-1761 b,Kepler-1761,1,1,Transit,2021.0,Kepler,Published Confirmed,0,4.043540001,1.39109603,,,,3871.0,0.532,0.573,221.186
Kepler-1762 b,Kepler-1762,1,1,Transit,2021.0,Kepler,Published Confirmed,0,29.53910065,2.76022913,,,,6572.0,1.238,1.298,1663.74
Kepler-1763 b,Kepler-1763,1,1,Transit,2021.0,Kepler,Published Confirmed,0,1.480280042,1.14651332,,,,5897.0,1.259,1.026,756.486
Kepler-1764 b,Kepler-1764,1,1,Transit,2021.0,Kepler,Published Confirmed,0,70.46829987,4.55527871,,,,6461.0,1.131,1.162,1542.48
Kepler-1765 b,Kepler-1765,1,1,Transit,2021.0,Kepler,Published Confirmed,0,10.41889954,2.49508857,,,,5692.0,1.064,0.946,764.456
Kepler-1766 b,Kepler-1766,1,1,Transit,2021.0,Kepler,Published Confirmed,0,105.0149994,2.27904508,,,,5868.0,1.042,0.915,501.229
Kepler-1767 b,Kepler-1767,1,1,Transit,2021.0,Kepler,Published Confirmed,0,59.65829849,3.01299077,,,,5243.0,0.831,0.887,820.506
Kepler-1768 b,Kepler-1768,1,1,Transit,2021.0,Kepler,Published Confirmed,0,15.13589954,2.23346338,,,,6050.0,1.572,1.24,632.766
Kepler-1769 b,Kepler-1769,1,1,Transit,2021.0,Kepler,Published Confirmed,0,89.1934967,4.465,,,,6071.0,1.295,1.061,438.412
Kepler-177 b,Kepler-177,1,2,Transit,2013.0,Kepler,Published Confirmed,0,36.8601,3.5,5.84,,,5732.0,1.324,0.921,1435.44
Kepler-177 c,Kepler-177,1,2,Transit,2013.0,Kepler,Published Confirmed,0,49.40926,8.73,14.7,,,5732.0,1.324,0.921,1435.44
Kepler-1770 b,Kepler-1770,1,1,Transit,2021.0,Kepler,Published Confirmed,0,16.84189987,2.84141754,,,,5602.0,1.009,0.941,582.942
Kepler-1771 b,Kepler-1771,1,1,Transit,2021.0,Kepler,Published Confirmed,0,88.64399719,4.05537256,,,,5661.0,0.934,0.941,565.752
Kepler-1772 b,Kepler-1772,1,1,Transit,2021.0,Kepler,Published Confirmed,0,3.215090036,2.68609988,,,,5541.0,0.934,0.942,871.564
Kepler-1773 b,Kepler-1773,1,1,Transit,2021.0,Kepler,Published Confirmed,0,40.80970001,3.50469499,,,,6183.0,1.3,1.241,681.255
Kepler-1774 b,Kepler-1774,1,1,Transit,2021.0,Kepler,Published Confirmed,0,59.77080154,3.18179549,,,,6214.0,1.122,1.101,816.592
Kepler-1775 b,Kepler-1775,1,1,Transit,2021.0,Kepler,Published Confirmed,0,85.65399933,3.64762153,,,,5818.0,1.647,1.149,657.023
Kepler-1776 b,Kepler-1776,1,1,Transit,2021.0,Kepler,Published Confirmed,0,35.01190186,2.61157023,,,,5872.0,1.153,1.041,690.336
Kepler-1777 b,Kepler-1777,1,1,Transit,2021.0,Kepler,Published Confirmed,0,12.18420029,2.13189678,,,,5771.0,1.068,0.984,619.146
Kepler-1778 b,Kepler-1778,1,1,Transit,2021.0,Kepler,Published Confirmed,0,10.08740044,3.01665969,,,,6310.0,1.095,1.143,1276.29
Kepler-1779 b,Kepler-1779,1,1,Transit,2021.0,Kepler,Published Confirmed,0,16.34359932,3.03295685,,,,5730.0,1.056,1.008,908.501
Kepler-178 b,Kepler-178,1,3,Transit,2014.0,Kepler,Published Confirmed,0,9.57666498,2.5,,,,5535.0,0.92,0.94,716.025
Kepler-178 c,Kepler-178,1,3,Transit,2014.0,Kepler,Published Confirmed,0,20.55280793,2.61,,,,5535.0,0.92,0.94,716.025
Kepler-178 d,Kepler-178,1,3,Transit,2014.0,Kepler,Published Confirmed,0,96.6781926,2.99,,,,5535.0,0.92,0.94,716.025
Kepler-1780 b,Kepler-1780,1,1,Transit,2021.0,Kepler,Published Confirmed,0,109.4449997,3.60600667,,,,5403.0,0.868,0.868,790.516
Kepler-1781 b,Kepler-1781,1,1,Transit,2021.0,Kepler,Published Confirmed,0,4.88752985,2.38091029,,,,5568.0,0.957,1.053,962.63
Kepler-1782 b,Kepler-1782,1,1,Transit,2021.0,Kepler,Published Confirmed,0,5.756229877,2.22927435,,,,4931.0,0.734,0.794,305.792
Kepler-1783 b,Kepler-1783,1,1,Transit,2021.0,Kepler,Published Confirmed,0,8.277440071,1.31946731,,,,5129.0,1.781,0.887,264.078
Kepler-1784 b,Kepler-1784,1,1,Transit,2021.0,Kepler,Published Confirmed,0,13.59049988,2.79936489,,,,5442.0,0.974,0.887,883.045
Kepler-1785 b,Kepler-1785,1,1,Transit,2021.0,Kepler,Published Confirmed,0,19.58550072,2.70422447,,,,5618.0,0.996,0.911,745.74
Kepler-1786 b,Kepler-1786,1,1,Transit,2021.0,Kepler,Published Confirmed,0,78.5460968,3.16305828,,,,5808.0,1.397,1.058,863.909
Kepler-1787 b,Kepler-1787,1,1,Transit,2021.0,Kepler,Published Confirmed,0,39.31370163,2.31898181,,,,6060.0,0.925,1.008,778.602
Kepler-1788 b,Kepler-1788,1,1,Transit,2021.0,Kepler,Published Confirmed,0,2.800120115,2.37850461,,,,4786.0,0.704,0.686,560.445
Kepler-1789 b,Kepler-1789,1,1,Transit,2021.0,Kepler,Published Confirmed,0,80.23190308,2.83137505,,,,5436.0,0.888,0.92,611.461
Kepler-179 b,Kepler-179,1,2,Transit,2014.0,Kepler,Published Confirmed,0,2.735903375,1.8,,,,5475.0,0.87,0.91,605.68
Kepler-179 c,Kepler-179,1,2,Transit,2014.0,Kepler,Published Confirmed,0,6.400147394,2.57,,,,5475.0,0.87,0.91,605.68
Kepler-1790 b,Kepler-1790,1,1,Transit,2021.0,Kepler,Published Confirmed,0,31.58889961,3.1446145,,,,5866.0,1.367,1.02,1070.17
Kepler-1791 b,Kepler-1791,1,1,Transit,2021.0,Kepler,Published Confirmed,0,7.720860004,3.12103321,,,,5887.0,1.177,0.985,602.218
Kepler-1792 b,Kepler-1792,1,1,Transit,2021.0,Kepler,Published Confirmed,0,4.1957798,2.51990972,,,,5229.0,1.005,0.878,601.029
Kepler-1793 b,Kepler-1793,1,1,Transit,2021.0,Kepler,Published Confirmed,0,8.779999733,3.79037518,,,,5191.0,0.764,0.85,1189.88
Kepler-1794 b,Kepler-1794,1,1,Transit,2021.0,Kepler,Published Confirmed,0,9.762980461,1.79426276,,,,5052.0,0.816,0.773,561.229
Kepler-1795 b,Kepler-1795,1,1,Transit,2021.0,Kepler,Published Confirmed,0,13.36019993,1.66301611,,,,4500.0,0.688,0.768,
Kepler-1796 b,Kepler-1796,1,1,Transit,2021.0,Kepler,Published Confirmed,0,29.4557991,2.75047868,,,,6036.0,0.949,1.018,825.883
Kepler-1797 b,Kepler-1797,1,1,Transit,2021.0,Kepler,Published Confirmed,0,23.3593998,3.05774442,,,,6244.0,1.009,1.069,1338.49
Kepler-1798 b,Kepler-1798,1,1,Transit,2021.0,Kepler,Published Confirmed,0,16.85589981,2.30911251,,,,3967.0,0.587,0.593,395.196
Kepler-1799 b,Kepler-1799,1,1,Transit,2021.0,Kepler,Published Confirmed,0,11.9296999,4.12801189,,,,5831.0,0.921,1.016,2254.69
Kepler-18 b,Kepler-18,1,3,Transit,2011.0,Kepler,Published Confirmed,0,3.504725,2.0,6.9,,,5345.0,1.108,0.972,433.047
Kepler-18 c,Kepler-18,1,3,Transit,2011.0,Kepler,Published Confirmed,0,7.64159,5.49,17.3,,,5345.0,1.108,0.972,433.047
Kepler-18 d,Kepler-18,1,3,Transit,2011.0,Kepler,Published Confirmed,0,14.85888,6.98,16.4,,,5345.0,1.108,0.972,433.047
Kepler-180 b,Kepler-180,1,2,Transit,2014.0,Kepler,Published Confirmed,0,13.81731817,1.32,,,,5610.0,0.93,0.95,695.65
Kepler-180 c,Kepler-180,1,2,Transit,2014.0,Kepler,Published Confirmed,0,41.8854834,2.43,,,,5610.0,0.93,0.95,695.65
Kepler-1800 b,Kepler-1800,1,1,Transit,2021.0,Kepler,Published Confirmed,0,4.562029839,0.99679734,,,,5343.0,2.506,1.33,350.455
Kepler-1801 b,Kepler-1801,1,2,Transit,2021.0,Kepler,Published Confirmed,0,10.44089985,2.70926154,,,,5738.0,0.981,0.936,839.332
Kepler-1801 c,Kepler-1801,1,2,Transit,2023.0,Kepler,Published Confirmed,0,116.5849991,4.05900001,,,,5738.0,0.981,0.936,839.332
Kepler-1802 b,Kepler-1802,1,2,Transit,2021.0,Kepler,Published Confirmed,0,15.45020008,1.671,,,,4245.0,0.637,0.649,636.694
Kepler-1802 c,Kepler-1802,1,2,Transit,2021.0,Kepler,Published Confirmed,0,33.13610077,2.322,,,,4245.0,0.637,0.649,636.694
Kepler-1804 b,Kepler-1804,1,1,Transit,2021.0,Kepler,Published Confirmed,0,12.28849983,1.59615726,,,,5109.0,1.671,0.929,434.456
Kepler-1805 b,Kepler-1805,1,1,Transit,2021.0,Kepler,Published Confirmed,0,8.847940445,1.54502915,,,,3867.0,0.552,0.581,221.639
Kepler-1806 b,Kepler-1806,1,1,Transit,2021.0,Kepler,Published Confirmed,0,9.033320427,2.35560189,,,,5311.0,0.788,0.884,978.066
Kepler-1807 b,Kepler-1807,1,1,Transit,2021.0,Kepler,Published Confirmed,0,10.86060047,2.70393215,,,,6455.0,1.496,1.087,1299.32
Kepler-1808 b,Kepler-1808,1,1,Transit,2021.0,Kepler,Published Confirmed,0,23.3404007,3.02511302,,,,5530.0,0.892,0.773,1022.01
Kepler-1809 b,Kepler-1809,1,1,Transit,2021.0,Kepler,Published Confirmed,0,3.7572999,1.513,,,,4901.0,0.716,0.807,409.602
Kepler-181 b,Kepler-181,1,2,Transit,2014.0,Kepler,Published Confirmed,0,3.137848829,1.48,,,,5378.0,0.85,0.88,609.283
Kepler-181 c,Kepler-181,1,2,Transit,2014.0,Kepler,Published Confirmed,0,4.302143627,2.31,,,,5378.0,0.85,0.88,609.283
Kepler-1810 b,Kepler-1810,1,1,Transit,2021.0,Kepler,Published Confirmed,0,101.1330032,3.91815325,,,,5492.0,1.016,0.921,1009.87
Kepler-1811 b,Kepler-1811,1,1,Transit,2021.0,Kepler,Published Confirmed,0,76.42230225,3.84829873,,,,5561.0,1.19,0.946,1390.56
Kepler-1812 b,Kepler-1812,1,1,Transit,2021.0,Kepler,Published Confirmed,0,7.165219784,2.3249424,,,,6174.0,1.103,1.162,1409.19
Kepler-1813 b,Kepler-1813,1,1,Transit,2021.0,Kepler,Published Confirmed,0,2.818160057,1.413,,,,5167.0,0.787,0.812,
Kepler-1814 b,Kepler-1814,1,2,Transit,2021.0,Kepler,Published Confirmed,0,2.935359955,2.36961357,,,,4922.0,0.823,0.79,726.346
Kepler-1814 c,Kepler-1814,1,2,Transit,2023.0,Kepler,Published Confirmed,0,0.626281977,1.65499997,,,,4922.0,0.823,0.79,726.346
Kepler-1815 b,Kepler-1815,1,1,Transit,2021.0,Kepler,Published Confirmed,0,12.19139957,2.7489262,,,,5516.0,0.967,0.856,1006.63
Kepler-1816 b,Kepler-1816,1,1,Transit,2021.0,Kepler,Published Confirmed,0,91.50099945,1.9679397,,,,5051.0,0.706,0.786,437.823
Kepler-1817 b,Kepler-1817,1,1,Transit,2021.0,Kepler,Published Confirmed,0,44.29919815,2.27349126,,,,5316.0,0.915,0.878,748.569
Kepler-1818 b,Kepler-1818,1,1,Transit,2021.0,Kepler,Published Confirmed,0,4.644909859,1.71360684,,,,6047.0,1.129,1.021,1034.59
Kepler-1819 b,Kepler-1819,1,1,Transit,2021.0,Kepler,Published Confirmed,0,16.48690033,3.90351256,,,,6090.0,1.071,1.173,1363.19
Kepler-182 b,Kepler-182,1,2,Transit,2014.0,Kepler,Published Confirmed,0,9.82578435,2.94,,,,6120.0,1.23,1.16,1549.09
Kepler-182 c,Kepler-182,1,2,Transit,2014.0,Kepler,Published Confirmed,0,20.68422311,3.9,,,,6120.0,1.23,1.16,1549.09
Kepler-1820 b,Kepler-1820,1,1,Transit,2021.0,Kepler,Published Confirmed,0,31.03249931,3.11883067,,,,5841.0,0.931,1.047,1425.39
Kepler-1821 b,Kepler-1821,1,1,Transit,2021.0,Kepler,Published Confirmed,0,16.45809937,2.59248115,,,,5475.0,0.884,0.946,799.699
Kepler-1822 b,Kepler-1822,1,1,Transit,2021.0,Kepler,Published Confirmed,0,22.13339996,2.64755943,,,,5165.0,0.702,0.782,897.597
Kepler-1823 b,Kepler-1823,1,1,Transit,2021.0,Kepler,Published Confirmed,0,21.10339928,2.0861268,,,,6000.0,1.126,1.068,724.971
Kepler-1824 b,Kepler-1824,1,1,Transit,2021.0,Kepler,Published Confirmed,0,95.61100006,2.38127597,,,,6002.0,1.081,1.135,1040.1
Kepler-1825 b,Kepler-1825,1,1,Transit,2021.0,Kepler,Published Confirmed,0,1.025869966,1.42200732,,,,5123.0,0.847,0.828,430.254
Kepler-1826 b,Kepler-1826,1,1,Transit,2021.0,Kepler,Published Confirmed,0,1.615360022,1.47519116,,,,3821.0,0.486,0.49,336.952
Kepler-1827 b,Kepler-1827,1,1,Transit,2021.0,Kepler,Published Confirmed,0,3.700619936,1.85644292,,,,5423.0,1.404,0.915,686.461
Kepler-1828 b,Kepler-1828,1,1,Transit,2021.0,Kepler,Published Confirmed,0,10.2737999,2.11598626,,,,5806.0,0.899,0.996,871.81
Kepler-1829 b,Kepler-1829,1,1,Transit,2021.0,Kepler,Published Confirmed,0,5.186719894,2.47887001,,,,5230.0,0.777,0.873,679.921
Kepler-183 b,Kepler-183,1,2,Transit,2014.0,Kepler,Published Confirmed,0,5.6879831,2.28,,,,5794.0,1.01,1.0,1050.64
Kepler-183 c,Kepler-183,1,2,Transit,2014.0,Kepler,Published Confirmed,0,11.637,2.23,35.7,,,,0.944,1.04,1050.64
Kepler-1830 b,Kepler-1830,1,1,Transit,2021.0,Kepler,Published Confirmed,0,56.49330139,3.32992941,,,,6160.0,2.046,1.443,1056.88
Kepler-1831 b,Kepler-1831,1,1,Transit,2021.0,Kepler,Published Confirmed,0,5.78387022,1.97019818,,,,6063.0,1.012,1.117,1053.49
Kepler-1832 b,Kepler-1832,1,1,Transit,2021.0,Kepler,Published Confirmed,0,3.138789892,1.22719556,,,,5242.0,0.722,0.684,486.174
Kepler-1833 b,Kepler-1833,1,1,Transit,2021.0,Kepler,Published Confirmed,0,6.892129898,1.30027362,,,,6164.0,1.446,1.286,591.602
Kepler-1834 b,Kepler-1834,1,2,Transit,2021.0,Kepler,Published Confirmed,0,4.603010178,1.4593834,,,,4821.0,0.788,0.765,500.395
Kepler-1834 c,Kepler-1834,1,2,Transit,2023.0,Kepler,Published Confirmed,0,0.766691983,1.45599997,,,,4821.0,0.788,0.765,500.395
Kepler-1835 b,Kepler-1835,1,1,Transit,2021.0,Kepler,Published Confirmed,0,11.96409988,3.53387773,,,,5903.0,0.961,0.922,1404.38
Kepler-1836 b,Kepler-1836,1,1,Transit,2021.0,Kepler,Published Confirmed,0,5.254169941,2.55303229,,,,6123.0,0.987,1.053,1472.62
Kepler-1837 b,Kepler-1837,1,1,Transit,2021.0,Kepler,Published Confirmed,0,5.906089783,2.06673842,,,,5966.0,0.961,1.049,1229.18
Kepler-1838 b,Kepler-1838,1,1,Transit,2021.0,Kepler,Published Confirmed,0,12.14680004,1.66049425,,,,5877.0,1.963,1.187,451.242
Kepler-1839 b,Kepler-1839,1,1,Transit,2021.0,Kepler,Published Confirmed,0,5.056759834,1.9493759,,,,5926.0,0.939,1.03,1136.6
Kepler-184 b,Kepler-184,1,3,Transit,2014.0,Kepler,Published Confirmed,0,10.68757479,2.71,,,,5699.0,0.96,0.97,610.326
Kepler-184 c,Kepler-184,1,3,Transit,2014.0,Kepler,Published Confirmed,0,20.303,1.95,8.8,,,,0.86,0.87,610.326
Kepler-184 d,Kepler-184,1,3,Transit,2014.0,Kepler,Published Confirmed,0,29.02235261,2.8,,,,5699.0,0.96,0.97,610.326
Kepler-1840 b,Kepler-1840,1,1,Transit,2021.0,Kepler,Published Confirmed,0,131.1900024,2.77771129,,,,4898.0,0.803,0.774,513.107
Kepler-1841 b,Kepler-1841,1,1,Transit,2021.0,Kepler,Published Confirmed,0,25.88599968,1.48912557,,,,5190.0,0.899,0.823,631.7
Kepler-1842 b,Kepler-1842,1,1,Transit,2021.0,Kepler,Published Confirmed,0,14.02639961,2.35388681,,,,5970.0,1.131,1.057,923.551
Kepler-1843 b,Kepler-1843,1,1,Transit,2021.0,Kepler,Published Confirmed,0,25.54339981,2.70909809,,,,5422.0,1.782,1.02,784.625
Kepler-1844 b,Kepler-1844,1,1,Transit,2021.0,Kepler,Published Confirmed,0,3.924510002,3.03648191,,,,5776.0,0.849,0.939,1804.36
Kepler-1845 b,Kepler-1845,1,1,Transit,2021.0,Kepler,Published Confirmed,0,11.60649967,2.43836702,,,,4703.0,0.701,0.686,710.724
Kepler-1846 b,Kepler-1846,1,1,Transit,2021.0,Kepler,Published Confirmed,0,14.82009983,1.76378826,,,,4825.0,0.732,0.785,374.615
Kepler-1847 b,Kepler-1847,1,1,Transit,2021.0,Kepler,Published Confirmed,0,11.12969971,2.74516914,,,,6122.0,0.964,1.041,1693.86
Kepler-1848 b,Kepler-1848,1,1,Transit,2021.0,Kepler,Published Confirmed,0,5.604020119,1.4088539,,,,4847.0,0.737,0.756,309.696
Kepler-1849 b,Kepler-1849,1,1,Transit,2021.0,Kepler,Published Confirmed,0,57.29290009,2.38685349,,,,4806.0,0.729,0.709,631.884
Kepler-185 b,Kepler-185,1,2,Transit,2014.0,Kepler,Published Confirmed,0,1.632918853,1.12,,,,5132.0,0.79,0.82,466.735
Kepler-185 c,Kepler-185,1,2,Transit,2014.0,Kepler,Published Confirmed,0,20.72913358,1.89,,,,5132.0,0.79,0.82,466.735
Kepler-1850 b,Kepler-1850,1,1,Transit,2021.0,Kepler,Published Confirmed,0,1.385800004,0.72909663,,,,4239.0,0.6,0.611,250.199
Kepler-1851 b,Kepler-1851,1,1,Transit,2021.0,Kepler,Published Confirmed,0,12.02289963,3.90012032,,,,5982.0,0.879,0.967,1589.81
Kepler-1852 b,Kepler-1852,1,1,Transit,2021.0,Kepler,Published Confirmed,0,7.970940113,1.88610592,,,,5237.0,0.826,0.927,772.481
Kepler-1853 b,Kepler-1853,1,1,Transit,2021.0,Kepler,Published Confirmed,0,48.88819885,1.51862272,,,,4821.0,0.788,0.765,562.348
Kepler-1854 b,Kepler-1854,1,1,Transit,2021.0,Kepler,Published Confirmed,0,39.83110046,2.58746104,,,,5026.0,0.759,0.8,423.348
Kepler-1855 b,Kepler-1855,1,1,Transit,2021.0,Kepler,Published Confirmed,0,0.727330983,1.216205,,,,3460.0,0.356,0.385,
Kepler-1856 b,Kepler-1856,1,1,Transit,2021.0,Kepler,Published Confirmed,0,1.302000046,1.73447868,,,,4948.0,0.816,0.782,848.76
Kepler-1857 b,Kepler-1857,1,1,Transit,2021.0,Kepler,Published Confirmed,0,8.94340992,1.96065412,,,,6074.0,1.005,0.873,853.275
Kepler-1858 b,Kepler-1858,1,1,Transit,2021.0,Kepler,Published Confirmed,0,88.07160187,2.42168247,,,,4939.0,0.819,0.785,833.055
Kepler-1859 b,Kepler-1859,1,2,Transit,2021.0,Kepler,Published Confirmed,0,2.729599953,1.58313575,,,,5887.0,1.235,1.09,1331.25
Kepler-1859 c,Kepler-1859,1,2,Transit,2023.0,Kepler,Published Confirmed,0,3.596430063,1.71700001,,,,5887.0,1.235,1.09,1331.25
Kepler-186 b,Kepler-186,1,5,Transit,2014.0,Kepler,Published Confirmed,0,3.88675809,1.31,,579.0,M1 V,3761.0,0.46,0.48,177.594
Kepler-186 c,Kepler-186,1,5,Transit,2014.0,Kepler,Published Confirmed,0,7.26733017,1.21,,470.0,M1 V,3761.0,0.46,0.48,177.594
Kepler-186 d,Kepler-186,1,5,Transit,2014.0,Kepler,Published Confirmed,0,13.34331036,1.41,,384.0,M1 V,3761.0,0.46,0.48,177.594
Kepler-186 e,Kepler-186,1,5,Transit,2014.0,Kepler,Published Confirmed,0,22.407704,1.27,,,M1,3788.0,0.472,0.478,177.594
Kepler-186 f,Kepler-186,1,5,Transit,2014.0,Kepler,Published Confirmed,1,129.9459,1.11,,,M1,3788.0,0.472,0.478,177.594
Kepler-1860 b,Kepler-1860,1,1,Transit,2021.0,Kepler,Published Confirmed,0,12.73719978,1.13863767,,,,5420.0,0.868,0.874,438.703
Kepler-1861 b,Kepler-1861,1,1,Transit,2021.0,Kepler,Published Confirmed,0,40.0306015,2.20677414,,,,5855.0,1.373,1.161,829.985
Kepler-1862 b,Kepler-1862,1,1,Transit,2021.0,Kepler,Published Confirmed,0,16.05730057,2.203,,,,5644.0,0.806,0.9,1232.19
Kepler-1863 b,Kepler-1863,1,1,Transit,2021.0,Kepler,Published Confirmed,0,44.99760056,2.26309256,,,,5871.0,0.983,1.097,865.546
Kepler-1864 b,Kepler-1864,1,1,Transit,2021.0,Kepler,Published Confirmed,0,3.881510019,0.75408365,,,,5854.0,0.979,1.03,298.894
Kepler-1865 b,Kepler-1865,1,1,Transit,2021.0,Kepler,Published Confirmed,0,2.524009943,1.57686072,,,,5420.0,0.871,0.849,922.255
Kepler-1866 b,Kepler-1866,1,1,Transit,2021.0,Kepler,Published Confirmed,0,11.66009998,2.08215108,,,,5791.0,1.083,1.03,976.737
Kepler-1867 b,Kepler-1867,1,1,Transit,2021.0,Kepler,Published Confirmed,0,9.887359619,1.15985997,,,,5693.0,0.816,0.911,680.583
Kepler-1868 b,Kepler-1868,1,1,Transit,2021.0,Kepler,Published Confirmed,0,211.0339966,3.14950109,,,,4658.0,0.686,0.743,274.18
Kepler-1869 b,Kepler-1869,1,2,Transit,2021.0,Kepler,Published Confirmed,0,8.167360306,1.11955354,,,,5808.0,0.902,0.987,113.025
Kepler-1869 c,Kepler-1869,1,2,Transit,2023.0,Kepler,Published Confirmed,0,1.716840029,0.82990003,,,,5808.0,0.902,0.987,113.025
Kepler-187 b,Kepler-187,1,2,Transit,2014.0,Kepler,Published Confirmed,0,4.93886507,1.45,,,,6114.0,1.2,1.11,1143.0
Kepler-187 c,Kepler-187,1,2,Transit,2014.0,Kepler,Published Confirmed,0,10.64022272,2.88,,,,6114.0,1.2,1.11,1143.0
Kepler-1870 b,Kepler-1870,1,1,Transit,2021.0,Kepler,Published Confirmed,0,3.606940031,2.10143764,,,,5508.0,0.84,0.955,407.216
Kepler-1871 b,Kepler-1871,1,1,Transit,2021.0,Kepler,Published Confirmed,0,1.952700019,2.42172881,,,,5741.0,0.946,1.02,854.623
Kepler-1872 b,Kepler-1872,1,1,Transit,2021.0,Kepler,Published Confirmed,0,3.825910091,2.38421141,,,,5223.0,0.885,0.913,840.182
Kepler-1873 b,Kepler-1873,1,1,Transit,2021.0,Kepler,Published Confirmed,0,0.558842003,1.62573811,,,,5151.0,0.792,0.903,820.957
Kepler-1874 b,Kepler-1874,1,1,Transit,2021.0,Kepler,Published Confirmed,0,56.57320023,2.21110724,,,,4701.0,0.775,0.758,408.007
Kepler-1875 b,Kepler-1875,1,1,Transit,2021.0,Kepler,Published Confirmed,0,34.45859909,3.22686692,,,,6161.0,0.862,0.95,1660.45
Kepler-1876 b,Kepler-1876,1,1,Transit,2021.0,Kepler,Published Confirmed,0,6.99205,0.853,2.4,1299.0,,6104.0,1.477,1.187,259.935
Kepler-1877 b,Kepler-1877,1,1,Transit,2021.0,Kepler,Published Confirmed,0,2.377569914,0.624086,,,,5615.0,0.936,1.022,285.312
Kepler-1878 b,Kepler-1878,1,1,Transit,2021.0,Kepler,Published Confirmed,0,4.445879936,2.92019781,,,,5918.0,0.865,0.956,1494.3
Kepler-1879 b,Kepler-1879,1,1,Transit,2021.0,Kepler,Published Confirmed,0,10.61340046,2.06512018,,,,5865.0,1.388,1.023,627.171
Kepler-188 b,Kepler-188,1,2,Transit,2014.0,Kepler,Published Confirmed,0,2.061907358,1.47,,,,5727.0,0.96,0.98,968.544
Kepler-188 c,Kepler-188,1,2,Transit,2014.0,Kepler,Published Confirmed,0,5.996534997,2.73,,,,5727.0,0.96,0.98,968.544
Kepler-1880 b,Kepler-1880,1,1,Transit,2021.0,Kepler,Published Confirmed,0,6.309219837,2.11686218,,,,4380.0,0.53,0.524,611.041
Kepler-1881 b,Kepler-1881,1,1,Transit,2021.0,Kepler,Published Confirmed,0,159.3939972,2.98104391,,,,5135.0,0.874,0.812,1057.21
Kepler-1882 b,Kepler-1882,1,1,Transit,2021.0,Kepler,Published Confirmed,0,13.78730011,1.48674404,,,,5691.0,1.458,1.068,443.371
Kepler-1883 b,Kepler-1883,1,1,Transit,2021.0,Kepler,Published Confirmed,0,103.427002,3.25107395,,,,6208.0,1.024,1.086,1377.61
Kepler-1884 b,Kepler-1884,1,1,Transit,2021.0,Kepler,Published Confirmed,0,8.988320351,1.81406781,,,,5984.0,0.906,0.993,1443.09
Kepler-1885 b,Kepler-1885,1,1,Transit,2021.0,Kepler,Published Confirmed,0,2.522559881,1.51110555,,,,5591.0,0.86,0.977,818.482
Kepler-1886 b,Kepler-1886,1,1,Transit,2021.0,Kepler,Published Confirmed,0,24.2758007,2.58158428,,,,5745.0,0.837,0.928,1059.51
Kepler-1887 b,Kepler-1887,1,1,Transit,2021.0,Kepler,Published Confirmed,0,19.94750023,2.92454357,,,,5749.0,0.864,0.961,1366.18
Kepler-1888 b,Kepler-1888,1,1,Transit,2021.0,Kepler,Published Confirmed,0,11.39169979,1.32578716,,,,5557.0,1.249,0.897,402.947
Kepler-1889 b,Kepler-1889,1,1,Transit,2021.0,Kepler,Published Confirmed,0,37.30369949,2.94360686,,,,5646.0,0.817,0.864,1395.13
Kepler-189 b,Kepler-189,1,2,Transit,2014.0,Kepler,Published Confirmed,0,10.39990194,1.39,,,,5169.0,0.8,0.83,591.534
Kepler-189 c,Kepler-189,1,2,Transit,2014.0,Kepler,Published Confirmed,0,20.13488968,2.95,,,,5169.0,0.8,0.83,591.534
Kepler-1890 b,Kepler-1890,1,1,Transit,2021.0,Kepler,Published Confirmed,0,4.820590019,0.86867375,,,,6046.0,1.396,1.024,529.596
Kepler-1891 b,Kepler-1891,1,1,Transit,2021.0,Kepler,Published Confirmed,0,4.02229023,1.52139156,,,,5516.0,0.827,0.873,596.24
Kepler-1892 b,Kepler-1892,1,1,Transit,2021.0,Kepler,Published Confirmed,0,6.331230164,1.83707938,,,,5383.0,0.759,0.851,851.595
Kepler-1893 b,Kepler-1893,1,1,Transit,2021.0,Kepler,Published Confirmed,0,4.179369926,1.70557445,,,,5633.0,1.162,0.973,1050.72
Kepler-1894 b,Kepler-1894,1,2,Transit,2021.0,Kepler,Published Confirmed,0,2.762660027,1.20117759,,,,5772.0,0.901,0.999,935.191
Kepler-1894 c,Kepler-1894,1,2,Transit,2023.0,Kepler,Published Confirmed,0,5.053750038,1.58899999,,,,5772.0,0.901,0.999,935.191
Kepler-1895 b,Kepler-1895,1,1,Transit,2021.0,Kepler,Published Confirmed,0,6.070290089,2.11934728,,,,5076.0,0.763,0.86,984.187
Kepler-1896 b,Kepler-1896,1,1,Transit,2021.0,Kepler,Published Confirmed,0,44.87020111,3.09935997,,,,6122.0,0.996,1.07,1732.91
Kepler-1897 b,Kepler-1897,1,1,Transit,2021.0,Kepler,Published Confirmed,0,24.22030067,2.81407954,,,,5165.0,0.761,0.859,983.174
Kepler-1898 b,Kepler-1898,1,1,Transit,2021.0,Kepler,Published Confirmed,0,4.765620232,0.93353523,,,,5702.0,1.125,0.837,360.921
Kepler-1899 b,Kepler-1899,1,1,Transit,2021.0,Kepler,Published Confirmed,0,4.095779896,1.55098292,,,,4791.0,0.742,0.759,711.509
Kepler-19 b,Kepler-19,1,3,Transit,2011.0,Kepler,Published Confirmed,0,9.28699,2.209,6.1,851.0,,5541.0,0.859,0.936,218.562
Kepler-19 c,Kepler-19,1,3,Transit Timing Variations,2011.0,Kepler,Published Confirmed,0,28.731,,13.1,,,5544.0,0.859,0.936,218.562
Kepler-19 d,Kepler-19,1,3,Radial Velocity,2017.0,Roque de los Muchachos Observatory,Published Confirmed,0,62.95,,22.5,,,5544.0,0.859,0.936,218.562
Kepler-190 b,Kepler-190,1,2,Transit,2014.0,Kepler,Published Confirmed,0,2.020001021,1.48,,,,5173.0,0.8,0.86,433.387
Kepler-190 c,Kepler-190,1,2,Transit,2014.0,Kepler,Published Confirmed,0,3.763042361,1.48,,,,5173.0,0.8,0.86,433.387
Kepler-1900 b,Kepler-1900,1,1,Transit,2021.0,Kepler,Published Confirmed,0,2.986229897,1.62314676,,,,6173.0,1.041,1.104,1540.43
Kepler-1901 b,Kepler-1901,1,1,Transit,2021.0,Kepler,Published Confirmed,0,3.484129906,1.47418907,,,,5696.0,0.921,1.022,1028.37
Kepler-1902 b,Kepler-1902,1,1,Transit,2021.0,Kepler,Published Confirmed,0,3.822220087,1.17563613,,,,3729.0,0.514,0.52,344.337
Kepler-1903 b,Kepler-1903,1,1,Transit,2021.0,Kepler,Published Confirmed,0,17.0678997,2.28642395,,,,6347.0,0.996,1.053,1775.44
Kepler-1904 b,Kepler-1904,1,1,Transit,2021.0,Kepler,Published Confirmed,0,4.577020168,1.3904994,,,,3805.0,0.497,0.526,270.854
Kepler-1905 b,Kepler-1905,1,1,Transit,2021.0,Kepler,Published Confirmed,0,3.42392993,1.4460734,,,,5788.0,1.015,1.038,1051.53
Kepler-1906 b,Kepler-1906,1,1,Transit,2021.0,Kepler,Published Confirmed,0,7.362689972,2.77615754,,,,5868.0,0.894,0.987,1360.63
Kepler-1907 b,Kepler-1907,1,2,Transit,2021.0,Kepler,Published Confirmed,0,5.652450085,0.86973029,,,,5159.0,0.8,0.752,292.111
Kepler-1907 c,Kepler-1907,1,2,Transit,2021.0,Kepler,Published Confirmed,0,14.86390018,1.15547044,,,,5159.0,0.8,0.752,292.111
Kepler-1909 b,Kepler-1909,1,1,Transit,2021.0,Kepler,Published Confirmed,0,2.391609907,1.09217411,,,,4935.0,0.685,0.663,763.662
Kepler-191 b,Kepler-191,1,3,Transit,2014.0,Kepler,Published Confirmed,0,9.93967857,1.4,,,,5215.0,0.8,0.84,594.464
Kepler-191 c,Kepler-191,1,3,Transit,2014.0,Kepler,Published Confirmed,0,17.73852054,2.19,,,,5215.0,0.8,0.84,594.464
Kepler-191 d,Kepler-191,1,3,Transit,2016.0,Kepler,Published Confirmed,0,5.945041017,2.28,,,,5215.0,0.8,0.84,594.464
Kepler-1910 b,Kepler-1910,1,1,Transit,2021.0,Kepler,Published Confirmed,0,5.688769817,1.184,,,,4234.0,0.639,0.636,
Kepler-1911 b,Kepler-1911,1,1,Transit,2021.0,Kepler,Published Confirmed,0,5.990799904,1.011,,,,5721.0,0.972,0.954,269.912
Kepler-1912 b,Kepler-1912,1,1,Transit,2021.0,Kepler,Published Confirmed,0,6.059219837,1.35670508,,,,5734.0,0.962,0.977,297.017
Kepler-1913 b,Kepler-1913,1,1,Transit,2021.0,Kepler,Published Confirmed,0,14.1960001,1.51852059,,,,6214.0,1.076,1.169,876.3
Kepler-1914 b,Kepler-1914,1,1,Transit,2021.0,Kepler,Published Confirmed,0,30.82789993,2.9429803,,,,5982.0,0.96,1.047,1621.56
Kepler-1915 b,Kepler-1915,1,1,Transit,2021.0,Kepler,Published Confirmed,0,13.83539963,3.21798413,,,,6020.0,1.057,1.03,1514.66
Kepler-1916 b,Kepler-1916,1,1,Transit,2021.0,Kepler,Published Confirmed,0,31.25429916,2.61757235,,,,6246.0,1.092,1.18,2055.82
Kepler-1917 b,Kepler-1917,1,1,Transit,2021.0,Kepler,Published Confirmed,0,12.90240002,1.88971288,,,,5530.0,0.788,0.882,909.037
Kepler-1918 b,Kepler-1918,1,1,Transit,2021.0,Kepler,Published Confirmed,0,47.0564003,2.29763023,,,,5889.0,0.924,0.967,1030.11
Kepler-1919 b,Kepler-1919,1,1,Transit,2021.0,Kepler,Published Confirmed,0,37.88660049,2.62390658,,,,5513.0,0.818,0.868,1177.53
Kepler-192 b,Kepler-192,1,3,Transit,2014.0,Kepler,Published Confirmed,0,9.92672514,2.56,,,,5487.0,0.94,0.94,651.674
Kepler-192 c,Kepler-192,1,3,Transit,2014.0,Kepler,Published Confirmed,0,21.22347296,2.66,,,,5487.0,0.94,0.94,651.674
Kepler-192 d,Kepler-192,1,3,Transit,2016.0,Kepler,Published Confirmed,0,6.47027579,1.02,,,,5487.0,0.94,0.94,651.674
Kepler-1920 b,Kepler-1920,1,1,Transit,2021.0,Kepler,Published Confirmed,0,30.2541008,2.95415848,,,,6277.0,1.161,1.239,885.913
Kepler-1921 b,Kepler-1921,1,2,Transit,2021.0,Kepler,Published Confirmed,0,20.03479958,2.89459458,,,,6120.0,2.0,1.251,928.989
Kepler-1921 c,Kepler-1921,1,2,Transit,2023.0,Kepler,Published Confirmed,0,3.157219887,1.68700004,,,,6120.0,2.0,1.251,928.989
Kepler-1922 b,Kepler-1922,1,1,Transit,2021.0,Kepler,Published Confirmed,0,13.22259998,2.29064904,,,,5931.0,0.863,0.953,1344.29
Kepler-1923 b,Kepler-1923,1,1,Transit,2021.0,Kepler,Published Confirmed,0,52.60969925,1.95958179,,,,5881.0,1.294,1.109,990.838
Kepler-1924 b,Kepler-1924,1,1,Transit,2021.0,Kepler,Published Confirmed,0,15.33170033,2.65446572,,,,5726.0,1.285,1.018,1910.77
Kepler-1925 b,Kepler-1925,1,1,Transit,2021.0,Kepler,Published Confirmed,0,46.71640015,3.00177922,,,,5856.0,1.092,1.057,1771.31
Kepler-1926 b,Kepler-1926,1,1,Transit,2021.0,Kepler,Published Confirmed,0,42.87770081,2.31495961,,,,5256.0,0.832,0.768,667.405
Kepler-1927 b,Kepler-1927,1,1,Transit,2021.0,Kepler,Published Confirmed,0,73.75039673,3.40627075,,,,6056.0,2.481,1.408,1091.0
Kepler-1928 b,Kepler-1928,1,1,Transit,2021.0,Kepler,Published Confirmed,0,19.57780075,2.1461328,,,,5620.0,0.884,0.971,326.362
Kepler-1929 b,Kepler-1929,1,1,Transit,2021.0,Kepler,Published Confirmed,0,59.36249924,3.07250761,,,,5786.0,1.471,1.006,508.201
Kepler-193 b,Kepler-193,1,2,Transit,2014.0,Kepler,Published Confirmed,0,11.38839971,2.63,,,,6155.0,1.21,1.14,1009.1
Kepler-193 c,Kepler-193,1,2,Transit,2014.0,Kepler,Published Confirmed,0,50.6984448,3.02,,,,6155.0,1.21,1.14,1009.1
Kepler-1930 b,Kepler-1930,1,1,Transit,2021.0,Kepler,Published Confirmed,0,13.02680016,1.52955541,,,,5083.0,0.844,0.844,275.694
Kepler-1931 b,Kepler-1931,1,1,Transit,2021.0,Kepler,Published Confirmed,0,38.5760994,2.65323514,,,,6167.0,1.221,1.174,620.091
Kepler-1932 b,Kepler-1932,1,1,Transit,2021.0,Kepler,Published Confirmed,0,0.524177015,1.51482218,,,,5278.0,0.815,0.911,713.733
Kepler-1933 b,Kepler-1933,1,1,Transit,2021.0,Kepler,Published Confirmed,0,4.943290234,1.17984089,,,,5661.0,1.008,0.964,328.007
Kepler-1934 b,Kepler-1934,1,1,Transit,2021.0,Kepler,Published Confirmed,0,1.419759989,0.91307734,,,,5925.0,1.035,0.968,428.514
Kepler-1935 b,Kepler-1935,1,1,Transit,2021.0,Kepler,Published Confirmed,0,3.951400042,2.50271696,,,,5570.0,0.899,0.845,904.702
Kepler-1936 b,Kepler-1936,1,1,Transit,2021.0,Kepler,Published Confirmed,0,126.5569992,3.16615594,,,,6501.0,1.854,1.419,871.096
Kepler-1937 b,Kepler-1937,1,1,Transit,2021.0,Kepler,Published Confirmed,0,9.688599586,3.0229133,,,,6457.0,1.196,1.19,905.069
Kepler-1938 b,Kepler-1938,1,1,Transit,2021.0,Kepler,Published Confirmed,0,13.06260014,1.82828927,,,,4522.0,0.655,0.646,421.152
Kepler-1939 b,Kepler-1939,1,1,Transit,2021.0,Kepler,Published Confirmed,0,2.790659904,1.16480773,,,,4353.0,0.603,0.648,189.833
Kepler-194 b,Kepler-194,1,3,Transit,2014.0,Kepler,Published Confirmed,0,2.092269993,1.59,,,,5965.0,1.11,1.09,1097.97
Kepler-194 c,Kepler-194,1,3,Transit,2014.0,Kepler,Published Confirmed,0,17.30797625,2.92,,,,5965.0,1.11,1.09,1097.97
Kepler-194 d,Kepler-194,1,3,Transit,2014.0,Kepler,Published Confirmed,0,52.8147284,2.67,,,,5965.0,1.11,1.09,1097.97
Kepler-1940 b,Kepler-1940,1,1,Transit,2021.0,Kepler,Published Confirmed,0,4.950610161,1.54732469,,,,5431.0,0.717,0.802,798.595
Kepler-1941 b,Kepler-1941,1,1,Transit,2021.0,Kepler,Published Confirmed,0,31.33510017,2.64976949,,,,6404.0,1.142,1.175,1494.39
Kepler-1942 b,Kepler-1942,1,1,Transit,2021.0,Kepler,Published Confirmed,0,4.626049995,2.1170287,,,,5834.0,0.797,0.852,842.492
Kepler-1943 b,Kepler-1943,1,1,Transit,2021.0,Kepler,Published Confirmed,0,4.850180149,1.54869189,,,,6032.0,0.973,1.055,1004.55
Kepler-1944 b,Kepler-1944,1,1,Transit,2021.0,Kepler,Published Confirmed,0,9.842579842,2.75971163,,,,5585.0,0.972,1.064,1076.48
Kepler-1945 b,Kepler-1945,1,1,Transit,2021.0,Kepler,Published Confirmed,0,6.080039978,1.289,,,,4991.0,0.804,0.767,
Kepler-1946 b,Kepler-1946,1,1,Transit,2021.0,Kepler,Published Confirmed,0,3.035190105,2.48812698,,,,5505.0,0.873,0.887,1002.12
Kepler-1947 b,Kepler-1947,1,1,Transit,2021.0,Kepler,Published Confirmed,0,6.963630199,1.0101666,,,,6040.0,1.686,0.984,468.771
Kepler-1948 b,Kepler-1948,1,1,Transit,2021.0,Kepler,Published Confirmed,0,15.57129955,1.03283226,,,,3872.0,0.557,0.585,193.903
Kepler-1949 b,Kepler-1949,1,1,Transit,2021.0,Kepler,Published Confirmed,0,2.208280087,2.21964541,,,,6028.0,1.454,1.194,2617.35
Kepler-195 b,Kepler-195,1,2,Transit,2014.0,Kepler,Published Confirmed,0,8.30784498,2.25,,,,5234.0,0.79,0.83,652.051
Kepler-195 c,Kepler-195,1,2,Transit,2014.0,Kepler,Published Confirmed,0,34.0962295,1.72,,,,5234.0,0.79,0.83,652.051
Kepler-1950 b,Kepler-1950,1,1,Transit,2021.0,Kepler,Published Confirmed,0,10.77690029,1.52696349,,,,5455.0,0.852,0.759,697.253
Kepler-1951 b,Kepler-1951,1,1,Transit,2021.0,Kepler,Published Confirmed,0,20.65780067,2.32107188,,,,5468.0,1.306,0.923,1277.32
Kepler-1952 b,Kepler-1952,1,1,Transit,2021.0,Kepler,Published Confirmed,0,27.21080017,1.23923346,,,,5973.0,1.305,0.922,852.062
Kepler-1953 b,Kepler-1953,1,1,Transit,2021.0,Kepler,Published Confirmed,0,6.245659828,1.28574667,,,,4858.0,0.707,0.786,605.631
Kepler-1954 b,Kepler-1954,1,1,Transit,2021.0,Kepler,Published Confirmed,0,5.883430004,1.80235934,,,,5840.0,0.849,0.942,1373.83
Kepler-1955 b,Kepler-1955,1,1,Transit,2021.0,Kepler,Published Confirmed,0,14.26519966,1.16654878,,,,5825.0,1.291,1.049,449.351
Kepler-1956 b,Kepler-1956,1,1,Transit,2021.0,Kepler,Published Confirmed,0,5.943719864,1.08940238,,,,4391.0,0.682,0.671,360.468
Kepler-1957 b,Kepler-1957,1,1,Transit,2021.0,Kepler,Published Confirmed,0,2.186619997,0.94374867,,,,4904.0,0.772,0.745,460.899
Kepler-1958 b,Kepler-1958,1,1,Transit,2021.0,Kepler,Published Confirmed,0,9.328619957,2.05124311,,,,5749.0,0.864,0.961,1320.38
Kepler-1959 b,Kepler-1959,1,1,Transit,2021.0,Kepler,Published Confirmed,0,6.38669014,1.14315727,,,,5071.0,0.811,0.768,479.263
Kepler-196 b,Kepler-196,1,3,Transit,2014.0,Kepler,Published Confirmed,0,20.73991798,1.89,,,,5163.0,0.79,0.85,451.312
Kepler-196 c,Kepler-196,1,3,Transit,2014.0,Kepler,Published Confirmed,0,47.42766,2.24,,,,5163.0,0.79,0.85,451.312
Kepler-196 d,Kepler-196,1,3,Transit,2021.0,Kepler,Published Confirmed,0,122.0800018,2.66065673,,,,5132.0,0.77,0.805,451.312
Kepler-1960 b,Kepler-1960,1,1,Transit,2021.0,Kepler,Published Confirmed,0,2.297940016,1.30749704,,,,6371.0,1.072,1.117,1527.56
Kepler-1961 b,Kepler-1961,1,1,Transit,2021.0,Kepler,Published Confirmed,0,5.604710102,1.6187808,,,,5401.0,0.777,0.871,1042.45
Kepler-1962 b,Kepler-1962,1,1,Transit,2021.0,Kepler,Published Confirmed,0,7.991459846,1.21463929,,,,5700.0,1.006,1.003,866.826
Kepler-1963 b,Kepler-1963,1,1,Transit,2021.0,Kepler,Published Confirmed,0,1.962260008,0.74437023,,,,5726.0,0.979,0.915,492.847
Kepler-1964 b,Kepler-1964,1,1,Transit,2021.0,Kepler,Published Confirmed,0,2.440829992,1.7810587,,,,4803.0,0.698,0.752,
Kepler-1965 b,Kepler-1965,1,1,Transit,2021.0,Kepler,Published Confirmed,0,41.86869812,1.35415138,,,,5852.0,0.837,0.928,521.791
Kepler-1966 b,Kepler-1966,1,1,Transit,2021.0,Kepler,Published Confirmed,0,8.617429733,1.10479327,,,,5009.0,0.84,0.797,484.601
Kepler-1967 b,Kepler-1967,1,1,Transit,2021.0,Kepler,Published Confirmed,0,7.281690121,0.73022577,,,,4970.0,1.806,0.996,249.102
Kepler-1968 b,Kepler-1968,1,1,Transit,2021.0,Kepler,Published Confirmed,0,7.281099796,1.50004034,,,,5008.0,0.788,0.844,750.93
Kepler-1969 b,Kepler-1969,1,1,Transit,2021.0,Kepler,Published Confirmed,0,6.647520065,1.68161001,,,,6046.0,1.007,1.111,1204.54
Kepler-197 b,Kepler-197,2,4,Transit,2014.0,Kepler,Published Confirmed,0,5.59931973,1.15,,,,6180.0,1.17,1.01,330.575
Kepler-197 c,Kepler-197,2,4,Transit,2014.0,Kepler,Published Confirmed,0,10.35,1.23,5.3,,,,1.12,0.92,330.575
Kepler-197 d,Kepler-197,2,4,Transit,2014.0,Kepler,Published Confirmed,0,15.67787,1.244,,,,5963.52,1.20944,1.093,330.575
Kepler-197 e,Kepler-197,2,4,Transit,2014.0,Kepler,Published Confirmed,0,25.2097,0.983,,,,5963.52,1.20944,1.093,330.575
Kepler-1972 b,Kepler-1972,1,2,Transit,2022.0,Kepler,Published Confirmed,0,7.54425,0.802,2.02,,,5818.0,1.384,1.12,287.339
Kepler-1972 c,Kepler-1972,1,2,Transit,2022.0,Kepler,Published Confirmed,0,11.3295,0.868,2.11,,,5818.0,1.384,1.12,287.339
Kepler-1976 b,Kepler-1976,1,1,Transit Timing Variations,2023.0,Kepler,Published Confirmed,0,4.9593195,,,,,5734.0,1.06251,1.02,1314.51
Kepler-1977 b,Kepler-1977,1,1,Transit,2023.0,Kepler,Published Confirmed,0,4.537000179,1.82200003,,,,4805.0,0.688,0.769,592.711
Kepler-1978 b,Kepler-1978,1,1,Transit,2023.0,Kepler,Published Confirmed,0,10.84969997,3.0079999,,,,5251.0,0.778,0.869,865.512
Kepler-1979 b,Kepler-1979,1,1,Transit,2023.0,Kepler,Published Confirmed,0,18.50849915,4.32200003,,,,5942.0,0.938,1.028,1076.27
Kepler-198 b,Kepler-198,1,3,Transit,2014.0,Kepler,Published Confirmed,0,17.79002419,2.85,,,,5636.0,0.93,0.97,495.358
Kepler-198 c,Kepler-198,1,3,Transit,2014.0,Kepler,Published Confirmed,0,49.5675359,2.65,,,,5636.0,0.93,0.97,495.358
Kepler-198 d,Kepler-198,1,3,Transit,2016.0,Kepler,Published Confirmed,0,1.31184443,1.53,,,,5636.0,0.93,0.97,495.358
Kepler-1980 b,Kepler-1980,1,1,Transit,2023.0,Kepler,Published Confirmed,0,33.0257988,2.84500003,,,,5819.0,0.99,1.049,1709.4
Kepler-1981 b,Kepler-1981,1,1,Transit,2023.0,Kepler,Published Confirmed,0,453.5429993,9.4119997,,,,5874.0,3.006,1.519,659.395
Kepler-1982 b,Kepler-1982,1,1,Transit,2023.0,Kepler,Published Confirmed,0,3.823159933,0.86659998,,,,6202.0,1.122,1.213,558.855
Kepler-1983 b,Kepler-1983,1,1,Transit,2023.0,Kepler,Published Confirmed,0,7.328519821,1.64300001,,,,5135.0,0.874,0.812,424.428
Kepler-1984 b,Kepler-1984,1,1,Transit,2023.0,Kepler,Published Confirmed,0,1.99285996,0.80559999,,,,3638.0,0.42,0.45,
Kepler-1985 b,Kepler-1985,1,1,Transit,2023.0,Kepler,Published Confirmed,0,3.420650005,2.22099996,,,,5370.0,0.966,0.877,
Kepler-1986 b,Kepler-1986,1,1,Transit,2023.0,Kepler,Published Confirmed,0,19.54929924,2.95000005,,,,5549.0,0.732,0.776,912.085
Kepler-1987 b,Kepler-1987,1,4,Transit,2023.0,Kepler,Published Confirmed,0,2.345860004,1.50999999,,,,4769.0,0.714,0.799,595.683
Kepler-1987 c,Kepler-1987,1,4,Transit,2023.0,Kepler,Published Confirmed,0,3.648269892,1.69599998,,,,4769.0,0.714,0.799,595.683
Kepler-1987 d,Kepler-1987,1,4,Transit,2023.0,Kepler,Published Confirmed,0,5.644889832,3.2650001,,,,4769.0,0.714,0.799,595.683
Kepler-1987 e,Kepler-1987,1,4,Transit,2023.0,Kepler,Published Confirmed,0,8.742970467,2.45300007,,,,4769.0,0.714,0.799,595.683
Kepler-1988 b,Kepler-1988,1,1,Transit,2023.0,Kepler,Published Confirmed,0,11.49499989,1.54999995,,,,6033.0,1.788,1.127,513.426
Kepler-1989 b,Kepler-1989,1,1,Transit,2023.0,Kepler,Published Confirmed,0,10.16100025,4.76100016,,,,6032.0,1.06,0.999,1252.13
Kepler-199 b,Kepler-199,1,2,Transit,2014.0,Kepler,Published Confirmed,0,23.64219092,2.96,,,,5709.0,0.88,0.96,521.054
Kepler-199 c,Kepler-199,1,2,Transit,2014.0,Kepler,Published Confirmed,0,67.0932997,3.15,,,,5709.0,0.88,0.96,521.054
Kepler-1990 b,Kepler-1990,1,2,Transit,2023.0,Kepler,Published Confirmed,0,1.735129952,3.91400003,,,,5751.0,1.071,1.028,392.739
Kepler-1990 c,Kepler-1990,1,2,Transit,2023.0,Kepler,Published Confirmed,0,4.068429947,1.18700004,,,,5751.0,1.071,1.028,392.739
Kepler-1991 b,Kepler-1991,1,2,Transit,2023.0,Kepler,Published Confirmed,0,13.26080036,1.84599996,,,,5478.0,1.053,0.914,855.82
Kepler-1991 c,Kepler-1991,1,2,Transit,2023.0,Kepler,Published Confirmed,0,22.79019928,2.90799999,,,,5478.0,1.053,0.914,855.82
Kepler-1992 b,Kepler-1992,1,1,Transit,2023.0,Kepler,Published Confirmed,0,15.61120033,1.02699995,,,,5383.0,0.842,0.874,532.955
Kepler-1993 b,Kepler-1993,1,1,Transit,2023.0,Kepler,Published Confirmed,0,26.65660095,4.42700005,,,,5159.0,3.062,1.373,1031.91
Kepler-1994 b,Kepler-1994,1,1,Transit,2023.0,Kepler,Published Confirmed,0,4.612319946,0.6221,,,,5495.0,0.961,0.932,241.991
Kepler-1995 b,Kepler-1995,1,1,Transit,2023.0,Kepler,Published Confirmed,0,73.75779724,4.6170001,,,,5029.0,0.93,0.847,595.331
Kepler-1996 b,Kepler-1996,1,2,Transit,2023.0,Kepler,Published Confirmed,0,32.37609863,2.29399991,,,,4580.0,0.675,0.748,440.561
Kepler-1996 c,Kepler-1996,1,2,Transit,2023.0,Kepler,Published Confirmed,0,92.72949982,2.81299996,,,,4580.0,0.675,0.748,440.561
Kepler-1997 b,Kepler-1997,1,1,Transit,2023.0,Kepler,Published Confirmed,0,26.75749969,2.44300008,,,,6215.0,1.052,1.111,1502.34
Kepler-1998 b,Kepler-1998,1,1,Transit,2023.0,Kepler,Published Confirmed,0,3.03263998,0.69419998,,,,5640.0,0.921,0.962,340.965
Kepler-1999 b,Kepler-1999,1,1,Transit,2023.0,Kepler,Published Confirmed,0,8.739450455,3.55299997,,,,4406.0,0.628,0.632,701.255
Kepler-20 b,Kepler-20,2,6,Transit,2011.0,Kepler,Published Confirmed,0,3.6961049,1.773,9.7,1187.0,,5495.0,0.9164,0.929,282.563
Kepler-20 c,Kepler-20,2,6,Transit,2011.0,Kepler,Published Confirmed,0,10.854092,3.07,16.1,713.0,,5455.0,0.944,0.912,282.563
Kepler-20 d,Kepler-20,2,6,Transit,2011.0,Kepler,Published Confirmed,0,77.611455,2.606,13.4,430.0,,5495.0,0.9164,0.929,282.563
Kepler-20 e,Kepler-20,2,6,Transit,2011.0,Kepler,Published Confirmed,0,6.098493,0.868,3.08,1040.0,,5466.0,0.944,0.912,282.563
Kepler-20 f,Kepler-20,2,6,Transit,2011.0,Kepler,Published Confirmed,0,19.578328,0.952,1.4,681.0,,5495.0,0.9164,0.929,282.563
Kepler-20 g,Kepler-20,2,6,Radial Velocity,2016.0,Multiple Observatories,Published Confirmed,0,34.94,,19.96,524.0,,5495.0,0.9639,0.948,282.563
Kepler-200 b,Kepler-200,1,2,Transit,2014.0,Kepler,Published Confirmed,0,8.59479202,2.19,,,,5773.0,0.95,0.98,665.912
Kepler-200 c,Kepler-200,1,2,Transit,2014.0,Kepler,Published Confirmed,0,10.22214214,1.46,,,,5773.0,0.95,0.98,665.912
Kepler-2000 b,Kepler-2000,1,2,Transit,2023.0,Kepler,Published Confirmed,0,6.383150101,3.31999993,,,,3757.0,0.576,0.581,320.588
Kepler-2000 c,Kepler-2000,1,2,Transit,2023.0,Kepler,Published Confirmed,0,20.6182003,2.20099998,,,,3757.0,0.576,0.581,320.588
Kepler-2001 b,Kepler-2001,1,2,Transit,2023.0,Kepler,Published Confirmed,0,1.090039968,1.19099998,,,,5081.0,0.77,0.864,776.55
Kepler-2001 c,Kepler-2001,1,2,Transit,2023.0,Kepler,Published Confirmed,0,14.09449959,4.07999992,,,,5081.0,0.77,0.864,776.55
Kepler-201 b,Kepler-201,1,2,Transit,2014.0,Kepler,Published Confirmed,0,25.67212848,2.63,,,,6150.0,1.2,1.18,636.445
Kepler-201 c,Kepler-201,1,2,Transit,2014.0,Kepler,Published Confirmed,0,151.8861943,2.23,,,,6150.0,1.2,1.18,636.445
Kepler-202 b,Kepler-202,1,2,Transit,2014.0,Kepler,Published Confirmed,0,4.069428401,1.9,,,,4791.0,0.73,0.78,285.111
Kepler-202 c,Kepler-202,1,2,Transit,2014.0,Kepler,Published Confirmed,0,16.28248353,2.06,,,,4791.0,0.73,0.78,285.111
Kepler-203 b,Kepler-203,1,3,Transit,2014.0,Kepler,Published Confirmed,0,3.162691238,2.48,,,,5794.0,1.03,1.0,703.302
Kepler-203 c,Kepler-203,1,3,Transit,2014.0,Kepler,Published Confirmed,0,5.371,2.09,749.9,,,,0.937,1.01,703.302
Kepler-203 d,Kepler-203,1,3,Transit,2014.0,Kepler,Published Confirmed,0,11.32975018,1.34,,,,5794.0,1.03,1.0,703.302
Kepler-204 b,Kepler-204,1,2,Transit,2014.0,Kepler,Published Confirmed,0,14.40094471,2.43,,,,5865.0,1.11,1.03,686.723
Kepler-204 c,Kepler-204,1,2,Transit,2014.0,Kepler,Published Confirmed,0,25.661658,1.45,,,,5865.0,1.11,1.03,686.723
Kepler-205 b,Kepler-205,1,2,Transit,2014.0,Kepler,Published Confirmed,0,2.75560188,1.32,,672.0,M1 V,3834.0,0.48,0.51,159.72
Kepler-205 c,Kepler-205,1,2,Transit,2014.0,Kepler,Published Confirmed,0,20.30707932,1.22,,345.0,M1 V,3834.0,0.48,0.51,159.72
Kepler-206 b,Kepler-206,1,3,Transit,2014.0,Kepler,Published Confirmed,0,7.78200916,1.22,,,,5853.0,1.12,1.05,594.447
Kepler-206 c,Kepler-206,1,3,Transit,2014.0,Kepler,Published Confirmed,0,13.13745719,1.71,,,,5853.0,1.12,1.05,594.447
Kepler-206 d,Kepler-206,1,3,Transit,2014.0,Kepler,Published Confirmed,0,23.4432353,0.98,,,,5853.0,1.12,1.05,594.447
Kepler-207 b,Kepler-207,1,3,Transit,2014.0,Kepler,Published Confirmed,0,1.611887177,1.45,,,,5989.0,1.49,1.2,875.519
Kepler-207 c,Kepler-207,1,3,Transit,2014.0,Kepler,Published Confirmed,0,3.071545396,1.46,,,,5989.0,1.49,1.2,875.519
Kepler-207 d,Kepler-207,1,3,Transit,2014.0,Kepler,Published Confirmed,0,5.868068017,3.09,,,,5989.0,1.49,1.2,875.519
Kepler-208 b,Kepler-208,1,4,Transit,2014.0,Kepler,Published Confirmed,0,4.22864988,1.83,,,,5951.0,1.4,1.16,775.328
Kepler-208 c,Kepler-208,1,4,Transit,2014.0,Kepler,Published Confirmed,0,7.46662197,1.52,,,,5951.0,1.4,1.16,775.328
Kepler-208 d,Kepler-208,1,4,Transit,2014.0,Kepler,Published Confirmed,0,11.1317519,1.37,,,,5951.0,1.4,1.16,775.328
Kepler-208 e,Kepler-208,1,4,Transit,2014.0,Kepler,Published Confirmed,0,16.25945734,1.67,,,,5951.0,1.4,1.16,775.328
Kepler-209 b,Kepler-209,1,2,Transit,2014.0,Kepler,Published Confirmed,0,16.08786478,2.29,,,,5562.0,0.92,0.95,576.946
Kepler-209 c,Kepler-209,1,2,Transit,2014.0,Kepler,Published Confirmed,0,41.74949827,2.99,,,,5562.0,0.92,0.95,576.946
Kepler-21 b,Kepler-21,2,1,Transit,2012.0,Kepler,Published Confirmed,0,2.785755,1.6354,10.4,1956.0,F6 IV,6131.0,1.86,1.34,108.522
Kepler-210 b,Kepler-210,1,2,Transit,2014.0,Kepler,Published Confirmed,0,2.45322394,2.24,,734.0,M0 V,3914.0,0.53,0.55,232.75
Kepler-210 c,Kepler-210,1,2,Transit,2014.0,Kepler,Published Confirmed,0,7.9725132,3.39,,495.0,M0 V,3914.0,0.53,0.55,232.75
Kepler-211 b,Kepler-211,1,2,Transit,2014.0,Kepler,Published Confirmed,0,4.138536769,1.32,,,,5224.0,0.81,0.9,309.353
Kepler-211 c,Kepler-211,1,2,Transit,2014.0,Kepler,Published Confirmed,0,6.04045294,1.32,,,,5224.0,0.81,0.9,309.353
Kepler-212 b,Kepler-212,1,2,Transit,2014.0,Kepler,Published Confirmed,0,16.2583586,0.98,,,,5866.0,1.28,1.09,687.194
Kepler-212 c,Kepler-212,1,2,Transit,2014.0,Kepler,Published Confirmed,0,31.80474045,2.37,,,,5866.0,1.28,1.09,687.194
Kepler-213 b,Kepler-213,1,2,Transit,2014.0,Kepler,Published Confirmed,0,2.462342175,1.31,,,,5744.0,1.0,1.07,634.939
Kepler-213 c,Kepler-213,1,2,Transit,2014.0,Kepler,Published Confirmed,0,4.82297735,1.85,,,,5744.0,1.0,1.07,634.939
Kepler-214 b,Kepler-214,1,2,Transit,2014.0,Kepler,Published Confirmed,0,15.66057659,2.1,,,,6032.0,1.07,1.11,1208.44
Kepler-214 c,Kepler-214,1,2,Transit,2014.0,Kepler,Published Confirmed,0,28.7795813,1.98,,,,6032.0,1.07,1.11,1208.44
Kepler-215 b,Kepler-215,1,4,Transit,2014.0,Kepler,Published Confirmed,0,9.36063971,1.49,,,,5679.0,0.85,0.94,485.997
Kepler-215 c,Kepler-215,1,4,Transit,2014.0,Kepler,Published Confirmed,0,14.6671927,1.31,,,,5679.0,0.85,0.94,485.997
Kepler-215 d,Kepler-215,1,4,Transit,2014.0,Kepler,Published Confirmed,0,30.86437869,2.05,,,,5679.0,0.85,0.94,485.997
Kepler-215 e,Kepler-215,1,4,Transit,2014.0,Kepler,Published Confirmed,0,68.1613598,1.49,,,,5679.0,0.85,0.94,485.997
Kepler-216 b,Kepler-216,1,2,Transit,2014.0,Kepler,Published Confirmed,0,7.69364042,2.23,,,,6142.0,1.2,1.11,1187.47
Kepler-216 c,Kepler-216,1,2,Transit,2014.0,Kepler,Published Confirmed,0,17.40665938,2.87,,,,6142.0,1.2,1.11,1187.47
Kepler-217 b,Kepler-217,1,3,Transit,2014.0,Kepler,Published Confirmed,0,5.37493491,2.11,,,,6341.0,1.76,1.37,1104.64
Kepler-217 c,Kepler-217,1,3,Transit,2014.0,Kepler,Published Confirmed,0,8.58598202,1.74,,,,6341.0,1.76,1.37,1104.64
Kepler-217 d,Kepler-217,1,3,Transit,2016.0,Kepler,Published Confirmed,0,3.88689525,1.32,,,,6341.0,1.76,1.37,1104.64
Kepler-218 b,Kepler-218,1,3,Transit,2014.0,Kepler,Published Confirmed,0,3.619312195,1.67,,,,5542.0,1.02,1.01,656.38
Kepler-218 c,Kepler-218,1,3,Transit,2014.0,Kepler,Published Confirmed,0,44.699504,2.9,,,,5542.0,1.02,1.01,656.38
Kepler-218 d,Kepler-218,1,3,Transit,2016.0,Kepler,Published Confirmed,0,124.5244647,2.66,,,,5542.0,1.02,1.01,656.38
Kepler-219 b,Kepler-219,1,3,Transit,2014.0,Kepler,Published Confirmed,0,4.585466823,2.81,,,,5910.0,1.43,1.16,787.07
Kepler-219 c,Kepler-219,1,3,Transit,2014.0,Kepler,Published Confirmed,0,22.71444582,3.37,,,,5910.0,1.43,1.16,787.07
Kepler-219 d,Kepler-219,1,3,Transit,2014.0,Kepler,Published Confirmed,0,47.9035211,2.81,,,,5910.0,1.43,1.16,787.07
Kepler-22 b,Kepler-22,1,1,Transit,2011.0,Kepler,Published Confirmed,0,289.8623,2.38,36.0,262.0,G5 V,5518.0,0.979,0.97,194.642
Kepler-220 b,Kepler-220,1,4,Transit,2014.0,Kepler,Published Confirmed,0,4.159817122,0.77,,,,4591.0,0.64,0.65,171.109
Kepler-220 c,Kepler-220,1,4,Transit,2014.0,Kepler,Published Confirmed,0,9.034195469,1.53,,,,4591.0,0.64,0.65,171.109
Kepler-220 d,Kepler-220,1,4,Transit,2014.0,Kepler,Published Confirmed,0,28.1224655,0.97,,,,4591.0,0.64,0.65,171.109
Kepler-220 e,Kepler-220,1,4,Transit,2014.0,Kepler,Published Confirmed,0,45.9027566,1.25,,,,4591.0,0.64,0.65,171.109
Kepler-221 b,Kepler-221,1,4,Transit,2014.0,Kepler,Published Confirmed,0,2.795894073,1.61,,,,5296.0,0.82,0.87,385.231
Kepler-221 c,Kepler-221,1,4,Transit,2014.0,Kepler,Published Confirmed,0,5.691,2.68,15.1,,,,0.751,0.72,385.231
Kepler-221 d,Kepler-221,1,4,Transit,2014.0,Kepler,Published Confirmed,0,10.041568521,2.78,,,,5296.0,0.82,0.87,385.231
Kepler-221 e,Kepler-221,1,4,Transit,2014.0,Kepler,Published Confirmed,0,18.3697231,2.69,,,,5296.0,0.82,0.87,385.231
Kepler-222 b,Kepler-222,1,3,Transit,2014.0,Kepler,Published Confirmed,0,3.936993706,3.2,,,,5295.0,0.84,0.88,758.854
Kepler-222 c,Kepler-222,1,3,Transit,2014.0,Kepler,Published Confirmed,0,10.088796973,4.75,,,,5295.0,0.84,0.88,758.854
Kepler-222 d,Kepler-222,1,3,Transit,2014.0,Kepler,Published Confirmed,0,28.08194365,3.74,,,,5295.0,0.84,0.88,758.854
Kepler-223 b,Kepler-223,1,4,Transit,2014.0,Kepler,Published Confirmed,0,7.38441403,1.7,,,,5746.0,0.98,0.98,1859.71
Kepler-223 c,Kepler-223,1,4,Transit,2014.0,Kepler,Published Confirmed,0,9.84564,3.44,5.1,,,,1.72,1.125,1859.71
Kepler-223 d,Kepler-223,1,4,Transit,2014.0,Kepler,Published Confirmed,0,14.78769446,3.63,,,,5746.0,0.98,0.98,1859.71
Kepler-223 e,Kepler-223,1,4,Transit,2014.0,Kepler,Published Confirmed,0,19.7240891,30.8,,,,5746.0,0.98,0.98,1859.71
Kepler-224 b,Kepler-224,1,4,Transit,2014.0,Kepler,Published Confirmed,0,3.132951625,1.55,,,,5093.0,0.71,0.78,782.088
Kepler-224 c,Kepler-224,1,4,Transit,2014.0,Kepler,Published Confirmed,0,5.924991308,3.42,,,,5093.0,0.71,0.78,782.088
Kepler-224 d,Kepler-224,1,4,Transit,2014.0,Kepler,Published Confirmed,0,11.34933733,2.56,,,,5093.0,0.71,0.78,782.088
Kepler-224 e,Kepler-224,1,4,Transit,2014.0,Kepler,Published Confirmed,0,18.643516,2.02,,,,5093.0,0.71,0.78,782.088
Kepler-225 b,Kepler-225,1,2,Transit,2014.0,Kepler,Published Confirmed,0,6.73880005,1.26,,465.0,M1 V,3682.0,0.44,0.46,561.101
Kepler-225 c,Kepler-225,1,2,Transit,2014.0,Kepler,Published Confirmed,0,18.79523087,1.74,,330.0,M1 V,3682.0,0.44,0.46,561.101
Kepler-226 b,Kepler-226,1,3,Transit,2014.0,Kepler,Published Confirmed,0,3.941,1.56,24.0,,,,0.806,0.88,980.138
Kepler-226 c,Kepler-226,1,3,Transit,2014.0,Kepler,Published Confirmed,0,5.34955671,2.89,,,,5427.0,0.85,0.89,980.138
Kepler-226 d,Kepler-226,1,3,Transit,2014.0,Kepler,Published Confirmed,0,8.10904671,1.3,,,,5427.0,0.85,0.89,980.138
Kepler-227 b,Kepler-227,1,2,Transit,2014.0,Kepler,Published Confirmed,0,9.48803146,2.78,,,,5624.0,0.94,0.96,1083.06
Kepler-227 c,Kepler-227,1,2,Transit,2014.0,Kepler,Published Confirmed,0,54.418464,2.77,,,,5624.0,0.94,0.96,1083.06
Kepler-228 b,Kepler-228,1,3,Transit,2014.0,Kepler,Published Confirmed,0,2.56659092,1.5,,,,5630.0,0.92,0.95,1644.61
Kepler-228 c,Kepler-228,1,3,Transit,2014.0,Kepler,Published Confirmed,0,4.13443005,2.84,,,,5630.0,0.92,0.95,1644.61
Kepler-228 d,Kepler-228,1,3,Transit,2014.0,Kepler,Published Confirmed,0,11.09431923,3.8,,,,5630.0,0.92,0.95,1644.61
Kepler-229 b,Kepler-229,1,3,Transit,2014.0,Kepler,Published Confirmed,0,6.252964898,2.49,,,,5014.0,0.76,0.8,826.265
Kepler-229 c,Kepler-229,1,3,Transit,2014.0,Kepler,Published Confirmed,0,16.06862959,5.4,,,,5014.0,0.76,0.8,826.265
Kepler-229 d,Kepler-229,1,3,Transit,2014.0,Kepler,Published Confirmed,0,41.1970874,3.74,,,,5014.0,0.76,0.8,826.265
Kepler-23 b,Kepler-23,1,3,Transit,2011.0,Kepler,Published Confirmed,0,7.1,1.638,2.56,,,5828.0,1.548,1.078,835.756
Kepler-23 c,Kepler-23,1,3,Transit,2011.0,Kepler,Published Confirmed,0,10.74,3.005,7.81,,,5828.0,1.548,1.078,835.756
Kepler-23 d,Kepler-23,1,3,Transit,2014.0,Kepler,Published Confirmed,0,15.27,2.206,4.44,,,5828.0,1.548,1.078,835.756
Kepler-230 b,Kepler-230,1,2,Transit,2014.0,Kepler,Published Confirmed,0,32.62885195,,,,,5333.0,0.766994,0.92,740.754
Kepler-230 c,Kepler-230,1,2,Transit,2014.0,Kepler,Published Confirmed,0,91.77221,2.19,,,,5328.0,0.81,0.84,740.754
Kepler-231 b,Kepler-231,1,2,Transit,2014.0,Kepler,Published Confirmed,0,10.06525843,1.92,,,,4147.0,0.57,0.59,316.618
Kepler-231 c,Kepler-231,1,2,Transit,2014.0,Kepler,Published Confirmed,0,19.26930046,1.69,,345.0,M1 V,3767.0,0.48,0.51,316.618
Kepler-232 b,Kepler-232,1,2,Transit,2014.0,Kepler,Published Confirmed,0,4.431242593,3.1,,,,5654.0,0.95,0.97,1349.13
Kepler-232 c,Kepler-232,1,2,Transit,2014.0,Kepler,Published Confirmed,0,11.37938071,3.79,,,,5654.0,0.95,0.97,1349.13
Kepler-233 b,Kepler-233,1,2,Transit,2014.0,Kepler,Published Confirmed,0,8.47237844,2.71,,,,5261.0,0.8,0.84,856.417
Kepler-233 c,Kepler-233,1,2,Transit,2014.0,Kepler,Published Confirmed,0,60.4186137,2.8,,,,5261.0,0.8,0.84,856.417
Kepler-234 b,Kepler-234,1,2,Transit,2014.0,Kepler,Published Confirmed,0,2.711502579,3.88,,,,6003.0,1.15,1.11,1733.1
Kepler-234 c,Kepler-234,1,2,Transit,2014.0,Kepler,Published Confirmed,0,7.21204152,3.75,,,,6003.0,1.15,1.11,1733.1
Kepler-235 b,Kepler-235,1,4,Transit,2014.0,Kepler,Published Confirmed,0,3.34024,2.06,,638.0,M0 V,3887.0,0.48,0.51,428.018
Kepler-235 c,Kepler-235,1,4,Transit,2014.0,Kepler,Published Confirmed,0,7.825046,1.201,,555.0,,3996.0,0.495,0.507,428.018
Kepler-235 d,Kepler-235,1,4,Transit,2014.0,Kepler,Published Confirmed,0,20.06085968,1.84,,351.0,M0 V,3887.0,0.48,0.51,428.018
Kepler-235 e,Kepler-235,1,4,Transit,2014.0,Kepler,Published Confirmed,0,46.18510056,1.79,,266.0,M0 V,3887.0,0.48,0.51,428.018
Kepler-236 b,Kepler-236,1,2,Transit,2014.0,Kepler,Published Confirmed,0,8.29559431,1.64,,,,3931.0,0.56,0.58,288.763
Kepler-236 c,Kepler-236,1,2,Transit,2014.0,Kepler,Published Confirmed,0,23.97159958,1.84,,325.0,M1 V,3750.0,0.51,0.54,288.763
Kepler-237 b,Kepler-237,1,2,Transit,2014.0,Kepler,Published Confirmed,0,4.71510365,1.57,,,,4952.0,0.76,0.81,657.822
Kepler-237 c,Kepler-237,1,2,Transit,2014.0,Kepler,Published Confirmed,0,8.10361363,2.32,,,,4952.0,0.76,0.81,657.822
Kepler-238 b,Kepler-238,1,5,Transit,2014.0,Kepler,Published Confirmed,0,2.09081565,1.36,,,,5732.0,1.26,1.06,1798.75
Kepler-238 c,Kepler-238,1,5,Transit,2014.0,Kepler,Published Confirmed,0,6.15555756,2.48,,,,5732.0,1.26,1.06,1798.75
Kepler-238 d,Kepler-238,1,5,Transit,2014.0,Kepler,Published Confirmed,0,13.23356008,2.81,,,,5732.0,1.26,1.06,1798.75
Kepler-238 e,Kepler-238,1,5,Transit,2013.0,Kepler,Published Confirmed,0,23.65368621,7.4,,,,5732.0,1.26,1.06,1798.75
Kepler-238 f,Kepler-238,1,5,Transit,2013.0,Kepler,Published Confirmed,0,50.4473156,2.81,,,,5732.0,1.26,1.06,1798.75
Kepler-239 b,Kepler-239,1,2,Transit,2014.0,Kepler,Published Confirmed,0,11.76305946,2.45,,,,5007.0,0.77,0.84,648.109
Kepler-239 c,Kepler-239,1,2,Transit,2014.0,Kepler,Published Confirmed,0,56.2279697,2.28,,,,5007.0,0.77,0.84,648.109
Kepler-24 b,Kepler-24,1,4,Transit,2011.0,Kepler,Published Confirmed,0,8.1453,2.4,508.5,,,5800.0,1.07,1.03,1156.81
Kepler-24 c,Kepler-24,1,4,Transit,2011.0,Kepler,Published Confirmed,0,12.3335,2.8,508.5,,,5800.0,1.07,1.03,1156.81
Kepler-24 d,Kepler-24,1,4,Transit,2014.0,Kepler,Published Confirmed,0,4.24437621,1.72,,,,5952.0,1.11,0.98,1156.81
Kepler-24 e,Kepler-24,1,4,Transit,2014.0,Kepler,Published Confirmed,0,18.99850923,2.44,,,,5952.0,1.11,0.98,1156.81
Kepler-240 b,Kepler-240,1,2,Transit,2014.0,Kepler,Published Confirmed,0,4.14451776,1.46,,,,4923.0,0.74,0.78,746.927
Kepler-240 c,Kepler-240,1,2,Transit,2014.0,Kepler,Published Confirmed,0,7.95355717,2.19,,,,4923.0,0.74,0.78,746.927
Kepler-241 b,Kepler-241,1,2,Transit,2014.0,Kepler,Published Confirmed,0,12.71810317,2.36,,,,4759.0,0.7,0.74,
Kepler-241 c,Kepler-241,1,2,Transit,2014.0,Kepler,Published Confirmed,0,36.06587916,2.74,,,,4759.0,0.7,0.74,
Kepler-242 b,Kepler-242,1,2,Transit,2014.0,Kepler,Published Confirmed,0,8.2039687,2.81,,,,4965.0,0.76,0.81,600.241
Kepler-242 c,Kepler-242,1,2,Transit,2014.0,Kepler,Published Confirmed,0,14.49643531,2.57,,,,4965.0,0.76,0.81,600.241
Kepler-243 b,Kepler-243,1,2,Transit,2014.0,Kepler,Published Confirmed,0,5.71542485,2.42,,,,5127.0,0.79,0.83,693.86
Kepler-243 c,Kepler-243,1,2,Transit,2014.0,Kepler,Published Confirmed,0,20.026231,1.73,,,,5127.0,0.79,0.83,693.86
Kepler-244 b,Kepler-244,1,3,Transit,2014.0,Kepler,Published Confirmed,0,4.311779906,2.83,,,,5273.0,0.79,0.82,1036.49
Kepler-244 c,Kepler-244,1,3,Transit,2014.0,Kepler,Published Confirmed,0,9.76734365,1.97,,,,5273.0,0.79,0.82,1036.49
Kepler-244 d,Kepler-244,1,3,Transit,2014.0,Kepler,Published Confirmed,0,20.051,2.32,15.2,,,,0.802,0.88,1036.49
Kepler-245 b,Kepler-245,1,4,Transit,2014.0,Kepler,Published Confirmed,0,7.49017229,2.71,,,,5174.0,0.8,0.86,861.527
Kepler-245 c,Kepler-245,1,4,Transit,2014.0,Kepler,Published Confirmed,0,17.46085263,2.36,,,,5174.0,0.8,0.86,861.527
Kepler-245 d,Kepler-245,1,4,Transit,2014.0,Kepler,Published Confirmed,0,36.276,3.31,21.6,,,,0.874,0.8,861.527
Kepler-245 e,Kepler-245,1,4,Transit,2016.0,Kepler,Published Confirmed,0,3.219821056,1.75,,,,5174.0,0.8,0.86,861.527
Kepler-246 b,Kepler-246,1,2,Transit,2014.0,Kepler,Published Confirmed,0,4.601816855,2.56,,,,5434.0,0.87,0.9,626.078
Kepler-246 c,Kepler-246,1,2,Transit,2014.0,Kepler,Published Confirmed,0,11.18714042,1.7,,,,5434.0,0.87,0.9,626.078
Kepler-247 b,Kepler-247,1,3,Transit,2014.0,Kepler,Published Confirmed,0,3.336125104,1.66,,,,5130.0,0.8,0.84,663.711
Kepler-247 c,Kepler-247,1,3,Transit,2014.0,Kepler,Published Confirmed,0,9.439460801,4.35,,,,5130.0,0.8,0.84,663.711
Kepler-247 d,Kepler-247,1,3,Transit,2014.0,Kepler,Published Confirmed,0,20.47735749,5.07,,,,5130.0,0.8,0.84,663.711
Kepler-248 b,Kepler-248,1,2,Transit,2014.0,Kepler,Published Confirmed,0,6.308203234,3.14,,,,5182.0,0.82,0.9,738.792
Kepler-248 c,Kepler-248,1,2,Transit,2014.0,Kepler,Published Confirmed,0,16.23946714,4.12,,,,5182.0,0.82,0.9,738.792
Kepler-249 b,Kepler-249,1,3,Transit,2014.0,Kepler,Published Confirmed,0,3.3065691,0.96,,562.0,M2 V,3568.0,0.42,0.44,190.401
Kepler-249 c,Kepler-249,1,3,Transit,2014.0,Kepler,Published Confirmed,0,7.11388016,1.28,,435.0,M2 V,3568.0,0.42,0.44,190.401
Kepler-249 d,Kepler-249,1,3,Transit,2014.0,Kepler,Published Confirmed,0,15.36812973,1.33,,336.0,M2 V,3568.0,0.42,0.44,190.401
Kepler-25 b,Kepler-25,2,3,Transit,2011.0,Kepler,Published Confirmed,0,6.2385347882,,8.74028119,,F8,6354.0,1.316,1.165,243.249
Kepler-25 c,Kepler-25,2,3,Transit,2011.0,Kepler,Published Confirmed,0,12.720370495,,15.2239807,,F8,6354.0,1.316,1.165,243.249
Kepler-25 d,Kepler-25,2,3,Radial Velocity,2014.0,W. M. Keck Observatory,Published Confirmed,0,122.4,,71.82921998,,F8,6354.0,1.316,1.165,243.249
Kepler-250 b,Kepler-250,1,3,Transit,2014.0,Kepler,Published Confirmed,0,4.14808732,1.12,,,,5097.0,0.79,0.83,760.585
Kepler-250 c,Kepler-250,1,3,Transit,2014.0,Kepler,Published Confirmed,0,7.15681773,2.41,,,,5097.0,0.79,0.83,760.585
Kepler-250 d,Kepler-250,1,3,Transit,2014.0,Kepler,Published Confirmed,0,17.64830992,2.24,,,,5097.0,0.79,0.83,760.585
Kepler-251 b,Kepler-251,1,4,Transit,2014.0,Kepler,Published Confirmed,0,4.79091735,1.49,,,,5622.0,0.91,0.95,924.625
Kepler-251 c,Kepler-251,1,4,Transit,2014.0,Kepler,Published Confirmed,0,16.5141282,3.08,,,,5622.0,0.91,0.95,924.625
Kepler-251 d,Kepler-251,1,4,Transit,2014.0,Kepler,Published Confirmed,0,30.1329303,3.58,,,,5622.0,0.91,0.95,924.625
Kepler-251 e,Kepler-251,1,4,Transit,2014.0,Kepler,Published Confirmed,0,99.6409653,3.27,,,,5622.0,0.91,0.95,924.625
Kepler-252 b,Kepler-252,1,2,Transit,2014.0,Kepler,Published Confirmed,0,6.66834872,1.37,,,,4542.0,0.66,0.7,379.424
Kepler-252 c,Kepler-252,1,2,Transit,2014.0,Kepler,Published Confirmed,0,10.84846973,2.4,,501.0,M0 V,4208.0,0.59,0.61,379.424
Kepler-253 b,Kepler-253,1,3,Transit,2014.0,Kepler,Published Confirmed,0,3.78403393,1.77,,,,5216.0,0.81,0.85,838.595
Kepler-253 c,Kepler-253,1,3,Transit,2014.0,Kepler,Published Confirmed,0,10.28192877,2.75,,,,5216.0,0.81,0.85,838.595
Kepler-253 d,Kepler-253,1,3,Transit,2014.0,Kepler,Published Confirmed,0,18.11989364,3.29,,,,5216.0,0.81,0.85,838.595
Kepler-254 b,Kepler-254,1,3,Transit,2014.0,Kepler,Published Confirmed,0,5.826659194,3.73,,,,5611.0,0.9,0.93,1389.48
Kepler-254 c,Kepler-254,1,3,Transit,2014.0,Kepler,Published Confirmed,0,12.412,2.09,3.2,,,,0.885,0.97,1389.48
Kepler-254 d,Kepler-254,1,3,Transit,2014.0,Kepler,Published Confirmed,0,18.74653971,2.65,,,,5611.0,0.9,0.93,1389.48
Kepler-255 b,Kepler-255,1,3,Transit,2014.0,Kepler,Published Confirmed,0,5.71462004,1.51,,,,5431.0,0.86,0.9,1052.53
Kepler-255 c,Kepler-255,1,3,Transit,2014.0,Kepler,Published Confirmed,0,9.94603603,2.92,,,,5431.0,0.86,0.9,1052.53
Kepler-255 d,Kepler-255,1,3,Transit,2016.0,Kepler,Published Confirmed,0,1.045622658,1.32,,,,5431.0,0.86,0.9,1052.53
Kepler-256 b,Kepler-256,1,4,Transit,2014.0,Kepler,Published Confirmed,0,1.620467836,1.6,,,,5607.0,1.14,0.97,1026.43
Kepler-256 c,Kepler-256,1,4,Transit,2014.0,Kepler,Published Confirmed,0,3.388011854,2.1,,,,5607.0,1.14,0.97,1026.43
Kepler-256 d,Kepler-256,1,4,Transit,2014.0,Kepler,Published Confirmed,0,5.83908991,2.0,,,,5607.0,1.14,0.97,1026.43
Kepler-256 e,Kepler-256,1,4,Transit,2014.0,Kepler,Published Confirmed,0,10.68167916,2.14,,,,5607.0,1.14,0.97,1026.43
Kepler-257 b,Kepler-257,1,3,Transit,2014.0,Kepler,Published Confirmed,0,2.382652169,2.22,,,,5209.0,0.81,0.85,780.256
Kepler-257 c,Kepler-257,1,3,Transit,2014.0,Kepler,Published Confirmed,0,6.581478842,3.99,,,,5209.0,0.81,0.85,780.256
Kepler-257 d,Kepler-257,1,3,Transit,2014.0,Kepler,Published Confirmed,0,24.66459711,4.69,,,,5209.0,0.81,0.85,780.256
Kepler-258 b,Kepler-258,1,2,Transit,2014.0,Kepler,Published Confirmed,0,13.19721496,3.59,,,,4951.0,0.77,0.82,575.988
Kepler-258 c,Kepler-258,1,2,Transit,2014.0,Kepler,Published Confirmed,0,33.6529701,3.17,,,,4951.0,0.77,0.82,575.988
Kepler-259 b,Kepler-259,1,2,Transit,2014.0,Kepler,Published Confirmed,0,8.11529219,2.76,,,,5578.0,0.9,0.93,1002.14
Kepler-259 c,Kepler-259,1,2,Transit,2014.0,Kepler,Published Confirmed,0,36.9249531,2.76,,,,5578.0,0.9,0.93,1002.14
Kepler-26 b,Kepler-26,1,4,Transit,2011.0,Kepler,Published Confirmed,0,12.28235626,2.83,,427.0,M0 V,3887.0,0.53,0.55,335.307
Kepler-26 c,Kepler-26,1,4,Transit,2011.0,Kepler,Published Confirmed,0,17.25204086,2.83,,381.0,M0 V,3887.0,0.53,0.55,335.307
Kepler-26 d,Kepler-26,1,4,Transit,2014.0,Kepler,Published Confirmed,0,3.54387093,0.98,,646.0,M0 V,3887.0,0.53,0.55,335.307
Kepler-26 e,Kepler-26,1,4,Transit,2014.0,Kepler,Published Confirmed,0,46.828,1.92,,,,3853.0,0.447,0.466,335.307
Kepler-260 b,Kepler-260,1,2,Transit,2014.0,Kepler,Published Confirmed,0,8.1874109,2.21,,,,5468.0,0.88,0.92,627.365
Kepler-260 c,Kepler-260,1,2,Transit,2014.0,Kepler,Published Confirmed,0,76.0510651,1.73,,,,5468.0,0.88,0.92,627.365
Kepler-261 b,Kepler-261,1,2,Transit,2014.0,Kepler,Published Confirmed,0,10.38123451,2.26,,,,5144.0,0.8,0.85,317.499
Kepler-261 c,Kepler-261,1,2,Transit,2014.0,Kepler,Published Confirmed,0,24.57081569,2.17,,,,5144.0,0.8,0.85,317.499
Kepler-262 b,Kepler-262,1,2,Transit,2014.0,Kepler,Published Confirmed,0,13.06076688,1.83,,,,5886.0,1.05,1.03,613.129
Kepler-262 c,Kepler-262,1,2,Transit,2014.0,Kepler,Published Confirmed,0,21.8536791,2.06,,,,5886.0,1.05,1.03,613.129
Kepler-263 b,Kepler-263,1,2,Transit,2014.0,Kepler,Published Confirmed,0,16.56805949,3.07,,,,5388.0,0.85,0.89,754.747
Kepler-263 c,Kepler-263,1,2,Transit,2014.0,Kepler,Published Confirmed,0,47.3330262,2.62,,,,5388.0,0.85,0.89,754.747
Kepler-264 b,Kepler-264,1,2,Transit,2014.0,Kepler,Published Confirmed,0,40.8068494,4.19,,,,6263.0,2.02,1.46,942.173
Kepler-264 c,Kepler-264,1,2,Transit,2014.0,Kepler,Published Confirmed,0,140.10394,3.59,,,,6263.0,2.02,1.46,942.173
Kepler-265 b,Kepler-265,1,4,Transit,2014.0,Kepler,Published Confirmed,0,6.84619299,1.67,,,,5883.0,1.03,0.98,1280.25
Kepler-265 c,Kepler-265,1,4,Transit,2014.0,Kepler,Published Confirmed,0,17.02902105,2.46,,,,5883.0,1.03,0.98,1280.25
Kepler-265 d,Kepler-265,1,4,Transit,2014.0,Kepler,Published Confirmed,0,43.1308082,2.23,,,,5883.0,1.03,0.98,1280.25
Kepler-265 e,Kepler-265,1,4,Transit,2014.0,Kepler,Published Confirmed,0,67.8318309,2.46,,,,5883.0,1.03,0.98,1280.25
Kepler-266 b,Kepler-266,1,2,Transit,2014.0,Kepler,Published Confirmed,0,6.61834191,2.21,,,,5516.0,0.88,0.91,1370.79
Kepler-266 c,Kepler-266,1,2,Transit,2014.0,Kepler,Published Confirmed,0,107.7215744,3.24,,,,5516.0,0.88,0.91,1370.79
Kepler-267 b,Kepler-267,1,3,Transit,2014.0,Kepler,Published Confirmed,0,3.35368204,1.79,,617.0,M1 V,3807.0,0.47,0.49,264.993
Kepler-267 c,Kepler-267,1,3,Transit,2014.0,Kepler,Published Confirmed,0,6.877449897,2.31,,,,3973.0,0.54,0.56,264.993
Kepler-267 d,Kepler-267,1,3,Transit,2014.0,Kepler,Published Confirmed,0,28.46462622,2.31,,,,3973.0,0.54,0.56,264.993
Kepler-268 b,Kepler-268,1,2,Transit,2014.0,Kepler,Published Confirmed,0,25.9340674,2.52,,,,6060.0,1.22,1.13,851.87
Kepler-268 c,Kepler-268,1,2,Transit,2014.0,Kepler,Published Confirmed,0,83.4463335,2.65,,,,6060.0,1.22,1.13,851.87
Kepler-269 b,Kepler-269,1,2,Transit,2014.0,Kepler,Published Confirmed,0,5.32670215,2.32,,,,5509.0,0.89,0.92,2257.32
Kepler-269 c,Kepler-269,1,2,Transit,2014.0,Kepler,Published Confirmed,0,8.12810877,1.58,,,,5509.0,0.89,0.92,2257.32
Kepler-27 b,Kepler-27,1,3,Transit,2011.0,Kepler,Published Confirmed,0,15.3348,4.0,2895.31,,,5400.0,0.59,0.65,1044.36
Kepler-27 c,Kepler-27,1,3,Transit,2011.0,Kepler,Published Confirmed,0,31.3309,4.9,4385.87,,,5400.0,0.59,0.65,1044.36
Kepler-27 d,Kepler-27,1,3,Transit,2021.0,Kepler,Published Confirmed,0,6.546289921,2.7061946,,,,5251.0,0.817,0.926,1044.36
Kepler-270 b,Kepler-270,1,2,Transit,2014.0,Kepler,Published Confirmed,0,11.4761013,1.92,,,,6127.0,1.35,1.17,948.781
Kepler-270 c,Kepler-270,1,2,Transit,2014.0,Kepler,Published Confirmed,0,25.2630268,1.62,,,,6127.0,1.35,1.17,948.781
Kepler-271 b,Kepler-271,1,3,Transit,2014.0,Kepler,Published Confirmed,0,10.43547805,1.23,,,,5555.0,0.87,0.9,404.542
Kepler-271 c,Kepler-271,1,3,Transit,2014.0,Kepler,Published Confirmed,0,7.41086267,0.95,,,,5555.0,0.87,0.9,404.542
Kepler-271 d,Kepler-271,1,3,Transit,2016.0,Kepler,Published Confirmed,0,5.24972541,0.66,,,,5555.0,0.87,0.9,404.542
Kepler-272 b,Kepler-272,1,3,Transit,2014.0,Kepler,Published Confirmed,0,2.9713641,1.46,,,,5605.0,0.95,0.97,889.608
Kepler-272 c,Kepler-272,1,3,Transit,2014.0,Kepler,Published Confirmed,0,6.057,1.63,97.8,,,,0.849,0.78,889.608
Kepler-272 d,Kepler-272,1,3,Transit,2014.0,Kepler,Published Confirmed,0,10.93730071,2.0,,,,5605.0,0.95,0.97,889.608
Kepler-273 b,Kepler-273,1,2,Transit,2014.0,Kepler,Published Confirmed,0,2.936526966,1.7,,,,5584.0,0.92,0.94,713.964
Kepler-273 c,Kepler-273,1,2,Transit,2014.0,Kepler,Published Confirmed,0,8.01494715,1.9,,,,5584.0,0.92,0.94,713.964
Kepler-274 b,Kepler-274,1,2,Transit,2014.0,Kepler,Published Confirmed,0,11.634864,1.92,,,,5954.0,1.1,1.08,1333.62
Kepler-274 c,Kepler-274,1,2,Transit,2014.0,Kepler,Published Confirmed,0,33.1981054,2.18,,,,5954.0,1.1,1.08,1333.62
Kepler-275 b,Kepler-275,1,3,Transit,2014.0,Kepler,Published Confirmed,0,10.30065512,2.25,,,,6193.0,1.28,1.16,2034.25
Kepler-275 c,Kepler-275,1,3,Transit,2014.0,Kepler,Published Confirmed,0,16.08831829,3.36,,,,6193.0,1.28,1.16,2034.25
Kepler-275 d,Kepler-275,1,3,Transit,2014.0,Kepler,Published Confirmed,0,35.6756963,3.1,,,,6193.0,1.28,1.16,2034.25
Kepler-276 b,Kepler-276,1,3,Transit,2014.0,Kepler,Published Confirmed,0,14.12846178,2.69,,,,5833.0,1.03,1.02,1144.86
Kepler-276 c,Kepler-276,1,3,Transit,2013.0,Kepler,Published Confirmed,0,31.884,2.9,16.6,,,,1.03,1.1,1144.86
Kepler-276 d,Kepler-276,1,3,Transit,2013.0,Kepler,Published Confirmed,0,48.648,2.8,16.3,,,,1.03,1.1,1144.86
Kepler-277 b,Kepler-277,1,2,Transit,2013.0,Kepler,Published Confirmed,0,17.32417247,2.73,,,,6061.0,1.57,1.21,976.643
Kepler-277 c,Kepler-277,1,2,Transit,2013.0,Kepler,Published Confirmed,0,33.0063025,2.64,,,,6061.0,1.57,1.21,976.643
Kepler-278 b,Kepler-278,1,2,Transit,2014.0,Kepler,Published Confirmed,0,30.1556,3.955,56.0,586.0,K2 III-IV,4965.0,2.861,1.227,443.03
Kepler-278 c,Kepler-278,1,2,Transit,2014.0,Kepler,Published Confirmed,0,51.111,3.268,34.9,492.0,K2 III-IV,4965.0,2.861,1.227,443.03
Kepler-279 b,Kepler-279,1,4,Transit,2014.0,Kepler,Published Confirmed,0,12.3097136,3.68,,,,6488.0,1.66,1.32,1037.4
Kepler-279 c,Kepler-279,1,4,Transit,2013.0,Kepler,Published Confirmed,0,35.7355719,5.61,,,,6488.0,1.66,1.32,1037.4
Kepler-279 d,Kepler-279,1,4,Transit,2013.0,Kepler,Published Confirmed,0,54.414,3.1,37.5,,,,1.07,1.1,1037.4
Kepler-279 e,Kepler-279,1,4,Transit,2025.0,Kepler,Published Confirmed,0,98.3531,,56.0,,,,1.43,1.164,1037.4
Kepler-28 b,Kepler-28,1,2,Transit,2011.0,Kepler,Published Confirmed,0,5.91212988,1.86,,583.0,M0 V,4072.0,0.57,0.59,438.359
Kepler-28 c,Kepler-28,1,2,Transit,2011.0,Kepler,Published Confirmed,0,8.98596954,1.73,,507.0,M0 V,4072.0,0.57,0.59,438.359
Kepler-280 b,Kepler-280,1,2,Transit,2014.0,Kepler,Published Confirmed,0,2.139556503,1.52,,,,5657.0,0.93,0.96,780.361
Kepler-280 c,Kepler-280,1,2,Transit,2014.0,Kepler,Published Confirmed,0,4.807099588,2.04,,,,5657.0,0.93,0.96,780.361
Kepler-281 b,Kepler-281,1,3,Transit,2014.0,Kepler,Published Confirmed,0,14.64627064,2.41,,,,5623.0,0.93,0.95,1745.45
Kepler-281 c,Kepler-281,1,3,Transit,2014.0,Kepler,Published Confirmed,0,36.33730238,5.67,,,,5623.0,0.93,0.95,1745.45
Kepler-281 d,Kepler-281,1,3,Transit,2021.0,Kepler,Published Confirmed,0,148.2720032,5.93747806,,,,5717.0,0.884,0.984,1745.45
Kepler-282 b,Kepler-282,1,4,Transit,2014.0,Kepler,Published Confirmed,0,9.2206889,1.07,,,,5699.0,0.89,0.9,1337.61
Kepler-282 c,Kepler-282,1,4,Transit,2014.0,Kepler,Published Confirmed,0,13.639525,1.26,,,,5699.0,0.89,0.9,1337.61
Kepler-282 d,Kepler-282,1,4,Transit,2013.0,Kepler,Published Confirmed,0,24.80568031,2.33,,,,5699.0,0.89,0.9,1337.61
Kepler-282 e,Kepler-282,1,4,Transit,2013.0,Kepler,Published Confirmed,0,44.347,3.1,56.2,,,,0.89,0.97,1337.61
Kepler-283 b,Kepler-283,1,2,Transit,2014.0,Kepler,Published Confirmed,0,11.00823021,3.44,,651.0,,5189.0,0.72,0.76,468.094
Kepler-283 c,Kepler-283,1,2,Transit,2014.0,Kepler,Published Confirmed,0,92.749023,32.3,,,,4251.0,0.6,0.63,468.094
Kepler-284 b,Kepler-284,1,2,Transit,2014.0,Kepler,Published Confirmed,0,12.69902995,2.57,,,,5487.0,0.87,0.91,1031.95
Kepler-284 c,Kepler-284,1,2,Transit,2014.0,Kepler,Published Confirmed,0,37.5140693,2.95,,,,5487.0,0.87,0.91,1031.95
Kepler-285 b,Kepler-285,1,2,Transit,2014.0,Kepler,Published Confirmed,0,2.633857233,1.41,,,,5300.0,0.81,0.85,824.31
Kepler-285 c,Kepler-285,1,2,Transit,2014.0,Kepler,Published Confirmed,0,6.18666218,1.15,,,,5300.0,0.81,0.85,824.31
Kepler-286 b,Kepler-286,1,4,Transit,2014.0,Kepler,Published Confirmed,0,1.796324389,1.39,,,,5742.0,0.91,0.96,1226.85
Kepler-286 c,Kepler-286,1,4,Transit,2014.0,Kepler,Published Confirmed,0,3.46808239,1.49,,,,5742.0,0.91,0.96,1226.85
Kepler-286 d,Kepler-286,1,4,Transit,2014.0,Kepler,Published Confirmed,0,5.91428767,1.49,,,,5742.0,0.91,0.96,1226.85
Kepler-286 e,Kepler-286,1,4,Transit,2014.0,Kepler,Published Confirmed,0,29.2215101,1.79,,,,5742.0,0.91,0.96,1226.85
Kepler-287 b,Kepler-287,1,2,Transit,2014.0,Kepler,Published Confirmed,0,20.34234237,2.27,,,,5648.0,0.95,0.97,835.86
Kepler-287 c,Kepler-287,1,2,Transit,2014.0,Kepler,Published Confirmed,0,44.8521071,3.3,,,,5648.0,0.95,0.97,835.86
Kepler-288 b,Kepler-288,1,3,Transit,2014.0,Kepler,Published Confirmed,0,6.09750607,1.57,,,,5837.0,1.02,1.03,1194.15
Kepler-288 c,Kepler-288,1,3,Transit,2014.0,Kepler,Published Confirmed,0,19.30577159,2.91,,,,5837.0,1.02,1.03,1194.15
Kepler-288 d,Kepler-288,1,3,Transit,2014.0,Kepler,Published Confirmed,0,56.6388791,3.53,,,,5837.0,1.02,1.03,1194.15
Kepler-289 b,Kepler-289,1,4,Transit,2014.0,Kepler,Published Confirmed,0,34.545,2.15,7.3,,,5990.0,1.0,1.08,704.438
Kepler-289 c,Kepler-289,1,4,Transit,2014.0,Kepler,Published Confirmed,0,125.8518,11.59,132.0,,,5990.0,1.0,1.08,704.438
Kepler-289 d,Kepler-289,1,4,Transit,2014.0,Kepler,Published Confirmed,0,66.0282,3.03,5.33,,,5990.0,1.0,1.08,704.438
Kepler-289 e,Kepler-289,1,4,Transit,2025.0,Kepler,Published Confirmed,0,330.0716,,17.4,,,,0.985,1.061,704.438
Kepler-29 b,Kepler-29,1,2,Transit,2011.0,Kepler,Published Confirmed,0,10.3384,3.35,4.51,,,5701.0,0.932,0.979,832.532
Kepler-29 c,Kepler-29,1,2,Transit,2011.0,Kepler,Published Confirmed,0,13.2907,2.9,95.3,,,5750.0,0.96,1.0,832.532
Kepler-290 b,Kepler-290,1,3,Transit,2014.0,Kepler,Published Confirmed,0,14.58932462,2.12,,,,4958.0,0.75,0.79,694.627
Kepler-290 c,Kepler-290,1,3,Transit,2014.0,Kepler,Published Confirmed,0,36.7704731,3.35,,,,4958.0,0.75,0.79,694.627
Kepler-290 d,Kepler-290,1,3,Transit,2023.0,Kepler,Published Confirmed,0,0.764007986,0.89029998,,,,5142.0,0.755,0.84,694.627
Kepler-291 b,Kepler-291,1,2,Transit,2014.0,Kepler,Published Confirmed,0,3.54653414,1.9,,,,5536.0,0.87,0.9,1786.48
Kepler-291 c,Kepler-291,1,2,Transit,2014.0,Kepler,Published Confirmed,0,5.70071153,1.71,,,,5536.0,0.87,0.9,1786.48
Kepler-292 b,Kepler-292,1,5,Transit,2014.0,Kepler,Published Confirmed,0,2.58082149,1.41,,,,5282.0,0.81,0.85,1056.48
Kepler-292 c,Kepler-292,1,5,Transit,2014.0,Kepler,Published Confirmed,0,3.71545391,1.59,,,,5282.0,0.81,0.85,1056.48
Kepler-292 d,Kepler-292,1,5,Transit,2014.0,Kepler,Published Confirmed,0,7.0556671,2.3,,,,5282.0,0.81,0.85,1056.48
Kepler-292 e,Kepler-292,1,5,Transit,2014.0,Kepler,Published Confirmed,0,11.978822,2.56,,,,5282.0,0.81,0.85,1056.48
Kepler-292 f,Kepler-292,1,5,Transit,2014.0,Kepler,Published Confirmed,0,20.8342947,2.57,,,,5282.0,0.81,0.85,1056.48
Kepler-293 b,Kepler-293,1,2,Transit,2014.0,Kepler,Published Confirmed,0,19.25405306,2.89,,,,5547.0,0.92,0.94,974.633
Kepler-293 c,Kepler-293,1,2,Transit,2014.0,Kepler,Published Confirmed,0,54.1561078,3.69,,,,5547.0,0.92,0.94,974.633
Kepler-294 b,Kepler-294,1,2,Transit,2014.0,Kepler,Published Confirmed,0,3.70120482,1.73,,,,5559.0,0.93,0.95,1357.01
Kepler-294 c,Kepler-294,1,2,Transit,2014.0,Kepler,Published Confirmed,0,6.62643626,2.73,,,,5559.0,0.93,0.95,1357.01
Kepler-295 b,Kepler-295,1,3,Transit,2014.0,Kepler,Published Confirmed,0,12.6450451,1.4,,,,5411.0,0.86,0.89,1699.19
Kepler-295 c,Kepler-295,1,3,Transit,2014.0,Kepler,Published Confirmed,0,21.5262569,1.12,,,,5411.0,0.86,0.89,1699.19
Kepler-295 d,Kepler-295,1,3,Transit,2014.0,Kepler,Published Confirmed,0,33.88489343,1.4,,,,5411.0,0.86,0.89,1699.19
Kepler-296 b,Kepler-296,2,5,Transit,2014.0,Kepler,Published Confirmed,0,3.621387,1.01,,515.0,M2 V,3517.0,0.37,0.38,
Kepler-296 c,Kepler-296,2,5,Transit,2014.0,Kepler,Published Confirmed,0,5.84161806,1.53,,439.0,M2 V,3517.0,0.37,0.38,
Kepler-296 d,Kepler-296,2,5,Transit,2014.0,Kepler,Published Confirmed,0,19.85037041,1.45,,292.0,M2 V,3517.0,0.37,0.38,
Kepler-296 e,Kepler-296,2,5,Transit,2014.0,Kepler,Published Confirmed,0,34.14211,1.53,,,,3740.0,0.48,0.498,
Kepler-296 f,Kepler-296,2,5,Transit,2014.0,Kepler,Published Confirmed,0,63.336,1.75,,,,3572.0,0.426,0.454,
Kepler-297 b,Kepler-297,1,3,Transit,2014.0,Kepler,Published Confirmed,0,38.86840425,3.01,,,,5801.0,0.95,0.98,692.14
Kepler-297 c,Kepler-297,1,3,Transit,2014.0,Kepler,Published Confirmed,0,74.92771752,6.86,,,,5801.0,0.95,0.98,692.14
Kepler-297 d,Kepler-297,1,3,Transit,2023.0,Kepler,Published Confirmed,0,150.0209961,7.11899996,,,,5618.0,0.897,0.846,692.14
Kepler-298 b,Kepler-298,1,3,Transit,2014.0,Kepler,Published Confirmed,0,10.47548192,2.2,,,,4612.0,0.65,0.69,518.204
Kepler-298 c,Kepler-298,1,3,Transit,2014.0,Kepler,Published Confirmed,0,22.92884482,2.27,,,,4612.0,0.65,0.69,518.204
Kepler-298 d,Kepler-298,1,3,Transit,2014.0,Kepler,Published Confirmed,0,77.4740724,2.91,,,,4612.0,0.65,0.69,518.204
Kepler-299 b,Kepler-299,1,4,Transit,2014.0,Kepler,Published Confirmed,0,2.92721559,1.25,,,,5650.0,0.96,0.95,1052.24
Kepler-299 c,Kepler-299,1,4,Transit,2014.0,Kepler,Published Confirmed,0,6.88595559,2.1,,,,5650.0,0.96,0.95,1052.24
Kepler-299 d,Kepler-299,1,4,Transit,2014.0,Kepler,Published Confirmed,0,15.0548689,1.79,,,,5650.0,0.96,0.95,1052.24
Kepler-299 e,Kepler-299,1,4,Transit,2014.0,Kepler,Published Confirmed,0,38.2856338,1.78,,,,5650.0,0.96,0.95,1052.24
Kepler-30 b,Kepler-30,1,3,Transit,2012.0,Kepler,Published Confirmed,0,29.33434,3.9,11.3,,,5498.0,0.95,0.99,914.221
Kepler-30 c,Kepler-30,1,3,Transit,2012.0,Kepler,Published Confirmed,0,60.323105,12.3,640.0,,,5498.0,0.95,0.99,914.221
Kepler-30 d,Kepler-30,1,3,Transit,2012.0,Kepler,Published Confirmed,0,143.213,10.6,5403.11,,,5498.0,0.95,0.99,914.221
Kepler-300 b,Kepler-300,1,2,Transit,2014.0,Kepler,Published Confirmed,0,10.44636649,2.43,,,,5965.0,1.1,1.07,1098.45
Kepler-300 c,Kepler-300,1,2,Transit,2014.0,Kepler,Published Confirmed,0,40.7151103,2.65,,,,5965.0,1.1,1.07,1098.45
Kepler-301 b,Kepler-301,1,3,Transit,2014.0,Kepler,Published Confirmed,0,2.508554095,1.47,,,,5717.0,0.96,0.98,719.166
Kepler-301 c,Kepler-301,1,3,Transit,2014.0,Kepler,Published Confirmed,0,5.41907559,1.48,,,,5717.0,0.96,0.98,719.166
Kepler-301 d,Kepler-301,1,3,Transit,2014.0,Kepler,Published Confirmed,0,13.75134642,2.11,,,,5717.0,0.96,0.98,719.166
Kepler-302 b,Kepler-302,1,2,Transit,2014.0,Kepler,Published Confirmed,0,30.1836854,3.62,,,,5781.0,1.11,1.02,1402.58
Kepler-302 c,Kepler-302,1,2,Transit,2014.0,Kepler,Published Confirmed,0,127.2824031,11.75,,,,5781.0,1.11,1.02,1402.58
Kepler-303 b,Kepler-303,1,2,Transit,2014.0,Kepler,Published Confirmed,0,1.937029,0.99,,790.0,M0 V,3944.0,0.51,0.52,209.738
Kepler-303 c,Kepler-303,1,2,Transit,2014.0,Kepler,Published Confirmed,0,7.06117359,1.16,,,,4070.0,0.51,0.52,209.738
Kepler-304 b,Kepler-304,1,4,Transit,2014.0,Kepler,Published Confirmed,0,3.295703644,3.12,,,,4817.0,0.73,0.8,434.684
Kepler-304 c,Kepler-304,1,4,Transit,2014.0,Kepler,Published Confirmed,0,5.315953474,2.32,,,,4817.0,0.73,0.8,434.684
Kepler-304 d,Kepler-304,1,4,Transit,2014.0,Kepler,Published Confirmed,0,9.6534764,2.64,,,,4817.0,0.73,0.8,434.684
Kepler-304 e,Kepler-304,1,4,Transit,2016.0,Kepler,Published Confirmed,0,1.499146953,1.2,,,,4817.0,0.73,0.8,434.684
Kepler-305 b,Kepler-305,1,4,Transit,2013.0,Kepler,Published Confirmed,0,5.48711079,3.45,,,,5117.0,0.79,0.85,868.477
Kepler-305 c,Kepler-305,1,4,Transit,2013.0,Kepler,Published Confirmed,0,8.29,2.495,,,,5090.0,0.792,0.827,868.477
Kepler-305 d,Kepler-305,1,4,Transit,2014.0,Kepler,Published Confirmed,0,16.74,2.76,6.2,,,5090.0,0.792,0.827,868.477
Kepler-305 e,Kepler-305,1,4,Transit,2020.0,Kepler,Published Confirmed,0,3.20538,1.7938153,,,,4974.0,0.827279,0.82,868.477
Kepler-306 b,Kepler-306,1,4,Transit,2014.0,Kepler,Published Confirmed,0,4.64621076,1.62,,,,5011.0,0.74,0.81,775.679
Kepler-306 c,Kepler-306,1,4,Transit,2014.0,Kepler,Published Confirmed,0,7.2402285,2.27,,,,5011.0,0.74,0.81,775.679
Kepler-306 d,Kepler-306,1,4,Transit,2014.0,Kepler,Published Confirmed,0,17.32668599,2.27,,,,5011.0,0.74,0.81,775.679
Kepler-306 e,Kepler-306,1,4,Transit,2014.0,Kepler,Published Confirmed,0,44.8412214,2.35,,,,5011.0,0.74,0.81,775.679
Kepler-307 b,Kepler-307,1,2,Transit,2013.0,Kepler,Published Confirmed,0,10.4208,2.43,7.44,,,5367.0,0.814,0.907,575.581
Kepler-307 c,Kepler-307,1,2,Transit,2013.0,Kepler,Published Confirmed,0,13.0729,2.2,3.64,,,5367.0,0.814,0.907,575.581
Kepler-308 b,Kepler-308,1,2,Transit,2014.0,Kepler,Published Confirmed,0,9.69502544,2.13,,,,5532.0,0.89,0.92,1335.92
Kepler-308 c,Kepler-308,1,2,Transit,2014.0,Kepler,Published Confirmed,0,15.3825006,2.15,,,,5532.0,0.89,0.92,1335.92
Kepler-309 b,Kepler-309,1,2,Transit,2014.0,Kepler,Published Confirmed,0,5.9236002,1.12,,529.0,M0 V,3880.0,0.49,0.51,544.568
Kepler-309 c,Kepler-309,1,2,Transit,2014.0,Kepler,Published Confirmed,0,105.35510254,1.71,,202.0,M0 V,3880.0,0.49,0.51,544.568
Kepler-31 b,Kepler-31,1,3,Transit,2011.0,Kepler,Published Confirmed,0,20.8613,5.5,,,,6340.0,1.22,1.21,1664.64
Kepler-31 c,Kepler-31,1,3,Transit,2011.0,Kepler,Published Confirmed,0,42.6318,5.3,1493.7,,,6340.0,1.22,1.21,1664.64
Kepler-31 d,Kepler-31,1,3,Transit,2014.0,Kepler,Published Confirmed,0,87.6451,3.9,2161.244,,,6340.0,1.22,1.21,1664.64
Kepler-310 b,Kepler-310,1,3,Transit,2014.0,Kepler,Published Confirmed,0,13.93072278,1.25,,,,5551.0,0.88,0.91,602.268
Kepler-310 c,Kepler-310,1,3,Transit,2014.0,Kepler,Published Confirmed,0,56.476167,3.46,,,,5551.0,0.88,0.91,602.268
Kepler-310 d,Kepler-310,1,3,Transit,2014.0,Kepler,Published Confirmed,0,92.8750347,2.5,,,,5551.0,0.88,0.91,602.268
Kepler-311 b,Kepler-311,1,3,Transit,2014.0,Kepler,Published Confirmed,0,9.17613539,1.6,,,,6009.0,1.13,1.08,778.654
Kepler-311 c,Kepler-311,1,3,Transit,2014.0,Kepler,Published Confirmed,0,19.7383913,1.48,,,,6009.0,1.13,1.08,778.654
Kepler-311 d,Kepler-311,1,3,Transit,2023.0,Kepler,Published Confirmed,0,232.0469971,2.07299995,,,,5903.0,1.156,0.974,778.654
Kepler-312 b,Kepler-312,1,2,Transit,2014.0,Kepler,Published Confirmed,0,1.77244975,1.04,,,,6223.0,1.19,1.2,797.72
Kepler-312 c,Kepler-312,1,2,Transit,2014.0,Kepler,Published Confirmed,0,19.74732846,2.6,,,,6223.0,1.19,1.2,797.72
Kepler-313 b,Kepler-313,1,2,Transit,2014.0,Kepler,Published Confirmed,0,14.9702081,2.43,,,,5804.0,1.39,1.08,
Kepler-313 c,Kepler-313,1,2,Transit,2014.0,Kepler,Published Confirmed,0,32.2752118,2.27,,,,5804.0,1.39,1.08,
Kepler-314 b,Kepler-314,1,2,Transit,2014.0,Kepler,Published Confirmed,0,2.46106655,0.76,,,,5421.0,0.87,0.95,268.881
Kepler-314 c,Kepler-314,1,2,Transit,2014.0,Kepler,Published Confirmed,0,5.96040108,2.75,,,,5421.0,0.87,0.95,268.881
Kepler-315 b,Kepler-315,1,2,Transit,2014.0,Kepler,Published Confirmed,0,96.105471,4.47,,,,5842.0,1.0,0.98,1160.63
Kepler-315 c,Kepler-315,1,2,Transit,2014.0,Kepler,Published Confirmed,0,265.467621,4.24,,,,5842.0,1.0,0.98,1160.63
Kepler-316 b,Kepler-316,1,2,Transit,2014.0,Kepler,Published Confirmed,0,2.240486391,1.3,,,,4268.0,0.6,0.62,384.938
Kepler-316 c,Kepler-316,1,2,Transit,2014.0,Kepler,Published Confirmed,0,6.8277839,1.43,,,,4268.0,0.6,0.62,384.938
Kepler-317 b,Kepler-317,1,2,Transit,2014.0,Kepler,Published Confirmed,0,5.52417517,2.4,,,,5805.0,1.05,1.04,940.584
Kepler-317 c,Kepler-317,1,2,Transit,2014.0,Kepler,Published Confirmed,0,8.77508519,2.04,,,,5805.0,1.05,1.04,940.584
Kepler-318 b,Kepler-318,1,2,Transit,2014.0,Kepler,Published Confirmed,0,4.662719058,3.8,,,,5708.0,0.94,1.02,489.141
Kepler-318 c,Kepler-318,1,2,Transit,2014.0,Kepler,Published Confirmed,0,11.8150013,2.98,,,,5708.0,0.94,1.02,489.141
Kepler-319 b,Kepler-319,1,3,Transit,2014.0,Kepler,Published Confirmed,0,4.362744362,1.69,,,,5613.0,0.92,0.96,503.436
Kepler-319 c,Kepler-319,1,3,Transit,2014.0,Kepler,Published Confirmed,0,6.941359624,2.69,,,,5613.0,0.92,0.96,503.436
Kepler-319 d,Kepler-319,1,3,Transit,2014.0,Kepler,Published Confirmed,0,31.78209253,2.29,,,,5613.0,0.92,0.96,503.436
Kepler-32 b,Kepler-32,1,5,Transit,2011.0,Kepler,Published Confirmed,0,5.90125513,2.02,,512.0,M1 V,3727.0,0.5,0.52,323.847
Kepler-32 c,Kepler-32,1,5,Transit,2011.0,Kepler,Published Confirmed,0,8.75245953,2.08,,449.0,M1 V,3727.0,0.5,0.52,323.847
Kepler-32 d,Kepler-32,1,5,Transit,2012.0,Kepler,Published Confirmed,0,22.78033066,2.18,,326.0,M1 V,3727.0,0.5,0.52,323.847
Kepler-32 e,Kepler-32,1,5,Transit,2012.0,Kepler,Published Confirmed,0,2.896029,1.04,,650.0,M1 V,3727.0,0.5,0.52,323.847
Kepler-32 f,Kepler-32,1,5,Transit,2012.0,Kepler,Published Confirmed,0,0.74296,0.81,,1100.0,M1 V,3793.0,0.53,0.54,323.847
Kepler-320 b,Kepler-320,1,2,Transit,2014.0,Kepler,Published Confirmed,0,8.37160502,1.5,,,,6453.0,1.53,1.33,826.613
Kepler-320 c,Kepler-320,1,2,Transit,2014.0,Kepler,Published Confirmed,0,17.9346563,1.97,,,,6453.0,1.53,1.33,826.613
Kepler-321 b,Kepler-321,1,2,Transit,2014.0,Kepler,Published Confirmed,0,4.915387067,1.59,,,,5780.0,0.97,1.03,384.542
Kepler-321 c,Kepler-321,1,2,Transit,2014.0,Kepler,Published Confirmed,0,13.0939051,2.01,,,,5780.0,0.97,1.03,384.542
Kepler-322 b,Kepler-322,1,2,Transit,2014.0,Kepler,Published Confirmed,0,1.653893465,1.05,,,,5436.0,0.88,0.92,400.48
Kepler-322 c,Kepler-322,1,2,Transit,2014.0,Kepler,Published Confirmed,0,4.337224039,1.72,,,,5436.0,0.88,0.92,400.48
Kepler-323 b,Kepler-323,1,2,Transit,2014.0,Kepler,Published Confirmed,0,1.678328,1.381,3.9,1838.0,,6004.0,1.12,1.015,454.883
Kepler-323 c,Kepler-323,1,2,Transit,2014.0,Kepler,Published Confirmed,0,3.5538229,1.57,6.8,1431.0,,6004.0,1.12,1.015,454.883
Kepler-324 b,Kepler-324,1,4,Transit,2014.0,Kepler,Published Confirmed,0,4.38536461,1.17,,,,5255.0,0.83,0.87,501.574
Kepler-324 c,Kepler-324,1,4,Transit,2014.0,Kepler,Published Confirmed,0,51.8096695,3.34,,,,5255.0,0.83,0.87,501.574
Kepler-324 e,Kepler-324,1,4,Transit,2021.0,Kepler,Published Confirmed,0,13.97939968,2.03862444,,,,5191.0,0.826,0.844,501.574
Kepler-325 b,Kepler-325,1,3,Transit,2014.0,Kepler,Published Confirmed,0,4.544437773,2.6,,,,5535.0,0.88,0.91,823.242
Kepler-325 c,Kepler-325,1,3,Transit,2014.0,Kepler,Published Confirmed,0,12.76224947,2.97,,,,5535.0,0.88,0.91,823.242
Kepler-325 d,Kepler-325,1,3,Transit,2014.0,Kepler,Published Confirmed,0,38.7146833,2.69,,,,5535.0,0.88,0.91,823.242
Kepler-326 b,Kepler-326,1,3,Transit,2014.0,Kepler,Published Confirmed,0,2.248288538,1.31,,,,5148.0,0.8,0.85,487.675
Kepler-326 c,Kepler-326,1,3,Transit,2014.0,Kepler,Published Confirmed,0,4.58,2.79,17.4,,,,1.593,0.93,487.675
Kepler-326 d,Kepler-326,1,3,Transit,2014.0,Kepler,Published Confirmed,0,6.76689811,1.22,,,,5148.0,0.8,0.85,487.675
Kepler-327 b,Kepler-327,1,3,Transit,2014.0,Kepler,Published Confirmed,0,2.55,1.2,,,,3799.0,0.492,0.499,241.987
Kepler-327 c,Kepler-327,1,3,Transit,2014.0,Kepler,Published Confirmed,0,5.212,1.07,,,,3799.0,0.492,0.499,241.987
Kepler-327 d,Kepler-327,1,3,Transit,2014.0,Kepler,Published Confirmed,0,13.96935372,1.81,,,,3864.0,0.604708,0.591913,241.987
Kepler-328 b,Kepler-328,1,2,Transit,2013.0,Kepler,Published Confirmed,0,34.921,2.3,28.5,,,,1.06,1.15,2213.19
Kepler-328 c,Kepler-328,1,2,Transit,2013.0,Kepler,Published Confirmed,0,71.3116583,6.65,,,,6299.0,1.36,1.24,2213.19
Kepler-329 b,Kepler-329,1,2,Transit,2014.0,Kepler,Published Confirmed,0,7.41634311,1.46,,,,4221.0,0.56,0.57,439.719
Kepler-329 c,Kepler-329,1,2,Transit,2014.0,Kepler,Published Confirmed,0,18.6848057,2.25,,,,4221.0,0.56,0.57,439.719
Kepler-33 b,Kepler-33,1,5,Transit,2011.0,Kepler,Published Confirmed,0,5.66815436,1.32,,,,6018.0,1.52,1.18,1209.16
Kepler-33 c,Kepler-33,1,5,Transit,2011.0,Kepler,Published Confirmed,0,13.17562,3.2,,,,5904.0,1.82,1.291,1209.16
Kepler-33 d,Kepler-33,1,5,Transit,2011.0,Kepler,Published Confirmed,0,21.77596,5.35,,,,5904.0,1.82,1.291,1209.16
Kepler-33 e,Kepler-33,1,5,Transit,2011.0,Kepler,Published Confirmed,0,31.784,3.53,5.57,,,,1.69,1.1,1209.16
Kepler-33 f,Kepler-33,1,5,Transit,2011.0,Kepler,Published Confirmed,0,41.028,4.15,25.2,,,,1.694,1.1,1209.16
Kepler-330 b,Kepler-330,1,2,Transit,2014.0,Kepler,Published Confirmed,0,8.25981532,1.32,,,,5033.0,0.76,0.79,717.527
Kepler-330 c,Kepler-330,1,2,Transit,2014.0,Kepler,Published Confirmed,0,15.95545002,2.23,,,,5033.0,0.76,0.79,717.527
Kepler-331 b,Kepler-331,1,3,Transit,2014.0,Kepler,Published Confirmed,0,8.45747483,2.67,,,,4631.0,0.7,0.74,580.119
Kepler-331 c,Kepler-331,1,3,Transit,2014.0,Kepler,Published Confirmed,0,17.2811521,2.76,,,,4631.0,0.7,0.74,580.119
Kepler-331 d,Kepler-331,1,3,Transit,2014.0,Kepler,Published Confirmed,0,32.1340737,2.6,,,,4631.0,0.7,0.74,580.119
Kepler-332 b,Kepler-332,1,3,Transit,2014.0,Kepler,Published Confirmed,0,7.62634063,1.21,,,,5008.0,0.74,0.8,344.19
Kepler-332 c,Kepler-332,1,3,Transit,2014.0,Kepler,Published Confirmed,0,15.9956114,1.13,,,,5008.0,0.74,0.8,344.19
Kepler-332 d,Kepler-332,1,3,Transit,2014.0,Kepler,Published Confirmed,0,34.2113054,1.21,,,,5008.0,0.74,0.8,344.19
Kepler-333 b,Kepler-333,2,2,Transit,2014.0,Kepler,Published Confirmed,0,12.55109333,1.57,,,,4347.0,0.63,0.66,324.413
Kepler-333 c,Kepler-333,2,2,Transit,2014.0,Kepler,Published Confirmed,0,24.0882568,1.3,,,,4347.0,0.63,0.66,324.413
Kepler-334 b,Kepler-334,1,3,Transit,2014.0,Kepler,Published Confirmed,0,5.47033694,1.09,,,,5958.0,1.11,1.07,426.59
Kepler-334 c,Kepler-334,1,3,Transit,2014.0,Kepler,Published Confirmed,0,12.75802811,1.58,,,,5958.0,1.11,1.07,426.59
Kepler-334 d,Kepler-334,1,3,Transit,2014.0,Kepler,Published Confirmed,0,25.09852783,1.58,,,,5958.0,1.11,1.07,426.59
Kepler-335 b,Kepler-335,1,2,Transit,2014.0,Kepler,Published Confirmed,0,6.56225728,3.11,,,,5932.0,1.68,1.23,1278.97
Kepler-335 c,Kepler-335,1,2,Transit,2014.0,Kepler,Published Confirmed,0,67.8450771,2.7,,,,5932.0,1.68,1.23,1278.97
Kepler-336 b,Kepler-336,1,3,Transit,2014.0,Kepler,Published Confirmed,0,2.024820339,1.06,,,,5911.0,1.21,1.09,768.86
Kepler-336 c,Kepler-336,1,3,Transit,2014.0,Kepler,Published Confirmed,0,9.59993139,1.99,,,,5911.0,1.21,1.09,768.86
Kepler-336 d,Kepler-336,1,3,Transit,2014.0,Kepler,Published Confirmed,0,20.67879355,2.38,,,,5911.0,1.21,1.09,768.86
Kepler-337 b,Kepler-337,1,2,Transit,2014.0,Kepler,Published Confirmed,0,3.29276965,1.16,,,,5763.0,1.38,1.05,677.975
Kepler-337 c,Kepler-337,1,2,Transit,2014.0,Kepler,Published Confirmed,0,9.69315566,1.65,,,,5763.0,1.38,1.05,677.975
Kepler-338 b,Kepler-338,1,4,Transit,2014.0,Kepler,Published Confirmed,0,13.72699,2.58,,,,5860.88,1.90361,1.06,552.798
Kepler-338 c,Kepler-338,1,4,Transit,2014.0,Kepler,Published Confirmed,0,24.3111399,2.53,,,,5999.0,1.78,1.2,552.798
Kepler-338 d,Kepler-338,1,4,Transit,2014.0,Kepler,Published Confirmed,0,44.4301361,2.92,,,,5999.0,1.78,1.2,552.798
Kepler-338 e,Kepler-338,1,4,Transit Timing Variations,2014.0,Kepler,Published Confirmed,0,9.34149,1.587,,,,5860.88,1.90361,1.06,552.798
Kepler-339 b,Kepler-339,1,3,Transit,2014.0,Kepler,Published Confirmed,0,4.97761996,1.68,,,,5571.0,0.9,0.93,616.637
Kepler-339 c,Kepler-339,1,3,Transit,2014.0,Kepler,Published Confirmed,0,6.98803345,1.29,,,,5571.0,0.9,0.93,616.637
Kepler-339 d,Kepler-339,1,3,Transit,2014.0,Kepler,Published Confirmed,0,10.558,1.18,14.7,,,,0.808,0.88,616.637
Kepler-34 b,Kepler-34,2,1,Transit,2011.0,Kepler,Published Confirmed,0,288.822,8.564,69.92,,,5913.0,1.1618,1.0479,1800.82
Kepler-340 b,Kepler-340,1,2,Transit,2014.0,Kepler,Published Confirmed,0,14.8444163,2.94,,,,7115.0,2.08,1.65,808.762
Kepler-340 c,Kepler-340,1,2,Transit,2014.0,Kepler,Published Confirmed,0,22.8245485,3.63,,,,7115.0,2.08,1.65,808.762
Kepler-341 b,Kepler-341,1,4,Transit,2014.0,Kepler,Published Confirmed,0,5.19556758,1.08,,,,5755.0,0.99,1.0,1047.03
Kepler-341 c,Kepler-341,1,4,Transit,2014.0,Kepler,Published Confirmed,0,8.01041305,1.73,,,,5755.0,0.99,1.0,1047.03
Kepler-341 d,Kepler-341,1,4,Transit,2014.0,Kepler,Published Confirmed,0,27.6665971,1.95,,,,5755.0,0.99,1.0,1047.03
Kepler-341 e,Kepler-341,1,4,Transit,2014.0,Kepler,Published Confirmed,0,42.4730575,2.36,,,,5755.0,0.99,1.0,1047.03
Kepler-342 b,Kepler-342,1,4,Transit,2014.0,Kepler,Published Confirmed,0,15.17026179,2.05,,,,6366.0,1.34,1.26,781.611
Kepler-342 c,Kepler-342,1,4,Transit,2014.0,Kepler,Published Confirmed,0,26.2348478,1.76,,,,6366.0,1.34,1.26,781.611
Kepler-342 d,Kepler-342,1,4,Transit,2014.0,Kepler,Published Confirmed,0,39.4571522,2.65,,,,6366.0,1.34,1.26,781.611
Kepler-342 e,Kepler-342,1,4,Transit,2016.0,Kepler,Published Confirmed,0,1.644224613,0.88,,,,6366.0,1.34,1.26,781.611
Kepler-343 b,Kepler-343,1,2,Transit,2014.0,Kepler,Published Confirmed,0,8.96848108,2.27,,,,5860.0,1.3,1.08,927.193
Kepler-343 c,Kepler-343,1,2,Transit,2014.0,Kepler,Published Confirmed,0,23.2218189,1.87,,,,5860.0,1.3,1.08,927.193
Kepler-344 b,Kepler-344,1,2,Transit,2014.0,Kepler,Published Confirmed,0,21.96399084,2.45,,,,5535.0,0.9,0.93,1002.94
Kepler-344 c,Kepler-344,1,2,Transit,2014.0,Kepler,Published Confirmed,0,125.602302,2.95,,,,5535.0,0.9,0.93,1002.94
Kepler-345 b,Kepler-345,1,2,Transit,2014.0,Kepler,Published Confirmed,0,7.42,1.08,,,,4722.0,0.819,0.786,
Kepler-345 c,Kepler-345,1,2,Transit,2014.0,Kepler,Published Confirmed,0,9.38742889,1.33,,,,4515.0,0.68,0.72,
Kepler-346 b,Kepler-346,1,2,Transit,2014.0,Kepler,Published Confirmed,0,6.51111985,2.52,,,,5640.0,0.92,0.95,984.105
Kepler-346 c,Kepler-346,1,2,Transit,2014.0,Kepler,Published Confirmed,0,23.85163032,3.06,,,,5640.0,0.92,0.95,984.105
Kepler-347 b,Kepler-347,1,3,Transit,2014.0,Kepler,Published Confirmed,0,12.7983044,2.08,,,,5892.0,1.06,1.05,1298.88
Kepler-347 c,Kepler-347,1,3,Transit,2014.0,Kepler,Published Confirmed,0,27.3216332,1.72,,,,5892.0,1.06,1.05,1298.88
Kepler-347 d,Kepler-347,1,3,Transit,2023.0,Kepler,Published Confirmed,0,85.51660156,2.63000011,,,,5592.0,1.451,1.0,1298.88
Kepler-348 b,Kepler-348,1,2,Transit,2014.0,Kepler,Published Confirmed,0,7.05675289,1.52,,,,6412.0,1.39,1.27,570.783
Kepler-348 c,Kepler-348,1,2,Transit,2014.0,Kepler,Published Confirmed,0,17.2654644,1.22,,,,6412.0,1.39,1.27,570.783
Kepler-349 b,Kepler-349,1,2,Transit,2014.0,Kepler,Published Confirmed,0,5.92973644,2.48,,,,6111.0,1.2,1.12,940.724
Kepler-349 c,Kepler-349,1,2,Transit,2014.0,Kepler,Published Confirmed,0,12.24764145,2.61,,,,6111.0,1.2,1.12,940.724
Kepler-35 b,Kepler-35,2,1,Transit,2011.0,Kepler,Published Confirmed,0,131.458,8.16,40.363,,,5606.0,1.0284,0.8877,1819.17
Kepler-350 b,Kepler-350,1,3,Transit,2014.0,Kepler,Published Confirmed,0,11.18961,1.64,,,,6222.0,1.36,1.19,956.859
Kepler-350 c,Kepler-350,1,3,Transit,2013.0,Kepler,Published Confirmed,0,17.849,3.1,6.1,,,,1.25,1.0,956.859
Kepler-350 d,Kepler-350,1,3,Transit,2013.0,Kepler,Published Confirmed,0,26.1363511,2.68,,,,6222.0,1.36,1.19,956.859
Kepler-351 b,Kepler-351,1,3,Transit,2014.0,Kepler,Published Confirmed,0,37.0548569,2.54,,,,5225.0,0.78,0.81,1083.91
Kepler-351 c,Kepler-351,1,3,Transit,2014.0,Kepler,Published Confirmed,0,57.248,3.16,11.1,,,,0.841,0.91,1083.91
Kepler-351 d,Kepler-351,1,3,Transit,2016.0,Kepler,Published Confirmed,0,142.544247,2.72,,,,5225.0,0.78,0.81,1083.91
Kepler-352 b,Kepler-352,1,3,Transit,2014.0,Kepler,Published Confirmed,0,10.05545337,0.96,,,,5279.0,0.8,0.86,252.733
Kepler-352 c,Kepler-352,1,3,Transit,2014.0,Kepler,Published Confirmed,0,16.33269854,1.31,,,,5279.0,0.8,0.86,252.733
Kepler-352 d,Kepler-352,1,3,Transit,2021.0,Kepler,Published Confirmed,0,6.887279987,0.80628032,,,,5208.0,0.772,0.796,252.733
Kepler-353 b,Kepler-353,2,2,Transit,2014.0,Kepler,Published Confirmed,0,5.7952971,1.16,,,,3985.0,0.56,0.58,384.694
Kepler-353 c,Kepler-353,2,2,Transit,2014.0,Kepler,Published Confirmed,0,8.41100287,1.89,,,,3985.0,0.56,0.58,384.694
Kepler-354 b,Kepler-354,1,3,Transit,2014.0,Kepler,Published Confirmed,0,5.47665368,1.98,,,,4634.0,0.7,0.73,554.064
Kepler-354 c,Kepler-354,1,3,Transit,2014.0,Kepler,Published Confirmed,0,16.9347748,1.29,,,,4634.0,0.7,0.73,554.064
Kepler-354 d,Kepler-354,1,3,Transit,2014.0,Kepler,Published Confirmed,0,24.2102171,1.45,,,,4634.0,0.7,0.73,554.064
Kepler-355 b,Kepler-355,1,2,Transit,2014.0,Kepler,Published Confirmed,0,11.0317307,1.4,,,,5823.0,0.98,0.99,1432.17
Kepler-355 c,Kepler-355,1,2,Transit,2014.0,Kepler,Published Confirmed,0,25.7624524,2.67,,,,5823.0,0.98,0.99,1432.17
Kepler-356 b,Kepler-356,1,2,Transit,2014.0,Kepler,Published Confirmed,0,4.61268045,1.54,,,,6182.0,1.28,1.17,707.559
Kepler-356 c,Kepler-356,1,2,Transit,2014.0,Kepler,Published Confirmed,0,13.12163551,1.95,,,,6182.0,1.28,1.17,707.559
Kepler-357 b,Kepler-357,1,3,Transit,2014.0,Kepler,Published Confirmed,0,6.47538919,1.77,,,,5029.0,0.77,0.81,688.573
Kepler-357 c,Kepler-357,1,3,Transit,2014.0,Kepler,Published Confirmed,0,16.85827722,2.36,,,,5029.0,0.77,0.81,688.573
Kepler-357 d,Kepler-357,1,3,Transit,2014.0,Kepler,Published Confirmed,0,49.5004952,3.19,,,,5029.0,0.77,0.81,688.573
Kepler-358 b,Kepler-358,1,2,Transit,2014.0,Kepler,Published Confirmed,0,34.0607631,2.77,,,,5571.0,0.91,0.94,1101.1
Kepler-358 c,Kepler-358,1,2,Transit,2014.0,Kepler,Published Confirmed,0,83.4886218,3.28,,,,5571.0,0.91,0.94,1101.1
Kepler-359 b,Kepler-359,1,3,Transit,2014.0,Kepler,Published Confirmed,0,25.5638576,4.37,,,,6090.0,1.19,1.14,1443.21
Kepler-359 c,Kepler-359,1,3,Transit,2014.0,Kepler,Published Confirmed,0,57.6899118,5.94,,,,6090.0,1.19,1.14,1443.21
Kepler-359 d,Kepler-359,1,3,Transit,2014.0,Kepler,Published Confirmed,0,77.085964,34.82,,,,6090.0,1.19,1.14,1443.21
Kepler-36 b,Kepler-36,1,2,Transit,2012.0,Kepler,Published Confirmed,0,13.83989,1.486,4.45,978.0,,5911.0,1.626,1.071,527.956
Kepler-36 c,Kepler-36,1,2,Transit,2012.0,Kepler,Published Confirmed,0,16.23855,3.679,8.08,928.0,,5911.0,1.626,1.071,527.956
Kepler-360 b,Kepler-360,1,2,Transit,2014.0,Kepler,Published Confirmed,0,3.289722169,1.4,,,,5631.0,0.92,0.95,876.044
Kepler-360 c,Kepler-360,1,2,Transit,2014.0,Kepler,Published Confirmed,0,7.1864526,1.9,,,,5631.0,0.92,0.95,876.044
Kepler-361 b,Kepler-361,1,2,Transit,2014.0,Kepler,Published Confirmed,0,8.48653576,1.38,,,,6210.0,1.27,1.17,930.32
Kepler-361 c,Kepler-361,1,2,Transit,2014.0,Kepler,Published Confirmed,0,55.1866695,2.35,,,,6210.0,1.27,1.17,930.32
Kepler-362 b,Kepler-362,1,2,Transit,2014.0,Kepler,Published Confirmed,0,10.32738017,1.0,,,,5528.0,0.83,0.86,1090.51
Kepler-362 c,Kepler-362,1,2,Transit,2014.0,Kepler,Published Confirmed,0,37.8658982,1.91,,,,5528.0,0.83,0.86,1090.51
Kepler-363 b,Kepler-363,1,3,Transit,2014.0,Kepler,Published Confirmed,0,3.61461353,1.0,,,,5681.0,1.29,1.1,762.596
Kepler-363 c,Kepler-363,1,3,Transit,2014.0,Kepler,Published Confirmed,0,7.542,2.41,66.4,,,,2.127,1.28,762.596
Kepler-363 d,Kepler-363,1,3,Transit,2014.0,Kepler,Published Confirmed,0,11.9320869,1.83,,,,5681.0,1.29,1.1,762.596
Kepler-364 b,Kepler-364,1,2,Transit,2014.0,Kepler,Published Confirmed,0,25.7457529,1.64,,,,6177.0,1.38,1.19,891.462
Kepler-364 c,Kepler-364,1,2,Transit,2014.0,Kepler,Published Confirmed,0,59.9810586,2.4,,,,6177.0,1.38,1.19,891.462
Kepler-365 b,Kepler-365,1,2,Transit,2014.0,Kepler,Published Confirmed,0,10.66487537,1.79,,,,5812.0,1.03,1.02,1038.99
Kepler-365 c,Kepler-365,1,2,Transit,2014.0,Kepler,Published Confirmed,0,17.7835598,1.55,,,,5812.0,1.03,1.02,1038.99
Kepler-366 b,Kepler-366,1,2,Transit,2014.0,Kepler,Published Confirmed,0,3.28192091,1.58,,,,6007.0,1.11,1.07,1856.28
Kepler-366 c,Kepler-366,1,2,Transit,2014.0,Kepler,Published Confirmed,0,12.51618164,1.95,,,,6007.0,1.11,1.07,1856.28
Kepler-367 b,Kepler-367,1,2,Transit,2014.0,Kepler,Published Confirmed,0,37.8156219,1.21,,,,4907.0,0.74,0.81,188.027
Kepler-367 c,Kepler-367,1,2,Transit,2014.0,Kepler,Published Confirmed,0,53.5778376,1.37,,,,4907.0,0.74,0.81,188.027
Kepler-368 b,Kepler-368,1,2,Transit,2014.0,Kepler,Published Confirmed,0,26.8476325,2.18,,,,5562.0,1.33,0.97,770.978
Kepler-368 c,Kepler-368,1,2,Transit,2014.0,Kepler,Published Confirmed,0,72.381301,2.65,,,,5562.0,1.33,0.97,770.978
Kepler-369 b,Kepler-369,1,2,Transit,2014.0,Kepler,Published Confirmed,0,2.733,1.18,,,,3591.0,0.41,0.43,
Kepler-369 c,Kepler-369,1,2,Transit,2014.0,Kepler,Published Confirmed,0,14.87155876,1.27,,,,3655.0,0.567402,0.560641,
Kepler-37 b,Kepler-37,1,4,Transit,2013.0,Kepler,Published Confirmed,0,13.36702,0.3098,0.79,718.0,,5357.0,0.789,0.79,63.9207
Kepler-37 c,Kepler-37,1,4,Transit,2013.0,Kepler,Published Confirmed,0,21.301848,0.755,1.3,615.0,,5357.0,0.789,0.79,63.9207
Kepler-37 d,Kepler-37,1,4,Transit,2013.0,Kepler,Published Confirmed,0,39.7922622,2.03,2.0,499.0,,5357.0,0.789,0.79,63.9207
Kepler-37 e,Kepler-37,1,4,Transit Timing Variations,2014.0,Kepler,Published Confirmed,0,51.196,,,,,,0.772,0.8,63.9207
Kepler-370 b,Kepler-370,1,2,Transit,2014.0,Kepler,Published Confirmed,0,4.57950946,1.47,,,,5702.0,0.96,0.98,1167.94
Kepler-370 c,Kepler-370,1,2,Transit,2014.0,Kepler,Published Confirmed,0,19.023152,2.1,,,,5702.0,0.96,0.98,1167.94
Kepler-371 b,Kepler-371,1,2,Transit,2014.0,Kepler,Published Confirmed,0,34.7629923,1.76,,,,5759.0,0.95,0.93,813.192
Kepler-371 c,Kepler-371,1,2,Transit,2014.0,Kepler,Published Confirmed,0,67.9687026,1.54,,,,5759.0,0.95,0.93,813.192
Kepler-372 b,Kepler-372,1,3,Transit,2014.0,Kepler,Published Confirmed,0,6.84976206,1.42,,,,6146.0,1.18,1.12,1493.95
Kepler-372 c,Kepler-372,1,3,Transit,2014.0,Kepler,Published Confirmed,0,20.0545077,2.45,,,,6146.0,1.18,1.12,1493.95
Kepler-372 d,Kepler-372,1,3,Transit,2014.0,Kepler,Published Confirmed,0,30.0904877,2.42,,,,6146.0,1.18,1.12,1493.95
Kepler-373 b,Kepler-373,1,2,Transit,2014.0,Kepler,Published Confirmed,0,5.53532955,1.47,,,,5595.0,0.9,0.93,1090.45
Kepler-373 c,Kepler-373,1,2,Transit,2014.0,Kepler,Published Confirmed,0,16.726052,1.28,,,,5595.0,0.9,0.93,1090.45
Kepler-374 b,Kepler-374,1,3,Transit,2014.0,Kepler,Published Confirmed,0,1.897834018,1.27,,,,5898.0,1.05,1.04,1265.61
Kepler-374 c,Kepler-374,1,3,Transit,2014.0,Kepler,Published Confirmed,0,3.28280266,1.26,,,,5898.0,1.05,1.04,1265.61
Kepler-374 d,Kepler-374,1,3,Transit,2014.0,Kepler,Published Confirmed,0,5.02818614,1.49,,,,5898.0,1.05,1.04,1265.61
Kepler-375 b,Kepler-375,1,2,Transit,2014.0,Kepler,Published Confirmed,0,12.12582991,1.6,,,,5543.0,0.86,0.9,1238.81
Kepler-375 c,Kepler-375,1,2,Transit,2014.0,Kepler,Published Confirmed,0,19.9866157,3.02,,,,5543.0,0.86,0.9,1238.81
Kepler-376 b,Kepler-376,1,2,Transit,2014.0,Kepler,Published Confirmed,0,4.92031217,1.06,,,,5911.0,1.24,1.06,923.067
Kepler-376 c,Kepler-376,1,2,Transit,2014.0,Kepler,Published Confirmed,0,14.17220432,2.02,,,,5911.0,1.24,1.06,923.067
Kepler-377 b,Kepler-377,1,2,Transit,2014.0,Kepler,Published Confirmed,0,12.5094525,1.5,,,,5978.0,1.14,1.07,823.804
Kepler-377 c,Kepler-377,1,2,Transit,2014.0,Kepler,Published Confirmed,0,27.0141783,2.0,,,,5978.0,1.14,1.07,823.804
Kepler-378 b,Kepler-378,1,2,Transit,2014.0,Kepler,Published Confirmed,0,16.09231474,0.95,,,,4749.0,0.72,0.78,152.094
Kepler-378 c,Kepler-378,1,2,Transit,2014.0,Kepler,Published Confirmed,0,28.9059687,0.71,,,,4749.0,0.72,0.78,152.094
Kepler-379 b,Kepler-379,1,2,Transit,2014.0,Kepler,Published Confirmed,0,20.0984215,1.63,,,,6116.0,1.25,1.15,731.274
Kepler-379 c,Kepler-379,1,2,Transit,2014.0,Kepler,Published Confirmed,0,62.7845002,2.32,,,,6116.0,1.25,1.15,731.274
Kepler-38 b,Kepler-38,2,1,Transit,2012.0,Kepler,Published Confirmed,0,105.599,4.3,122.0,475.0,G4 V,5623.0,1.752,0.941,1174.59
Kepler-380 b,Kepler-380,1,2,Transit,2014.0,Kepler,Published Confirmed,0,3.930871,1.12,,,,6062.0,1.14,1.08,813.713
Kepler-380 c,Kepler-380,1,2,Transit,2014.0,Kepler,Published Confirmed,0,7.63006848,1.26,,,,6062.0,1.14,1.08,813.713
Kepler-381 b,Kepler-381,1,3,Transit,2014.0,Kepler,Published Confirmed,0,5.62902579,1.31,,,,6337.0,2.02,1.44,267.323
Kepler-381 c,Kepler-381,1,3,Transit,2014.0,Kepler,Published Confirmed,0,13.39152873,1.32,,,,6337.0,2.02,1.44,267.323
Kepler-381 d,Kepler-381,1,3,Transit,2021.0,Kepler,Published Confirmed,0,8.256299973,1.0667865,,,,6197.0,2.188,1.198,267.323
Kepler-382 b,Kepler-382,1,2,Transit,2014.0,Kepler,Published Confirmed,0,5.26212693,1.3,,,,5443.0,0.85,0.88,935.446
Kepler-382 c,Kepler-382,1,2,Transit,2014.0,Kepler,Published Confirmed,0,12.16281552,1.48,,,,5443.0,0.85,0.88,935.446
Kepler-383 b,Kepler-383,1,2,Transit,2014.0,Kepler,Published Confirmed,0,12.90475463,1.39,,,,4726.0,0.71,0.75,
Kepler-383 c,Kepler-383,1,2,Transit,2014.0,Kepler,Published Confirmed,0,31.2009333,1.39,,,,4726.0,0.71,0.75,
Kepler-384 b,Kepler-384,1,2,Transit,2014.0,Kepler,Published Confirmed,0,22.5965999,1.21,,,,5688.0,1.01,0.97,895.678
Kepler-384 c,Kepler-384,1,2,Transit,2014.0,Kepler,Published Confirmed,0,45.3485277,1.34,,,,5688.0,1.01,0.97,895.678
Kepler-385 b,Kepler-385,1,3,Transit,2014.0,Kepler,Published Confirmed,0,10.04377084,3.21,,,,6091.0,1.19,1.12,1432.61
Kepler-385 c,Kepler-385,1,3,Transit,2014.0,Kepler,Published Confirmed,0,15.162,3.1,13.2,,,,1.153,1.09,1432.61
Kepler-385 d,Kepler-385,1,3,Transit,2020.0,Kepler,Published Confirmed,0,56.4159,2.6186448,,,,5829.0,1.157,1.05,1432.61
Kepler-386 b,Kepler-386,1,2,Transit,2014.0,Kepler,Published Confirmed,0,12.3102846,1.36,,,,5098.0,0.78,0.82,882.462
Kepler-386 c,Kepler-386,1,2,Transit,2014.0,Kepler,Published Confirmed,0,25.1934467,1.87,,,,5098.0,0.78,0.82,882.462
Kepler-387 b,Kepler-387,1,2,Transit,2014.0,Kepler,Published Confirmed,0,6.79164786,0.98,,,,5888.0,1.0,0.95,801.052
Kepler-387 c,Kepler-387,1,2,Transit,2014.0,Kepler,Published Confirmed,0,11.8377261,0.98,,,,5888.0,1.0,0.95,801.052
Kepler-388 b,Kepler-388,1,2,Transit,2014.0,Kepler,Published Confirmed,0,3.17323306,0.98,,,,4584.0,0.69,0.73,
Kepler-388 c,Kepler-388,1,2,Transit,2014.0,Kepler,Published Confirmed,0,13.29706969,1.05,,,,4584.0,0.69,0.73,
Kepler-389 b,Kepler-389,1,2,Transit,2014.0,Kepler,Published Confirmed,0,3.24416463,1.57,,,,5205.0,0.8,0.84,816.559
Kepler-389 c,Kepler-389,1,2,Transit,2014.0,Kepler,Published Confirmed,0,14.5123099,1.48,,,,5205.0,0.8,0.84,816.559
Kepler-39 b,Kepler-39,1,1,Transit,2011.0,Kepler,Published Confirmed,0,21.0874,13.68,5720.7,905.0,F7 IV,6260.0,1.39,1.1,1057.41
Kepler-390 b,Kepler-390,2,2,Transit,2014.0,Kepler,Published Confirmed,0,6.73811219,0.79,,,,5270.0,0.8,0.86,435.277
Kepler-390 c,Kepler-390,2,2,Transit,2014.0,Kepler,Published Confirmed,0,13.0600422,0.87,,,,5270.0,0.8,0.86,435.277
Kepler-391 b,Kepler-391,1,2,Transit,2014.0,Kepler,Published Confirmed,0,7.4175,2.5,1100.0,930.0,K2 III-IV,5038.0,2.879,1.27,869.236
Kepler-391 c,Kepler-391,1,2,Transit,2014.0,Kepler,Published Confirmed,0,20.501,2.88,450.0,662.0,K2 III-IV,5038.0,2.879,1.27,869.236
Kepler-392 b,Kepler-392,1,2,Transit,2014.0,Kepler,Published Confirmed,0,5.34185804,0.99,,,,6001.0,1.14,1.07,681.428
Kepler-392 c,Kepler-392,1,2,Transit,2014.0,Kepler,Published Confirmed,0,10.42312041,1.13,,,,6001.0,1.14,1.07,681.428
Kepler-393 b,Kepler-393,1,2,Transit,2014.0,Kepler,Published Confirmed,0,9.18247194,1.31,,,,6314.0,1.34,1.21,881.404
Kepler-393 c,Kepler-393,1,2,Transit,2014.0,Kepler,Published Confirmed,0,14.6134251,1.17,,,,6314.0,1.34,1.21,881.404
Kepler-394 b,Kepler-394,1,3,Transit,2014.0,Kepler,Published Confirmed,0,8.00505342,1.84,,,,6122.0,1.21,1.13,1058.72
Kepler-394 c,Kepler-394,1,3,Transit,2014.0,Kepler,Published Confirmed,0,12.13065293,1.82,,,,6122.0,1.21,1.13,1058.72
Kepler-394 d,Kepler-394,1,3,Transit,2021.0,Kepler,Published Confirmed,0,5.613580227,1.50066814,,,,6398.0,1.101,1.141,1058.72
Kepler-395 b,Kepler-395,1,2,Transit,2014.0,Kepler,Published Confirmed,0,7.054259,1.186,,576.0,,3931.0,0.549,0.578,421.382
Kepler-395 c,Kepler-395,1,2,Transit,2014.0,Kepler,Published Confirmed,0,34.98956,1.336,,341.0,,3931.0,0.549,0.578,421.382
Kepler-396 b,Kepler-396,1,2,Transit,2013.0,Kepler,Published Confirmed,0,42.99255302,3.11,,,,5651.0,0.95,0.97,223.757
Kepler-396 c,Kepler-396,1,2,Transit,2013.0,Kepler,Published Confirmed,0,88.5112563,5.38,,,,5651.0,0.95,0.97,223.757
Kepler-397 b,Kepler-397,1,2,Transit,2014.0,Kepler,Published Confirmed,0,22.2508247,1.98,,,,5231.0,0.76,0.79,
Kepler-397 c,Kepler-397,1,2,Transit,2014.0,Kepler,Published Confirmed,0,135.4977745,6.35,,,,5231.0,0.76,0.79,
Kepler-398 b,Kepler-398,1,3,Transit,2014.0,Kepler,Published Confirmed,0,4.081411491,1.03,,,,4557.0,0.67,0.72,177.355
Kepler-398 c,Kepler-398,1,3,Transit,2014.0,Kepler,Published Confirmed,0,11.41945387,1.03,,,,4557.0,0.67,0.72,177.355
Kepler-398 d,Kepler-398,1,3,Transit,2016.0,Kepler,Published Confirmed,0,6.83437001,0.88,,,,4557.0,0.67,0.72,177.355
Kepler-399 b,Kepler-399,1,3,Transit,2014.0,Kepler,Published Confirmed,0,14.42525565,1.42,,,,5682.0,0.94,0.94,740.537
Kepler-399 c,Kepler-399,1,3,Transit,2014.0,Kepler,Published Confirmed,0,26.6757054,2.15,,,,5682.0,0.94,0.94,740.537
Kepler-399 d,Kepler-399,1,3,Transit,2014.0,Kepler,Published Confirmed,0,58.0341086,2.66,,,,5682.0,0.94,0.94,740.537
Kepler-4 b,Kepler-4,1,1,Transit,2009.0,Kepler,Published Confirmed,0,3.213658,4.124912,23.83725,1620.0,,5857.0,1.48,1.173,487.916
Kepler-40 b,Kepler-40,1,1,Transit,2010.0,Kepler,Published Confirmed,0,6.87349,13.11,699.2,1620.0,F5 IV,6510.0,2.13,1.48,2305.01
Kepler-400 b,Kepler-400,1,2,Transit,2014.0,Kepler,Published Confirmed,0,9.02439889,1.59,,,,5980.0,1.12,1.08,845.97
Kepler-400 c,Kepler-400,1,2,Transit,2014.0,Kepler,Published Confirmed,0,17.34088462,1.46,,,,5980.0,1.12,1.08,845.97
Kepler-401 b,Kepler-401,1,3,Transit,2014.0,Kepler,Published Confirmed,0,14.38338734,1.69,,,,6184.0,1.29,1.17,965.56
Kepler-401 c,Kepler-401,1,3,Transit,2014.0,Kepler,Published Confirmed,0,47.3183002,2.26,,,,6184.0,1.29,1.17,965.56
Kepler-401 d,Kepler-401,1,3,Transit,2016.0,Kepler,Published Confirmed,0,184.256405,2.27,,,,6184.0,1.29,1.17,965.56
Kepler-402 b,Kepler-402,1,4,Transit,2014.0,Kepler,Published Confirmed,0,4.02875481,1.37,,,,6199.0,1.24,1.15,625.339
Kepler-402 c,Kepler-402,1,4,Transit,2014.0,Kepler,Published Confirmed,0,6.12481814,1.63,,,,6199.0,1.24,1.15,625.339
Kepler-402 d,Kepler-402,1,4,Transit,2014.0,Kepler,Published Confirmed,0,8.9211602,1.22,,,,6199.0,1.24,1.15,625.339
Kepler-402 e,Kepler-402,1,4,Transit,2014.0,Kepler,Published Confirmed,0,11.24283541,1.63,,,,6199.0,1.24,1.15,625.339
Kepler-403 b,Kepler-403,1,3,Transit,2014.0,Kepler,Published Confirmed,0,7.03144308,1.42,,,,6209.0,1.45,1.25,840.269
Kepler-403 c,Kepler-403,1,3,Transit,2014.0,Kepler,Published Confirmed,0,54.2812031,1.89,,,,6209.0,1.45,1.25,840.269
Kepler-403 d,Kepler-403,1,3,Transit,2016.0,Kepler,Published Confirmed,0,13.61159129,1.42,,,,6209.0,1.45,1.25,840.269
Kepler-404 b,Kepler-404,1,2,Transit,2014.0,Kepler,Published Confirmed,0,11.8296627554,,,,,5342.0,0.792004,0.92,812.524
Kepler-404 c,Kepler-404,1,2,Transit,2014.0,Kepler,Published Confirmed,0,14.751166,1.72,,,,5654.0,0.884,,812.524
Kepler-405 b,Kepler-405,1,2,Transit,2014.0,Kepler,Published Confirmed,0,10.61369479,2.4,,,,5525.0,0.88,0.91,1065.08
Kepler-405 c,Kepler-405,1,2,Transit,2014.0,Kepler,Published Confirmed,0,29.7272142,3.84,,,,5525.0,0.88,0.91,1065.08
Kepler-406 b,Kepler-406,1,2,Transit,2014.0,Kepler,Published Confirmed,0,2.42629,1.43,6.35,,,5538.0,1.07,1.07,364.03
Kepler-406 c,Kepler-406,1,2,Transit,2014.0,Kepler,Published Confirmed,0,4.62332,0.85,2.71,,,5538.0,1.07,1.07,364.03
Kepler-407 b,Kepler-407,1,2,Transit,2014.0,Kepler,Published Confirmed,0,0.6693124,1.19,1.93,,G,5487.0,1.04,0.99,338.368
Kepler-407 c,Kepler-407,1,2,Radial Velocity,2014.0,W. M. Keck Observatory,Published Confirmed,0,3000.0,,4000.0,,,5476.0,1.01,1.0,338.368
Kepler-408 b,Kepler-408,1,1,Transit,2014.0,Kepler,Published Confirmed,0,2.46502,0.82,5.0,,,6104.0,1.23,1.08,88.7832
Kepler-409 b,Kepler-409,1,1,Transit,2014.0,Kepler,Published Confirmed,0,68.9583216,1.199,6.0,438.0,,5421.0,0.897,0.913,68.173
Kepler-41 b,Kepler-41,1,1,Transit,2011.0,Kepler,Published Confirmed,0,1.8555582,14.46,177.98,1790.0,G2 V,5750.0,1.29,1.15,1093.08
Kepler-410 A b,Kepler-410 A,2,1,Transit,2013.0,Kepler,Published Confirmed,0,17.8336313,2.647,,,,6304.0,1.42749,1.238,147.527
Kepler-411 b,Kepler-411,2,4,Transit,2013.0,Kepler,Published Confirmed,0,3.005156,2.401,25.6,1138.0,K2 V,,0.82,0.87,153.676
Kepler-411 c,Kepler-411,2,4,Transit,2016.0,Kepler,Published Confirmed,0,7.834435,4.421,26.4,838.0,K2 V,,0.82,0.87,153.676
Kepler-411 d,Kepler-411,2,4,Transit,2018.0,Kepler,Published Confirmed,0,58.02035,3.319,15.2,410.0,K2 V,,0.82,0.87,153.676
Kepler-411 e,Kepler-411,2,4,Transit Timing Variations,2018.0,Kepler,Published Confirmed,0,31.509728,,10.8,503.0,K2 V,,0.82,0.87,153.676
Kepler-412 b,Kepler-412,1,1,Transit,2014.0,Kepler,Published Confirmed,0,1.720861232,14.852,298.43,,G3 V,5750.0,1.287,1.167,1086.24
Kepler-413 b,Kepler-413,2,1,Transit,2014.0,Kepler,Published Confirmed,0,66.262,4.347,67.0,,,4700.0,0.7761,0.82,847.536
Kepler-414 b,Kepler-414,1,2,Transit Timing Variations,2014.0,Kepler,Published Confirmed,0,4.699653236,2.16,,,,5580.0,0.94,0.95,413.46
Kepler-414 c,Kepler-414,1,2,Transit Timing Variations,2014.0,Kepler,Published Confirmed,0,7.171,3.01,29.9,,,,0.946,0.89,413.46
Kepler-415 b,Kepler-415,1,2,Transit Timing Variations,2014.0,Kepler,Published Confirmed,0,4.17634525,1.75,,,,4586.0,0.7,0.73,530.487
Kepler-415 c,Kepler-415,1,2,Transit Timing Variations,2014.0,Kepler,Published Confirmed,0,8.70797904,2.81,,,,4586.0,0.7,0.73,530.487
Kepler-416 b,Kepler-416,1,3,Transit Timing Variations,2014.0,Kepler,Published Confirmed,0,6.319,2.48,58.2,,,,1.075,1.0,690.819
Kepler-416 c,Kepler-416,1,3,Transit Timing Variations,2014.0,Kepler,Published Confirmed,0,12.20945351,2.45,,,,5758.0,1.02,1.01,690.819
Kepler-416 d,Kepler-416,1,3,Transit,2023.0,Kepler,Published Confirmed,0,3.076410055,1.73000002,,,,5670.0,1.022,0.949,690.819
Kepler-417 b,Kepler-417,1,2,Transit Timing Variations,2014.0,Kepler,Published Confirmed,0,12.331,2.31,11.0,,,,0.806,0.9,973.989
Kepler-417 c,Kepler-417,1,2,Transit Timing Variations,2014.0,Kepler,Published Confirmed,0,15.94251522,2.69,,,,5177.0,0.8,0.84,973.989
Kepler-418 b,Kepler-418,1,2,Transit,2014.0,Kepler,Published Confirmed,0,86.67856,13.45,349.6112477,,,5820.0,1.09,0.98,1002.53
Kepler-418 c,Kepler-418,1,2,Transit,2021.0,Kepler,Published Confirmed,0,12.21829987,5.22108654,,,,5822.0,1.081,0.957,1002.53
Kepler-419 b,Kepler-419,1,2,Transit,2014.0,Kepler,Published Confirmed,0,69.7547,10.76064,820.0014,,,6430.0,1.75,1.39,1011.36
Kepler-419 c,Kepler-419,1,2,Transit Timing Variations,2014.0,Kepler,Published Confirmed,0,675.47,,2320.1,,,6430.0,1.74,1.39,1011.36
Kepler-42 b,Kepler-42,1,3,Transit,2011.0,Kepler,Published Confirmed,0,1.21377206,0.92,,526.0,M4 V,3203.0,0.16,0.14,40.0595
Kepler-42 c,Kepler-42,1,3,Transit,2011.0,Kepler,Published Confirmed,0,0.45328509,0.73,,720.0,M,3068.0,0.17,0.13,40.0595
Kepler-42 d,Kepler-42,1,3,Transit,2011.0,Kepler,Published Confirmed,0,1.865169,0.57,,450.0,M,3068.0,0.17,0.13,40.0595
Kepler-421 b,Kepler-421,1,1,Transit,2014.0,Kepler,Published Confirmed,0,704.1984,4.16,,185.0,G9/K0,5308.0,0.757,0.794,348.558
Kepler-422 b,Kepler-422,1,1,Transit,2014.0,Kepler,Published Confirmed,0,7.8914483,12.89,136.66,,,5972.0,1.24,1.15,722.795
Kepler-423 b,Kepler-423,1,1,Transit,2014.0,Kepler,Published Confirmed,0,2.6843285,13.361,189.101,1605.0,G4 V,5560.0,0.95,0.85,758.753
Kepler-424 b,Kepler-424,1,2,Transit,2014.0,Kepler,Published Confirmed,0,3.3118644,9.97601,341.98508,,,5460.0,0.94,1.01,698.646
Kepler-424 c,Kepler-424,1,2,Radial Velocity,2014.0,McDonald Observatory,Published Confirmed,0,223.3,,2215.18,,,5460.0,0.94,1.01,698.646
Kepler-425 b,Kepler-425,1,1,Transit,2014.0,Kepler,Published Confirmed,0,3.79701816,10.962,79.45,1070.0,K1 V,5170.0,0.86,0.93,646.647
Kepler-426 b,Kepler-426,1,1,Transit,2014.0,Kepler,Published Confirmed,0,3.21751883,12.22,108.06,1300.0,G1 V,5725.0,0.92,0.91,843.695
Kepler-427 b,Kepler-427,1,1,Transit,2014.0,Kepler,Published Confirmed,0,10.290994,13.79,92.17,1100.0,G2 V,5800.0,1.35,0.96,1017.8
Kepler-428 b,Kepler-428,1,1,Transit,2014.0,Kepler,Published Confirmed,0,3.52563254,12.11,403.63,1070.0,K1 V,5150.0,0.8,0.87,686.284
Kepler-43 b,Kepler-43,1,1,Transit,2011.0,Kepler,Published Confirmed,0,3.024095,13.45,1026.55,1637.0,G0 IV-V,6041.0,1.42,1.32,1005.84
Kepler-430 b,Kepler-430,1,2,Transit,2015.0,Kepler,Published Confirmed,0,35.968,3.25,,667.0,,5884.0,1.485,1.166,917.477
Kepler-430 c,Kepler-430,1,2,Transit,2015.0,Kepler,Published Confirmed,0,110.979,1.75,,458.0,,5884.0,1.485,1.166,917.477
Kepler-431 b,Kepler-431,1,3,Transit,2015.0,Kepler,Published Confirmed,0,6.803,0.764,,1032.0,,6004.0,1.092,1.071,486.546
Kepler-431 c,Kepler-431,1,3,Transit,2015.0,Kepler,Published Confirmed,0,8.703,0.668,,951.0,,6004.0,1.092,1.071,486.546
Kepler-431 d,Kepler-431,1,3,Transit,2015.0,Kepler,Published Confirmed,0,11.922,1.11,,856.0,,6004.0,1.092,1.071,486.546
Kepler-432 b,Kepler-432,2,2,Transit,2015.0,Kepler,Published Confirmed,0,52.50113,12.834305,182.75225,,,4995.0,4.12,1.35,848.023
Kepler-432 c,Kepler-432,2,2,Radial Velocity,2015.0,Fred Lawrence Whipple Observatory,Published Confirmed,0,406.2,,772.3269,,,4995.0,4.06,1.32,848.023
Kepler-433 b,Kepler-433,1,1,Transit,2015.0,Kepler,Published Confirmed,0,5.33408384,16.25,896.24,1776.0,,6360.0,2.26,1.46,1878.31
Kepler-434 b,Kepler-434,1,1,Transit,2015.0,Kepler,Published Confirmed,0,12.8747099,12.67,908.96,1000.0,,5977.0,1.38,1.198,1222.54
Kepler-435 b,Kepler-435,1,1,Transit,2015.0,Kepler,Published Confirmed,0,8.6001536,22.31,266.97,1729.0,,6161.0,3.21,1.538,1418.77
Kepler-436 b,Kepler-436,1,2,Transit,2015.0,Kepler,Published Confirmed,0,64.00205,2.73,,,,4651.0,0.697,0.729,588.867
Kepler-436 c,Kepler-436,1,2,Transit,2016.0,Kepler,Published Confirmed,0,16.79713874,2.33,,,,4685.0,0.71,0.75,588.867
Kepler-437 b,Kepler-437,1,1,Transit,2015.0,Kepler,Published Confirmed,0,66.6505482,1.5,,,,4570.0,0.69,0.74,
Kepler-438 b,Kepler-438,1,1,Transit,2015.0,Kepler,Published Confirmed,0,35.23318,1.13,,,,3837.0,0.54,0.57,
Kepler-439 b,Kepler-439,1,1,Transit,2015.0,Kepler,Published Confirmed,0,178.1396,2.24,,,,5431.0,0.866,0.884,757.048
Kepler-44 b,Kepler-44,1,1,Transit,2011.0,Kepler,Published Confirmed,0,3.24674,13.9,324.17,1603.0,G2 IV,5757.0,1.52,1.19,1188.0
Kepler-440 b,Kepler-440,1,1,Transit,2015.0,Kepler,Published Confirmed,0,101.11141,1.86,,,,4134.0,0.559,0.575,301.03
Kepler-441 b,Kepler-441,1,1,Transit,2015.0,Kepler,Published Confirmed,0,207.2482,1.64,,,,4340.0,0.55,0.572,268.003
Kepler-442 b,Kepler-442,1,1,Transit,2015.0,Kepler,Published Confirmed,0,112.306839,1.59,,,,4501.0,0.66,0.7,365.965
Kepler-443 b,Kepler-443,1,1,Transit,2015.0,Kepler,Published Confirmed,0,177.669112,2.22,,,,4920.0,0.75,0.8,802.271
Kepler-444 b,Kepler-444,3,5,Transit,2015.0,Kepler,Published Confirmed,0,3.6001053,0.403,,,K,5046.0,0.752,0.758,36.4396
Kepler-444 c,Kepler-444,3,5,Transit,2015.0,Kepler,Published Confirmed,0,4.5458841,0.497,,,K,5046.0,0.752,0.758,36.4396
Kepler-444 d,Kepler-444,3,5,Transit,2015.0,Kepler,Published Confirmed,0,6.189392,0.53,,,K,5046.0,0.752,0.758,36.4396
Kepler-444 e,Kepler-444,3,5,Transit,2015.0,Kepler,Published Confirmed,0,7.743493,0.546,,,K,5046.0,0.752,0.758,36.4396
Kepler-444 f,Kepler-444,3,5,Transit,2015.0,Kepler,Published Confirmed,0,9.740486,0.741,,,K,5046.0,0.752,0.758,36.4396
Kepler-445 b,Kepler-445,1,3,Transit,2015.0,Kepler,Published Confirmed,0,2.984151,1.58,,,M4,3157.0,0.21,0.18,127.201
Kepler-445 c,Kepler-445,1,3,Transit,2015.0,Kepler,Published Confirmed,0,4.871229,2.51,,,M4,3157.0,0.21,0.18,127.201
Kepler-445 d,Kepler-445,1,3,Transit,2015.0,Kepler,Published Confirmed,0,8.15275,1.25,,,M4,3157.0,0.21,0.18,127.201
Kepler-446 b,Kepler-446,1,3,Transit,2015.0,Kepler,Published Confirmed,0,1.565409,1.5,,,M4,3359.0,0.24,0.22,96.339
Kepler-446 c,Kepler-446,1,3,Transit,2015.0,Kepler,Published Confirmed,0,3.036179,1.11,,,M4,3359.0,0.24,0.22,96.339
Kepler-446 d,Kepler-446,1,3,Transit,2015.0,Kepler,Published Confirmed,0,5.148921,1.35,,,M4,3359.0,0.24,0.22,96.339
Kepler-447 b,Kepler-447,1,1,Transit,2015.0,Kepler,Published Confirmed,0,7.79430132,18.49,435.41,,G8 V,5493.0,1.05,1.0,268.041
Kepler-448 c,KOI-12,1,2,Transit Timing Variations,2017.0,Kepler,Published Confirmed,0,2500.0,,6992.26,,,,1.4,1.5,399.398
Kepler-449 b,Kepler-449,1,2,Transit,2015.0,Kepler,Published Confirmed,0,12.5822799,1.64,,,,5654.0,1.51,1.02,241.949
Kepler-449 c,Kepler-449,1,2,Transit,2015.0,Kepler,Published Confirmed,0,33.67276962,1.97,,,,5654.0,1.51,1.02,241.949
Kepler-45 b,Kepler-45,1,1,Transit,2011.0,Kepler,Published Confirmed,0,2.455239,10.76,160.497,1000.0,M,3820.0,0.55,0.59,381.949
Kepler-450 b,Kepler-450,1,3,Transit,2015.0,Kepler,Published Confirmed,0,28.4548844,6.0834,19.4,,,,1.6,1.334,455.982
Kepler-450 c,Kepler-450,1,3,Transit,2015.0,Kepler,Published Confirmed,0,15.413135,2.62,,,,6197.21,1.64162,1.19,455.982
Kepler-450 d,Kepler-450,1,3,Transit,2015.0,Kepler,Published Confirmed,0,7.51464,0.837,,,,6197.21,1.64162,1.19,455.982
Kepler-451 c,2MASS J19383260+4603591,2,3,Eclipse Timing Variations,2022.0,Multiple Observatories,Published Confirmed,0,1460.0,,511.70373527,,,29564.0,0.203,0.48,396.332
Kepler-451 d,2MASS J19383260+4603591,2,3,Eclipse Timing Variations,2022.0,Multiple Observatories,Published Confirmed,0,43.0,,559.37799632,,,29564.0,0.203,0.48,396.332
Kepler-452 b,Kepler-452,1,1,Transit,2015.0,Kepler,Published Confirmed,1,384.843,1.63,,265.0,G2,5757.0,1.11,1.037,551.727
Kepler-453 b,Kepler-453,2,1,Transit,2015.0,Kepler,Published Confirmed,0,240.503,6.204,16.0,,,5527.0,0.833,0.944,442.846
Kepler-454 b,Kepler-454,2,3,Transit,2015.0,Kepler,Published Confirmed,0,10.5737534,2.37,5.4,916.0,,5687.0,1.066,1.03,230.869
Kepler-454 c,Kepler-454,2,3,Radial Velocity,2015.0,Multiple Facilities,Published Confirmed,0,524.19,,1433.40611557,,,5687.0,1.066,1.03,230.869
Kepler-454 d,Kepler-454,2,3,Radial Velocity,2023.0,Roque de los Muchachos Observatory,Published Confirmed,0,4073.0,,734.18362017,,,5687.0,1.066,1.03,230.869
Kepler-457 d,KOI-7892,1,3,Transit,2021.0,Kepler,Published Confirmed,0,10.6906004,2.98467257,,,,6474.0,1.242,1.148,1072.3
Kepler-458 c,KIC 9663113,1,2,Transit,2016.0,Kepler,Published Confirmed,0,20.74028413,4.2,,,,6117.21,2.21562,1.15,1594.74
Kepler-46 b,Kepler-46,1,3,Transit,2012.0,Kepler,Published Confirmed,0,33.60134,9.057,1907.0,543.0,,5155.0,0.938,0.902,777.06
Kepler-46 c,Kepler-46,1,3,Transit Timing Variations,2012.0,Kepler,Published Confirmed,0,57.011,,119.499,455.0,,5155.0,0.938,0.902,777.06
Kepler-46 d,Kepler-46,1,3,Transit,2014.0,Kepler,Published Confirmed,0,6.76652078,2.13,,,,5232.0,0.93,0.92,777.06
Kepler-460 c,KIC 5437945,1,2,Transit,2016.0,Kepler,Published Confirmed,0,220.1303357,5.52,,,,6146.0,1.26,1.17,1274.01
Kepler-461 b,Kepler-461,1,1,Transit,2016.0,Kepler,Published Confirmed,0,8.313783059,2.58,,,,5634.0,0.91,0.98,692.158
Kepler-462 b,Kepler-462,1,2,Transit,2016.0,Kepler,Published Confirmed,0,84.6866,3.0,53.9,,,7500.0,1.57,1.59,596.625
Kepler-462 c,Kepler-462,1,2,Transit,2020.0,Kepler,Published Confirmed,0,207.62,4.0,6.0,,,7500.0,1.57,1.59,596.625
Kepler-463 b,Kepler-463,1,1,Transit,2016.0,Kepler,Published Confirmed,0,8.981016833,3.05,,,,5661.0,0.9,0.87,394.804
Kepler-464 b,Kepler-464,1,1,Transit,2016.0,Kepler,Published Confirmed,0,7.256965224,3.3,,,,5933.0,1.59,1.21,667.604
Kepler-465 b,Kepler-465,1,1,Transit,2016.0,Kepler,Published Confirmed,0,9.940672466,2.95,,,,6310.0,1.29,1.23,553.077
Kepler-466 b,Kepler-466,1,2,Transit,2016.0,Kepler,Published Confirmed,0,51.07926307,2.85,,,,5927.0,1.05,1.04,530.122
Kepler-466 c,Kepler-466,1,2,Transit,2016.0,Kepler,Published Confirmed,0,3.709213846,1.25,,,,5927.0,1.05,1.04,530.122
Kepler-467 b,Kepler-467,1,1,Transit,2016.0,Kepler,Published Confirmed,0,24.99324193,2.25,,,,5809.0,1.37,1.05,466.265
Kepler-468 b,Kepler-468,1,1,Transit,2016.0,Kepler,Published Confirmed,0,38.478757067,13.34,,,,5498.0,0.87,0.96,442.871
Kepler-47 b,Kepler-47,2,3,Transit,2012.0,Kepler,Published Confirmed,0,49.532,3.03,636.0,,,5636.0,0.963,1.049,1025.02
Kepler-47 c,Kepler-47,2,3,Transit,2012.0,Kepler,Published Confirmed,0,303.137,4.62,8899.0,,,5636.0,0.963,1.049,1025.02
Kepler-47 d,Kepler-47,2,3,Transit,2019.0,Kepler,Published Confirmed,0,187.366,7.04,19.02,,,,0.936,0.957,1025.02
Kepler-471 b,Kepler-471,1,1,Transit,2016.0,Kepler,Published Confirmed,0,5.014234575,14.96,,,,6733.0,1.8,1.49,1249.41
Kepler-472 b,Kepler-472,1,1,Transit,2016.0,Kepler,Published Confirmed,0,4.176255514,3.22,,,,4996.0,0.78,0.85,306.602
Kepler-473 b,Kepler-473,1,1,Transit,2016.0,Kepler,Published Confirmed,0,14.55731705,4.08,,,,5816.0,1.34,1.06,905.937
Kepler-474 b,Kepler-474,1,1,Transit,2016.0,Kepler,Published Confirmed,0,5.660672935,3.06,,,,5785.0,1.08,0.99,841.496
Kepler-475 b,Kepler-475,1,1,Transit,2016.0,Kepler,Published Confirmed,0,3.105508189,2.49,,,,5009.0,0.79,0.86,280.069
Kepler-476 b,Kepler-476,1,1,Transit,2016.0,Kepler,Published Confirmed,0,14.00640607,3.08,,,,5837.0,1.09,1.03,813.535
Kepler-477 b,Kepler-477,2,1,Transit,2016.0,Kepler,Published Confirmed,0,11.11990653,2.07,,,,5240.0,0.79,0.87,
Kepler-478 b,Kepler-478,1,1,Transit,2016.0,Kepler,Published Confirmed,0,13.2217576,2.71,,,,5210.0,0.8,0.85,
Kepler-479 b,Kepler-479,1,1,Transit,2016.0,Kepler,Published Confirmed,0,12.49341307,2.12,,,,5247.0,0.81,0.86,344.901
Kepler-48 b,Kepler-48,1,5,Transit,2012.0,Kepler,Published Confirmed,0,4.7779803,2.14,21.1,,,5190.0,0.89,0.89,306.738
Kepler-48 c,Kepler-48,1,5,Transit,2012.0,Kepler,Published Confirmed,0,9.67395,2.71,14.61,,,5194.0,0.89,0.88,306.738
Kepler-48 d,Kepler-48,1,5,Transit,2014.0,Kepler,Published Confirmed,0,42.8961,2.04,7.93,,,5194.0,0.89,0.88,306.738
Kepler-48 e,Kepler-48,1,5,Radial Velocity,2014.0,W. M. Keck Observatory,Published Confirmed,0,982.0,,657.0,,,5194.0,0.89,0.88,306.738
Kepler-48 f,Kepler-48,1,5,Radial Velocity,2023.0,W. M. Keck Observatory,Published Confirmed,0,5219.681854,,298.5809968,,,,,0.916,306.738
Kepler-480 b,Kepler-480,1,1,Transit,2016.0,Kepler,Published Confirmed,0,4.919583795,2.78,,,,6322.0,1.34,1.25,847.508
Kepler-481 b,Kepler-481,1,1,Transit,2016.0,Kepler,Published Confirmed,0,10.06082567,2.5,,,,5802.0,1.09,1.01,813.724
Kepler-482 b,Kepler-482,1,1,Transit,2016.0,Kepler,Published Confirmed,0,56.35418576,2.36,,,,4871.0,0.72,0.75,313.068
Kepler-483 b,Kepler-483,1,1,Transit,2016.0,Kepler,Published Confirmed,0,30.229104,3.21,,,,6346.0,1.47,1.28,860.355
Kepler-484 b,Kepler-484,1,1,Transit,2016.0,Kepler,Published Confirmed,0,10.045569313,2.28,,,,5668.0,0.87,0.96,382.136
Kepler-485 b,Kepler-485,1,1,Transit,2016.0,Kepler,Published Confirmed,0,3.243259796,14.41,,,,5958.0,1.09,1.07,1140.95
Kepler-487 b,Kepler-487,1,3,Transit,2016.0,Kepler,Published Confirmed,0,15.358768403,11.42,,,,5444.0,0.88,0.91,872.343
Kepler-487 c,Kepler-487,1,3,Transit,2016.0,Kepler,Published Confirmed,0,38.6519976,2.68,,,,5444.0,0.88,0.91,872.343
Kepler-487 d,Kepler-487,1,3,Transit,2021.0,Kepler,Published Confirmed,0,2.418390036,2.77513568,,,,5422.0,0.887,0.874,872.343
Kepler-489 b,Kepler-489,1,1,Transit,2016.0,Kepler,Published Confirmed,0,17.276296119,7.72,,,,5014.0,0.76,0.82,369.645
Kepler-49 b,Kepler-49,1,4,Transit,2012.0,Kepler,Published Confirmed,0,7.20349407,2.18,,495.0,M1 V,3816.0,0.51,0.54,311.222
Kepler-49 c,Kepler-49,1,4,Transit,2012.0,Kepler,Published Confirmed,0,10.91401005,1.9,,431.0,M1 V,3816.0,0.51,0.54,311.222
Kepler-49 d,Kepler-49,1,4,Transit,2014.0,Kepler,Published Confirmed,0,2.57653594,1.51,,697.0,M1 V,3816.0,0.51,0.54,311.222
Kepler-49 e,Kepler-49,1,4,Transit,2014.0,Kepler,Published Confirmed,0,18.596,1.96,,,,3903.0,0.523,0.541,311.222
Kepler-490 b,Kepler-490,1,1,Transit,2016.0,Kepler,Published Confirmed,0,3.268695154,11.65,,,,6045.0,1.12,1.08,1523.0
Kepler-491 b,Kepler-491,1,1,Transit,2016.0,Kepler,Published Confirmed,0,4.225384512,8.92,,,,5582.0,1.03,1.04,630.785
Kepler-493 b,Kepler-493,1,1,Transit,2016.0,Kepler,Published Confirmed,0,3.003876581,15.13,,,,6457.0,1.54,1.36,1745.77
Kepler-495 b,Kepler-495,1,2,Transit,2016.0,Kepler,Published Confirmed,0,3.413036221,5.23,,,,5346.0,0.83,0.86,658.924
Kepler-495 c,Kepler-495,1,2,Transit,2021.0,Kepler,Published Confirmed,0,5.896609783,1.21936414,,,,5392.0,1.087,0.888,658.924
Kepler-496 b,Kepler-496,1,1,Transit,2016.0,Kepler,Published Confirmed,0,8.30864937,2.32,,,,5293.0,0.82,0.86,605.274
Kepler-497 b,Kepler-497,1,1,Transit,2016.0,Kepler,Published Confirmed,0,3.573203671,6.04,,,,5834.0,1.11,1.09,1291.98
Kepler-498 b,Kepler-498,1,1,Transit,2016.0,Kepler,Published Confirmed,0,9.61375356,3.03,,,,5744.0,0.96,0.98,938.844
Kepler-499 b,Kepler-499,1,1,Transit,2016.0,Kepler,Published Confirmed,0,5.632528453,2.17,,,,5312.0,0.83,0.87,556.726
Kepler-5 b,Kepler-5,1,1,Transit,2009.0,Kepler,Published Confirmed,0,3.5484657,15.984034,670.93913,1750.0,,6297.0,1.793,1.374,899.777
Kepler-50 b,Kepler-50,1,2,Transit,2012.0,Kepler,Published Confirmed,1,7.8125124,2.2,8.9,,,6058.0,1.88,1.23,250.11
Kepler-50 c,Kepler-50,1,2,Transit,2012.0,Kepler,Published Confirmed,1,9.3761368,2.79,8.2,,,6058.0,1.88,1.23,250.11
Kepler-500 b,Kepler-500,1,1,Transit,2016.0,Kepler,Published Confirmed,0,8.508324398,2.58,,,,5813.0,1.03,1.02,807.48
Kepler-501 b,Kepler-501,1,2,Transit,2016.0,Kepler,Published Confirmed,0,5.640677572,4.3,,,,5904.0,1.04,1.03,1125.24
Kepler-501 c,Kepler-501,1,2,Transit,2021.0,Kepler,Published Confirmed,0,3.622760057,1.68119739,,,,5794.0,1.216,1.032,1125.24
Kepler-502 b,Kepler-502,1,1,Transit,2016.0,Kepler,Published Confirmed,0,4.28686431,4.77,,,,6125.0,1.22,1.15,1591.04
Kepler-504 b,Kepler-504,2,1,Transit,2016.0,Kepler,Published Confirmed,0,9.549275422,1.59,,,,3519.0,0.33,0.33,99.0688
Kepler-505 b,Kepler-505,1,1,Transit,2016.0,Kepler,Published Confirmed,0,27.52197994,2.6,,,,3931.0,0.53,0.55,283.41
Kepler-506 b,Kepler-506,1,1,Transit,2016.0,Kepler,Published Confirmed,0,6.8834055,2.73,,,,6236.0,1.19,1.19,228.439
Kepler-507 b,Kepler-507,1,1,Transit,2016.0,Kepler,Published Confirmed,0,3.568096926,1.3,,,,6113.0,1.32,1.16,391.644
Kepler-508 b,Kepler-508,1,1,Transit,2016.0,Kepler,Published Confirmed,0,25.30889748,1.64,,,,6025.0,1.25,1.16,324.618
Kepler-509 b,Kepler-509,1,1,Transit,2016.0,Kepler,Published Confirmed,0,41.74600392,2.49,,,,6060.0,1.2,1.1,332.443
Kepler-51 b,Kepler-51,1,4,Transit,2012.0,Kepler,Published Confirmed,0,45.154,7.1,2.1,543.0,,6018.0,0.94,1.04,783.831
Kepler-51 c,Kepler-51,1,4,Transit,2012.0,Kepler,Published Confirmed,0,85.312,9.0,4.0,439.0,,6018.0,0.94,1.04,783.831
Kepler-51 d,Kepler-51,1,4,Transit,2014.0,Kepler,Published Confirmed,0,130.194,9.7,7.6,381.0,,6018.0,0.94,1.04,783.831
Kepler-51 e,Kepler-51,1,4,Transit Timing Variations,2024.0,Multiple Observatories,Published Confirmed,0,256.86,,3.8,,,5674.0,0.87,0.96,783.831
Kepler-510 b,Kepler-510,1,1,Transit,2016.0,Kepler,Published Confirmed,0,19.55659418,2.47,,,,5746.0,1.41,0.91,386.177
Kepler-511 b,Kepler-511,1,2,Transit,2016.0,Kepler,Published Confirmed,0,296.637865,6.35,,,,5770.0,1.2,1.0,651.999
Kepler-511 c,Kepler-511,1,2,Transit,2021.0,Kepler,Published Confirmed,0,26.62949944,4.20964327,,,,5866.0,1.417,0.958,651.999
Kepler-512 b,Kepler-512,1,1,Transit,2016.0,Kepler,Published Confirmed,0,34.43587975,2.69,,,,5997.0,1.3,1.17,467.375
Kepler-513 b,Kepler-513,1,1,Transit,2016.0,Kepler,Published Confirmed,0,28.86235584,2.2,,,,5849.0,1.06,1.02,468.258
Kepler-514 b,Kepler-514,2,1,Transit,2016.0,Kepler,Published Confirmed,0,5.65179605,1.72,,,,6106.0,1.44,1.28,455.336
Kepler-515 b,Kepler-515,2,1,Transit,2016.0,Kepler,Published Confirmed,0,19.96371318,1.46,,,,5293.0,0.83,0.9,
Kepler-516 b,Kepler-516,1,1,Transit,2016.0,Kepler,Published Confirmed,0,24.85462415,5.74,,,,7099.0,2.02,1.62,687.094
Kepler-517 b,Kepler-517,2,1,Transit,2016.0,Kepler,Published Confirmed,0,60.92832271,2.67,,,,5690.0,0.98,0.95,289.907
Kepler-518 b,Kepler-518,1,1,Transit,2016.0,Kepler,Published Confirmed,0,8.512035877,2.11,,,,5842.0,0.88,0.96,337.901
Kepler-519 b,Kepler-519,2,1,Transit,2016.0,Kepler,Published Confirmed,0,24.3078946,2.1,,,,5260.0,0.8,0.89,246.61
Kepler-52 b,Kepler-52,1,3,Transit,2012.0,Kepler,Published Confirmed,0,7.87761021,1.93,,499.0,M0 V,3898.0,0.54,0.56,321.542
Kepler-52 c,Kepler-52,1,3,Transit,2012.0,Kepler,Published Confirmed,0,16.38522911,1.69,,390.0,M0 V,3898.0,0.54,0.56,321.542
Kepler-52 d,Kepler-52,1,3,Transit,2014.0,Kepler,Published Confirmed,0,36.4451982,2.14,,,,4242.0,0.63,0.66,321.542
Kepler-520 b,Kepler-520,1,2,Transit,2016.0,Kepler,Published Confirmed,0,19.67416124,1.66,,,,6112.0,1.09,1.1,623.901
Kepler-520 c,Kepler-520,1,2,Transit,2016.0,Kepler,Published Confirmed,0,5.21104261,1.07,,,,6112.0,1.09,1.1,623.901
Kepler-521 b,Kepler-521,1,1,Transit,2016.0,Kepler,Published Confirmed,0,22.20813214,3.18,,,,6406.0,1.46,1.34,830.638
Kepler-522 b,Kepler-522,1,1,Transit,2016.0,Kepler,Published Confirmed,0,38.58422849,6.91,,,,6392.0,1.98,1.54,639.239
Kepler-523 b,Kepler-523,1,1,Transit,2016.0,Kepler,Published Confirmed,0,5.835983111,1.96,,,,5515.0,0.86,0.93,253.295
Kepler-524 b,Kepler-524,1,2,Transit,2016.0,Kepler,Published Confirmed,0,7.97419807,1.91,,,,6014.0,1.1,1.09,1058.24
Kepler-524 c,Kepler-524,1,2,Transit,2016.0,Kepler,Published Confirmed,0,1.88897906,0.96,,,,6014.0,1.1,1.09,1058.24
Kepler-525 b,Kepler-525,1,1,Transit,2016.0,Kepler,Published Confirmed,0,18.68404933,2.63,,,,5573.0,1.15,0.95,992.852
Kepler-526 b,Kepler-526,1,1,Transit,2016.0,Kepler,Published Confirmed,0,5.458498316,1.99,,,,5894.0,1.14,1.15,666.146
Kepler-527 b,Kepler-527,1,1,Transit,2016.0,Kepler,Published Confirmed,0,13.28535633,2.84,,,,6388.0,1.45,1.28,750.04
Kepler-528 b,Kepler-528,1,1,Transit,2016.0,Kepler,Published Confirmed,0,19.78297415,2.08,,,,5807.0,1.06,1.01,784.23
Kepler-529 b,Kepler-529,1,3,Transit,2016.0,Kepler,Published Confirmed,0,1.980357663,1.86,,,,6087.0,1.14,1.07,799.008
Kepler-529 c,Kepler-529,1,3,Transit,2016.0,Kepler,Published Confirmed,0,12.8345022,2.0,,,,6087.0,1.14,1.07,799.008
Kepler-529 d,Kepler-529,1,3,Transit,2021.0,Kepler,Published Confirmed,0,35.86619949,2.79502603,,,,6078.0,1.189,1.005,799.008
Kepler-53 b,Kepler-53,1,3,Transit,2012.0,Kepler,Published Confirmed,0,18.6489525,2.89,111.0,,,5858.0,0.89,0.98,1366.07
Kepler-53 c,Kepler-53,1,3,Transit,2012.0,Kepler,Published Confirmed,0,38.5583038,3.17,36.0,,,5858.0,0.89,0.98,1366.07
Kepler-53 d,Kepler-53,1,3,Transit,2014.0,Kepler,Published Confirmed,0,9.75193182,2.54,,,,5767.0,0.97,0.98,1366.07
Kepler-530 b,Kepler-530,2,1,Transit,2016.0,Kepler,Published Confirmed,0,39.30941904,3.01,,,,5697.0,0.89,0.97,457.709
Kepler-531 b,Kepler-531,1,1,Transit,2016.0,Kepler,Published Confirmed,0,29.88485741,2.78,,,,4893.0,0.75,0.78,252.762
Kepler-532 b,Kepler-532,1,1,Transit,2016.0,Kepler,Published Confirmed,0,12.92491623,2.57,,,,5192.0,0.79,0.87,312.798
Kepler-533 b,Kepler-533,1,1,Transit,2016.0,Kepler,Published Confirmed,0,28.51120525,3.38,,,,4758.0,0.72,0.78,302.955
Kepler-534 b,Kepler-534,1,2,Transit,2016.0,Kepler,Published Confirmed,0,15.95994513,2.24,,,,5884.0,0.98,1.05,570.659
Kepler-534 c,Kepler-534,1,2,Transit,2021.0,Kepler,Published Confirmed,0,7.378689766,1.227,,,,5936.0,0.965,1.075,570.659
Kepler-535 b,Kepler-535,1,1,Transit,2016.0,Kepler,Published Confirmed,0,4.903321551,2.36,,,,6123.0,1.27,1.18,685.599
Kepler-536 b,Kepler-536,1,1,Transit,2016.0,Kepler,Published Confirmed,0,1.827082299,3.1,,,,5524.0,0.89,0.92,462.322
Kepler-537 b,Kepler-537,1,1,Transit,2016.0,Kepler,Published Confirmed,0,3.247555219,1.41,,,,5763.0,0.99,1.07,439.4
Kepler-538 b,Kepler-538,2,1,Transit,2016.0,Kepler,Published Confirmed,0,81.73778,2.215,12.9,417.0,,5534.0,0.8717,0.892,155.956
Kepler-539 b,Kepler-539,1,2,Transit,2016.0,Kepler,Published Confirmed,0,125.63243,8.373123,308.2951,387.6,G2 V,5820.0,0.952,1.048,307.318
Kepler-539 c,Kepler-539,1,2,Transit Timing Variations,2016.0,Kepler,Published Confirmed,0,1000.0,,762.792,253.0,G2 V,5820.0,0.952,1.048,307.318
Kepler-54 b,Kepler-54,1,3,Transit,2012.0,Kepler,Published Confirmed,0,8.01280975,1.8,,453.0,M1 V,3726.0,0.47,0.49,271.701
Kepler-54 c,Kepler-54,1,3,Transit,2012.0,Kepler,Published Confirmed,0,12.07,1.688,2.1,,,3853.9,0.522,0.518,271.701
Kepler-54 d,Kepler-54,1,3,Transit,2014.0,Kepler,Published Confirmed,0,20.995,1.14,,,,3579.0,0.33,0.349,271.701
Kepler-540 b,Kepler-540,1,1,Transit,2016.0,Kepler,Published Confirmed,0,172.7049784,2.71,,,,5946.0,1.08,1.02,390.374
Kepler-541 b,Kepler-541,1,1,Transit,2016.0,Kepler,Published Confirmed,0,5.08005848,3.36,,,,6166.0,2.06,1.41,1060.68
Kepler-542 b,Kepler-542,1,1,Transit,2016.0,Kepler,Published Confirmed,0,13.14497566,1.57,,,,5526.0,0.9,0.93,436.016
Kepler-543 b,Kepler-543,1,1,Transit,2016.0,Kepler,Published Confirmed,0,13.89961966,2.5,,,,4671.0,0.67,0.7,221.802
Kepler-544 b,Kepler-544,1,1,Transit,2016.0,Kepler,Published Confirmed,0,21.41616926,2.12,,,,6206.0,1.22,1.16,963.18
Kepler-545 b,Kepler-545,1,1,Transit,2016.0,Kepler,Published Confirmed,0,13.24934059,2.69,,,,5882.0,1.07,1.04,818.001
Kepler-546 b,Kepler-546,1,1,Transit,2016.0,Kepler,Published Confirmed,0,4.147020258,7.0,,,,5967.0,1.15,1.11,1019.65
Kepler-547 b,Kepler-547,1,1,Transit,2016.0,Kepler,Published Confirmed,0,6.010384289,4.0,,,,4828.0,0.73,0.78,378.972
Kepler-548 b,Kepler-548,1,1,Transit,2016.0,Kepler,Published Confirmed,0,4.454194338,11.99,,,,5535.0,0.9,0.93,751.776
Kepler-549 b,Kepler-549,1,3,Transit,2016.0,Kepler,Published Confirmed,0,42.9495649,2.57,,,,5360.0,0.84,0.88,635.145
Kepler-549 c,Kepler-549,1,3,Transit,2016.0,Kepler,Published Confirmed,0,117.040498,2.93,,,,5360.0,0.84,0.88,635.145
Kepler-549 d,Kepler-549,1,3,Transit,2023.0,Kepler,Published Confirmed,0,24.6147995,4.546,,,,5312.0,0.986,0.859,635.145
Kepler-55 b,Kepler-55,1,5,Transit,2012.0,Kepler,Published Confirmed,0,27.95,2.58,43.0,,,,0.658,0.65,578.796
Kepler-55 c,Kepler-55,1,5,Transit,2012.0,Kepler,Published Confirmed,0,42.1516418,2.21,,,,4362.0,0.58,0.62,578.796
Kepler-55 d,Kepler-55,1,5,Transit,2014.0,Kepler,Published Confirmed,0,2.211122847,1.69,,,,4508.0,0.68,0.72,578.796
Kepler-55 e,Kepler-55,1,5,Transit,2014.0,Kepler,Published Confirmed,0,4.61746693,1.54,,,,4508.0,0.68,0.72,578.796
Kepler-55 f,Kepler-55,1,5,Transit,2014.0,Kepler,Published Confirmed,0,10.19851808,1.62,,,,4508.0,0.68,0.72,578.796
Kepler-550 b,Kepler-550,1,1,Transit,2016.0,Kepler,Published Confirmed,0,8.600104109,4.42,,,,5322.0,0.83,0.87,531.944
Kepler-551 b,Kepler-551,1,1,Transit,2016.0,Kepler,Published Confirmed,0,12.3764661,2.73,,,,4286.0,0.63,0.65,311.175
Kepler-552 b,Kepler-552,1,1,Transit,2016.0,Kepler,Published Confirmed,0,5.263415765,3.95,,,,5863.0,1.04,1.03,843.689
Kepler-553 b,Kepler-553,1,2,Transit,2016.0,Kepler,Published Confirmed,0,4.030467,4.74139884,116.00736855,1089.0,,5191.0,0.902,0.889,728.525
Kepler-553 c,Kepler-553,1,2,Transit,2016.0,Kepler,Published Confirmed,0,328.24017,11.57887706,2129.4503269,251.0,,5191.0,0.902,0.889,728.525
Kepler-554 b,Kepler-554,1,1,Transit,2016.0,Kepler,Published Confirmed,0,1.902208556,4.29,,,,5447.0,0.92,0.93,690.525
Kepler-555 b,Kepler-555,1,1,Transit,2016.0,Kepler,Published Confirmed,0,16.21775407,2.83,,,,5894.0,1.04,1.03,973.121
Kepler-556 b,Kepler-556,1,1,Transit,2016.0,Kepler,Published Confirmed,0,11.72292176,2.24,,,,5740.0,0.98,1.0,674.598
Kepler-557 b,Kepler-557,1,1,Transit,2016.0,Kepler,Published Confirmed,0,3.705989551,2.67,,,,6068.0,1.16,1.11,2097.12
Kepler-558 b,Kepler-558,1,1,Transit,2016.0,Kepler,Published Confirmed,0,29.00790538,2.37,,,,5242.0,0.81,0.85,661.876
Kepler-559 b,Kepler-559,1,1,Transit,2016.0,Kepler,Published Confirmed,0,17.58752333,3.61,,,,5630.0,0.95,0.96,776.708
Kepler-56 b,Kepler-56,1,3,Transit,2012.0,Kepler,Published Confirmed,0,10.5016,6.51,22.1,,,4840.0,4.23,1.32,912.994
Kepler-56 c,Kepler-56,1,3,Transit,2012.0,Kepler,Published Confirmed,0,21.40239,9.8,181.0,,,4840.0,4.23,1.32,912.994
Kepler-56 d,Kepler-56,1,3,Radial Velocity,2016.0,Multiple Observatories,Published Confirmed,0,1002.0,,1784.0,,,4819.44,4.21799,,912.994
Kepler-560 b,Kepler-560,2,1,Transit,2016.0,Kepler,Published Confirmed,0,18.477644,1.47,,298.0,,3430.0,0.272,0.269,109.308
Kepler-561 b,Kepler-561,1,2,Transit,2016.0,Kepler,Published Confirmed,0,58.3620495,6.96,,,,5646.0,0.94,0.96,621.378
Kepler-561 c,Kepler-561,1,2,Transit,2016.0,Kepler,Published Confirmed,0,5.350161983,2.68,,,,5646.0,0.94,0.96,621.378
Kepler-562 b,Kepler-562,1,1,Transit,2016.0,Kepler,Published Confirmed,0,18.009314436,5.21,,,,5575.0,0.9,0.93,992.769
Kepler-563 b,Kepler-563,1,1,Transit,2016.0,Kepler,Published Confirmed,0,22.18432708,3.09,,,,5066.0,0.77,0.8,565.207
Kepler-564 b,Kepler-564,1,1,Transit,2016.0,Kepler,Published Confirmed,0,3.750832285,4.63,,,,5626.0,0.92,0.95,863.037
Kepler-565 b,Kepler-565,1,1,Transit,2016.0,Kepler,Published Confirmed,0,4.243747226,3.64,,,,5735.0,0.95,0.98,
Kepler-566 b,Kepler-566,1,1,Transit,2016.0,Kepler,Published Confirmed,0,18.42794624,2.15,,,,5132.0,0.79,0.83,564.277
Kepler-567 b,Kepler-567,1,1,Transit,2016.0,Kepler,Published Confirmed,0,16.54297375,2.25,,,,5148.0,0.79,0.84,558.81
Kepler-568 b,Kepler-568,1,1,Transit,2016.0,Kepler,Published Confirmed,0,11.02347475,2.26,,,,3768.0,0.53,0.55,130.645
Kepler-569 b,Kepler-569,1,1,Transit,2016.0,Kepler,Published Confirmed,0,34.18890521,3.16,,,,5616.0,0.93,0.95,638.301
Kepler-57 b,Kepler-57,1,2,Transit,2012.0,Kepler,Published Confirmed,0,5.72,3.135,25.06,,,5187.9,0.826,0.859,644.14
Kepler-57 c,Kepler-57,1,2,Transit,2012.0,Kepler,Published Confirmed,0,11.6,2.196,6.86,,,5187.9,0.826,0.859,644.14
Kepler-570 b,Kepler-570,1,1,Transit,2016.0,Kepler,Published Confirmed,0,4.301662003,2.45,,,,5496.0,0.9,0.93,568.148
Kepler-571 b,Kepler-571,1,1,Transit,2016.0,Kepler,Published Confirmed,0,4.798599388,2.64,,,,5527.0,0.9,0.93,723.875
Kepler-572 b,Kepler-572,1,1,Transit,2016.0,Kepler,Published Confirmed,0,17.20523483,2.58,,,,5212.0,0.79,0.83,504.667
Kepler-573 b,Kepler-573,1,1,Transit,2016.0,Kepler,Published Confirmed,0,22.18329658,2.79,,,,5746.0,1.02,0.99,771.471
Kepler-574 b,Kepler-574,1,1,Transit,2016.0,Kepler,Published Confirmed,0,7.65880414,2.39,,,,5612.0,0.91,0.95,682.896
Kepler-575 b,Kepler-575,1,1,Transit,2016.0,Kepler,Published Confirmed,0,9.37891944,2.39,,,,5710.0,0.95,0.97,853.977
Kepler-576 b,Kepler-576,1,1,Transit,2016.0,Kepler,Published Confirmed,0,29.91136794,3.27,,,,5672.0,0.97,0.99,617.55
Kepler-577 b,Kepler-577,1,1,Transit,2016.0,Kepler,Published Confirmed,0,25.69578251,2.55,,,,4984.0,0.73,0.78,524.247
Kepler-578 b,Kepler-578,1,1,Transit,2016.0,Kepler,Published Confirmed,0,1.616883696,2.0,,,,5334.0,0.83,0.87,541.432
Kepler-579 b,Kepler-579,1,1,Transit,2016.0,Kepler,Published Confirmed,0,9.66857723,2.0,,,,5636.0,0.96,0.99,530.765
Kepler-58 b,Kepler-58,1,4,Transit,2012.0,Kepler,Published Confirmed,0,10.2184954,2.78,35.5,,,5843.0,1.03,0.95,969.252
Kepler-58 c,Kepler-58,1,4,Transit,2012.0,Kepler,Published Confirmed,0,15.5741568,2.86,53.0,,,5843.0,1.03,0.95,969.252
Kepler-58 d,Kepler-58,1,4,Transit,2014.0,Kepler,Published Confirmed,0,40.1014272,4.59,,,,6429.0,1.5,1.33,969.252
Kepler-58 e,Kepler-58,1,4,Transit,2023.0,Kepler,Published Confirmed,0,4.458169937,1.69200003,,,,6100.0,1.083,1.017,969.252
Kepler-580 b,Kepler-580,1,1,Transit,2016.0,Kepler,Published Confirmed,0,8.222419656,2.57,,,,4298.0,0.64,0.67,323.899
Kepler-581 b,Kepler-581,1,1,Transit,2016.0,Kepler,Published Confirmed,0,40.6069821,2.63,,,,5772.0,1.0,1.0,703.758
Kepler-582 b,Kepler-582,1,1,Transit,2016.0,Kepler,Published Confirmed,0,18.49235668,3.68,,,,5564.0,0.91,0.93,613.179
Kepler-583 b,Kepler-583,1,1,Transit,2016.0,Kepler,Published Confirmed,0,6.5100253,2.28,,,,5523.0,0.91,0.94,867.271
Kepler-584 b,Kepler-584,1,1,Transit,2016.0,Kepler,Published Confirmed,0,35.1810304,4.21,,,,6195.0,1.24,1.17,1848.84
Kepler-585 b,Kepler-585,1,1,Transit,2016.0,Kepler,Published Confirmed,0,2.752359753,2.83,,,,5593.0,0.93,0.96,585.187
Kepler-586 b,Kepler-586,1,1,Transit,2016.0,Kepler,Published Confirmed,0,2.104722184,2.79,,,,5575.0,0.92,0.94,693.766
Kepler-587 b,Kepler-587,1,1,Transit,2016.0,Kepler,Published Confirmed,0,10.94027841,2.23,,,,5549.0,0.89,0.92,787.894
Kepler-588 b,Kepler-588,1,1,Transit,2016.0,Kepler,Published Confirmed,0,4.221625357,2.63,,,,5835.0,1.0,1.01,1209.4
Kepler-589 b,Kepler-589,1,2,Transit,2016.0,Kepler,Published Confirmed,0,16.54964934,2.27,,,,5296.0,0.83,0.88,612.803
Kepler-589 c,Kepler-589,1,2,Transit,2021.0,Kepler,Published Confirmed,0,3.52466011,1.11727238,,,,5372.0,0.916,0.832,612.803
Kepler-59 b,Kepler-59,1,2,Transit,2012.0,Kepler,Published Confirmed,0,11.8681707,1.1,,,,6074.0,0.94,1.04,1163.22
Kepler-59 c,Kepler-59,1,2,Transit,2012.0,Kepler,Published Confirmed,0,17.9776157,1.92,,,,6085.0,1.17,1.12,1163.22
Kepler-590 b,Kepler-590,1,1,Transit,2016.0,Kepler,Published Confirmed,0,5.85296257,4.02,,,,6000.0,1.15,1.1,1421.81
Kepler-591 b,Kepler-591,1,1,Transit,2016.0,Kepler,Published Confirmed,0,81.1694299,3.39,,,,5677.0,0.94,0.97,785.137
Kepler-592 b,Kepler-592,1,1,Transit,2016.0,Kepler,Published Confirmed,0,2.820192408,2.39,,,,5913.0,1.04,1.04,1153.13
Kepler-593 b,Kepler-593,1,1,Transit,2016.0,Kepler,Published Confirmed,0,21.21708973,2.87,,,,5967.0,1.1,1.08,973.76
Kepler-594 b,Kepler-594,1,1,Transit,2016.0,Kepler,Published Confirmed,0,13.64618192,2.18,,,,5485.0,0.87,0.91,769.2
Kepler-595 b,Kepler-595,1,2,Transit,2016.0,Kepler,Published Confirmed,0,25.30292332,3.81,,,,5247.0,0.83,0.87,643.009
Kepler-595 c,Kepler-595,1,2,Transit,2020.0,Kepler,Published Confirmed,0,12.38602,1.009,3.3,,,,0.821,0.93,643.009
Kepler-596 b,Kepler-596,1,1,Transit,2016.0,Kepler,Published Confirmed,0,21.30022655,3.46,,,,6267.0,1.32,1.21,1023.85
Kepler-597 b,Kepler-597,1,1,Transit,2016.0,Kepler,Published Confirmed,0,13.02365861,2.37,,,,5683.0,0.95,0.97,663.418
Kepler-598 b,Kepler-598,1,2,Transit,2016.0,Kepler,Published Confirmed,0,3.70175428,1.5,,,,5307.0,0.86,0.87,681.086
Kepler-598 c,Kepler-598,1,2,Transit,2020.0,Kepler,Published Confirmed,0,86.4945,3.02420941,,,,5245.0,0.900316,0.9,681.086
Kepler-599 b,Kepler-599,1,1,Transit,2016.0,Kepler,Published Confirmed,0,15.65562652,2.84,,,,5127.0,0.79,0.83,558.517
Kepler-6 b,Kepler-6,1,1,Transit,2009.0,Kepler,Published Confirmed,0,3.2346996,14.616536,212.31044,1460.0,,5647.0,1.391,1.209,587.039
Kepler-60 b,Kepler-60,1,3,Transit,2012.0,Kepler,Published Confirmed,0,7.1334,1.71,4.19,,,5905.0,1.257,1.041,1025.1
Kepler-60 c,Kepler-60,1,3,Transit,2012.0,Kepler,Published Confirmed,0,8.9,2.049,3.84,,,6024.0,1.434,1.131,1025.1
Kepler-60 d,Kepler-60,1,3,Transit,2012.0,Kepler,Published Confirmed,0,11.9,2.511,4.4,,,6024.0,1.434,1.131,1025.1
Kepler-600 b,Kepler-600,1,1,Transit,2016.0,Kepler,Published Confirmed,0,23.67517607,2.9,,,,5279.0,0.81,0.84,619.723
Kepler-601 b,Kepler-601,1,1,Transit,2016.0,Kepler,Published Confirmed,0,5.378868441,1.9,,,,5160.0,0.79,0.85,414.825
Kepler-602 b,Kepler-602,1,1,Transit,2016.0,Kepler,Published Confirmed,0,15.28469497,2.09,,,,6062.0,1.13,1.08,1159.31
Kepler-603 b,Kepler-603,1,3,Transit,2016.0,Kepler,Published Confirmed,0,21.05358596,2.65,,,,5808.0,1.01,1.01,1539.63
Kepler-603 c,Kepler-603,1,3,Transit,2016.0,Kepler,Published Confirmed,0,127.9075774,6.5,,,,5808.0,1.01,1.01,1539.63
Kepler-603 d,Kepler-603,1,3,Transit,2016.0,Kepler,Published Confirmed,0,6.2171292,1.32,,,,5808.0,1.01,1.01,1539.63
Kepler-604 b,Kepler-604,1,1,Transit,2016.0,Kepler,Published Confirmed,0,25.85501786,2.59,,,,5890.0,1.03,1.02,1026.49
Kepler-605 b,Kepler-605,1,2,Transit,2016.0,Kepler,Published Confirmed,0,3.383538066,1.44,,,,5462.0,0.88,0.91,556.58
Kepler-605 c,Kepler-605,1,2,Transit,2016.0,Kepler,Published Confirmed,0,2.358951515,0.86,,,,5462.0,0.88,0.91,556.58
Kepler-606 b,Kepler-606,1,1,Transit,2016.0,Kepler,Published Confirmed,0,24.31575992,3.31,,,,6161.0,1.22,1.13,1215.11
Kepler-607 b,Kepler-607,1,2,Transit,2016.0,Kepler,Published Confirmed,0,0.638163204,0.87,,,,5196.0,0.8,0.84,519.122
Kepler-607 c,Kepler-607,1,2,Transit,2021.0,Kepler,Published Confirmed,0,39.67679977,2.76001201,,,,5244.0,0.888,0.808,519.122
Kepler-608 b,Kepler-608,1,1,Transit,2016.0,Kepler,Published Confirmed,0,6.412515037,3.64,,,,5820.0,1.01,1.0,946.683
Kepler-609 b,Kepler-609,1,1,Transit,2016.0,Kepler,Published Confirmed,0,6.521210666,3.35,,,,5971.0,1.14,1.09,1065.82
Kepler-61 b,Kepler-61,1,1,Transit,2013.0,Kepler,Published Confirmed,0,59.87756,2.15,,273.0,K7 V,4017.0,0.62,0.635,335.079
Kepler-610 b,Kepler-610,1,2,Transit,2016.0,Kepler,Published Confirmed,0,6.996926554,4.19,,,,5943.0,1.13,1.1,845.824
Kepler-610 c,Kepler-610,1,2,Transit,2016.0,Kepler,Published Confirmed,0,151.86392,3.3,,,,5943.0,1.13,1.1,845.824
Kepler-611 b,Kepler-611,1,1,Transit,2016.0,Kepler,Published Confirmed,0,2.437033302,1.65,,,,5761.0,1.01,1.01,1395.56
Kepler-612 b,Kepler-612,1,1,Transit,2016.0,Kepler,Published Confirmed,0,3.722156413,2.84,,,,5693.0,0.96,0.98,1445.53
Kepler-613 b,Kepler-613,1,1,Transit,2016.0,Kepler,Published Confirmed,0,15.77979614,2.29,,,,5723.0,0.96,0.98,861.494
Kepler-614 b,Kepler-614,1,1,Transit,2016.0,Kepler,Published Confirmed,0,14.03491514,2.39,,,,5268.0,0.81,0.85,527.995
Kepler-615 b,Kepler-615,1,1,Transit,2016.0,Kepler,Published Confirmed,0,10.35584657,1.74,,,,4655.0,0.69,0.73,
Kepler-616 b,Kepler-616,1,3,Transit,2016.0,Kepler,Published Confirmed,0,9.99761851,2.43,,,,5753.0,0.97,0.98,945.775
Kepler-616 c,Kepler-616,1,3,Transit,2016.0,Kepler,Published Confirmed,0,90.4113556,3.41,,,,5753.0,0.97,0.98,945.775
Kepler-616 d,Kepler-616,1,3,Transit,2021.0,Kepler,Published Confirmed,0,51.06740189,2.653,,,,6004.0,0.977,1.061,945.775
Kepler-617 b,Kepler-617,1,1,Transit,2016.0,Kepler,Published Confirmed,0,1.682696148,1.32,,,,3712.0,0.48,0.51,173.354
Kepler-618 b,Kepler-618,1,1,Transit,2016.0,Kepler,Published Confirmed,0,3.595769645,2.6,,,,5860.0,1.08,1.05,1221.96
Kepler-619 b,Kepler-619,1,3,Transit,2016.0,Kepler,Published Confirmed,0,5.404272197,3.16,,,,5980.0,1.11,1.09,900.678
Kepler-619 c,Kepler-619,1,3,Transit,2016.0,Kepler,Published Confirmed,0,1.208465026,1.69,,,,5980.0,1.11,1.09,900.678
Kepler-619 d,Kepler-619,1,3,Transit,2023.0,Kepler,Published Confirmed,0,11.67889977,4.38399983,,,,6122.0,0.964,1.041,900.678
Kepler-62 b,Kepler-62,1,5,Transit,2013.0,Kepler,Published Confirmed,0,5.714932,1.31,9.0,750.0,K2 V,4925.0,0.64,0.69,300.874
Kepler-62 c,Kepler-62,1,5,Transit,2013.0,Kepler,Published Confirmed,0,12.4417,0.54,4.0,578.0,K2 V,4925.0,0.64,0.69,300.874
Kepler-62 d,Kepler-62,1,5,Transit,2013.0,Kepler,Published Confirmed,0,18.16406,1.95,14.0,510.0,K2 V,4925.0,0.64,0.69,300.874
Kepler-62 e,Kepler-62,1,5,Transit,2013.0,Kepler,Published Confirmed,0,122.3874,1.61,36.0,270.0,K2 V,4925.0,0.64,0.69,300.874
Kepler-62 f,Kepler-62,1,5,Transit,2013.0,Kepler,Published Confirmed,0,267.291,1.41,35.0,208.0,K2 V,4925.0,0.64,0.69,300.874
Kepler-620 b,Kepler-620,1,1,Transit,2016.0,Kepler,Published Confirmed,0,12.91375431,3.32,,,,6155.0,1.22,1.15,1355.28
Kepler-621 b,Kepler-621,1,1,Transit,2016.0,Kepler,Published Confirmed,0,2.628113746,2.3,,,,4521.0,0.68,0.72,
Kepler-622 b,Kepler-622,1,1,Transit,2016.0,Kepler,Published Confirmed,0,14.28226676,2.13,,,,4201.0,0.61,0.64,284.761
Kepler-623 b,Kepler-623,1,1,Transit,2016.0,Kepler,Published Confirmed,0,9.07097734,3.01,,,,5443.0,0.86,0.9,737.702
Kepler-624 b,Kepler-624,1,1,Transit,2016.0,Kepler,Published Confirmed,0,14.58649607,2.31,,,,6117.0,1.18,1.1,748.188
Kepler-625 b,Kepler-625,1,2,Transit,2016.0,Kepler,Published Confirmed,0,7.75192492,1.99,,,,5789.0,0.96,1.04,760.708
Kepler-625 c,Kepler-625,1,2,Transit,2016.0,Kepler,Published Confirmed,0,4.1653651,1.05,,,,5789.0,0.96,1.04,760.708
Kepler-626 b,Kepler-626,1,1,Transit,2016.0,Kepler,Published Confirmed,0,14.48585199,2.29,,,,5813.0,1.05,1.01,635.643
Kepler-627 b,Kepler-627,1,1,Transit,2016.0,Kepler,Published Confirmed,0,40.6994443,3.73,,,,6424.0,1.49,1.3,984.307
Kepler-629 b,Kepler-629,1,1,Transit,2016.0,Kepler,Published Confirmed,0,7.2385854,1.38,,,,5444.0,0.84,0.93,372.05
Kepler-63 b,Kepler-63,1,1,Transit,2013.0,Kepler,Published Confirmed,0,9.4341505,6.11,120.0,,,5576.0,0.901,0.984,194.033
Kepler-630 b,Kepler-630,1,1,Transit,2016.0,Kepler,Published Confirmed,0,161.4743937,3.18,,,,5829.0,1.04,1.02,839.784
Kepler-631 b,Kepler-631,1,1,Transit,2016.0,Kepler,Published Confirmed,0,17.97979059,2.9,,,,6185.0,1.33,1.24,761.966
Kepler-632 b,Kepler-632,1,1,Transit,2016.0,Kepler,Published Confirmed,0,30.99660733,2.21,,,,5322.0,0.84,0.91,
Kepler-633 b,Kepler-633,1,2,Transit,2016.0,Kepler,Published Confirmed,0,8.50340718,1.63,,,,5899.0,1.15,1.02,680.54
Kepler-633 c,Kepler-633,1,2,Transit,2021.0,Kepler,Published Confirmed,0,23.78319931,2.296,,,,5877.0,1.265,0.997,680.54
Kepler-634 b,Kepler-634,1,1,Transit,2016.0,Kepler,Published Confirmed,0,5.16950177,1.89,,,,6075.0,1.24,1.03,888.027
Kepler-635 b,Kepler-635,1,1,Transit,2016.0,Kepler,Published Confirmed,0,23.44971004,2.64,,,,6174.0,1.51,1.33,1141.08
Kepler-636 b,Kepler-636,2,1,Transit,2016.0,Kepler,Published Confirmed,0,16.080661147,4.45,,,,5203.0,0.8,0.85,310.301
Kepler-637 b,Kepler-637,1,1,Transit,2016.0,Kepler,Published Confirmed,0,23.20584623,4.75,,,,6096.0,2.56,1.64,786.091
Kepler-638 b,Kepler-638,1,1,Transit,2016.0,Kepler,Published Confirmed,0,6.07972888,1.83,,,,5382.0,0.93,0.88,991.214
Kepler-639 b,Kepler-639,1,1,Transit,2016.0,Kepler,Published Confirmed,0,10.21420496,2.38,,,,5896.0,1.29,1.14,850.242
Kepler-640 b,Kepler-640,1,1,Transit,2016.0,Kepler,Published Confirmed,0,22.24813967,2.56,,,,5653.0,0.94,1.01,557.787
Kepler-641 b,Kepler-641,1,1,Transit,2016.0,Kepler,Published Confirmed,0,9.48961571,1.85,,,,5713.0,1.13,1.02,969.918
Kepler-642 b,Kepler-642,1,1,Transit,2016.0,Kepler,Published Confirmed,0,4.41745855,2.9,,,,6570.0,1.66,1.4,781.582
Kepler-643 b,Kepler-643,1,1,Transit,2016.0,Kepler,Published Confirmed,0,16.33889626,10.16,,,,4908.0,2.52,1.0,1063.58
Kepler-644 b,Kepler-644,1,1,Transit,2016.0,Kepler,Published Confirmed,0,3.173917103,3.15,,,,6747.0,1.81,1.49,1318.05
Kepler-645 b,Kepler-645,1,1,Transit,2016.0,Kepler,Published Confirmed,0,3.275822621,2.1,,,,6170.0,1.21,1.13,1173.57
Kepler-646 b,Kepler-646,1,1,Transit,2016.0,Kepler,Published Confirmed,0,15.87364565,1.99,,,,5634.0,0.91,0.93,451.794
Kepler-647 b,Kepler-647,1,2,Transit,2016.0,Kepler,Published Confirmed,0,16.2254649,1.17,,,,6020.0,1.07,1.03,1087.87
Kepler-647 c,Kepler-647,1,2,Transit,2020.0,Kepler,Published Confirmed,0,29.6663,4.00135002,,,,5906.74,1.54571,1.07,1087.87
Kepler-648 b,Kepler-648,1,1,Transit,2016.0,Kepler,Published Confirmed,0,17.4211749,3.22,,,,5741.0,0.98,1.05,636.03
Kepler-649 b,Kepler-649,1,1,Transit,2016.0,Kepler,Published Confirmed,0,29.90722674,2.26,,,,5871.0,0.94,0.97,513.748
Kepler-65 b,Kepler-65,1,4,Transit,2012.0,Kepler,Published Confirmed,0,2.1549156,1.409,,,,6149.0,1.5092,1.167,303.728
Kepler-65 c,Kepler-65,1,4,Transit,2012.0,Kepler,Published Confirmed,0,5.859944,2.58,,,,6211.0,1.41,1.25,303.728
Kepler-65 d,Kepler-65,1,4,Transit,2012.0,Kepler,Published Confirmed,0,8.13123,1.52,,,,6211.0,1.41,1.25,303.728
Kepler-65 e,Kepler-65,1,4,Radial Velocity,2019.0,W. M. Keck Observatory,Published Confirmed,0,258.8,,260.0,,,,1.437,1.248,303.728
Kepler-650 b,Kepler-650,1,1,Transit,2016.0,Kepler,Published Confirmed,0,3.032145588,2.96,,,,5849.0,1.35,1.08,884.378
Kepler-651 b,Kepler-651,1,1,Transit,2016.0,Kepler,Published Confirmed,0,21.38521506,2.37,,,,5522.0,0.87,0.92,509.408
Kepler-652 b,Kepler-652,1,1,Transit,2016.0,Kepler,Published Confirmed,0,4.182002531,2.49,,,,5490.0,0.88,0.97,394.55
Kepler-653 b,Kepler-653,1,2,Transit,2016.0,Kepler,Published Confirmed,0,14.70748976,1.95,,,,5665.0,1.19,1.02,595.634
Kepler-653 c,Kepler-653,1,2,Transit,2016.0,Kepler,Published Confirmed,0,0.900376476,0.78,,,,5665.0,1.19,1.02,595.634
Kepler-654 b,Kepler-654,1,1,Transit,2016.0,Kepler,Published Confirmed,0,13.72465129,2.07,,,,5865.0,1.11,1.04,974.124
Kepler-655 b,Kepler-655,1,1,Transit,2016.0,Kepler,Published Confirmed,0,46.4063358,2.71,,,,6170.0,1.24,1.15,752.562
Kepler-656 b,Kepler-656,1,2,Transit,2016.0,Kepler,Published Confirmed,0,1.260259094,3.12,,,,5281.0,0.82,0.86,890.352
Kepler-656 c,Kepler-656,1,2,Transit,2023.0,Kepler,Published Confirmed,0,5.254559994,1.52499998,,,,5550.0,0.954,1.05,890.352
Kepler-657 b,Kepler-657,1,1,Transit,2016.0,Kepler,Published Confirmed,0,24.54350418,3.52,,,,5808.0,1.01,1.01,1691.88
Kepler-658 b,Kepler-658,1,1,Transit,2016.0,Kepler,Published Confirmed,0,1.287076762,1.63,,,,4103.0,0.6,0.63,388.384
Kepler-659 b,Kepler-659,1,1,Transit,2016.0,Kepler,Published Confirmed,0,17.671796,2.5,,,,4870.0,0.74,0.79,722.64
Kepler-66 b,Kepler-66,1,1,Transit,2013.0,Kepler,Published Confirmed,0,17.815815,2.8,,,G0 V,5962.0,0.966,1.038,1202.96
Kepler-660 b,Kepler-660,1,1,Transit,2016.0,Kepler,Published Confirmed,0,9.27358194,2.57,,,,4779.0,0.71,0.75,568.431
Kepler-661 b,Kepler-661,1,1,Transit,2016.0,Kepler,Published Confirmed,0,6.029301321,3.07,,,,4483.0,0.67,0.7,534.788
Kepler-662 b,Kepler-662,1,1,Transit,2016.0,Kepler,Published Confirmed,0,21.67697486,2.18,,,,4897.0,0.74,0.79,815.637
Kepler-663 b,Kepler-663,1,1,Transit,2016.0,Kepler,Published Confirmed,0,4.99678284,2.6,,,,5264.0,0.82,0.86,1063.09
Kepler-664 b,Kepler-664,1,1,Transit,2016.0,Kepler,Published Confirmed,0,2.525593315,2.66,,,,5754.0,1.02,1.01,1210.12
Kepler-665 b,Kepler-665,1,1,Transit,2016.0,Kepler,Published Confirmed,0,16.01310205,2.6,,,,4913.0,0.74,0.79,612.838
Kepler-666 b,Kepler-666,1,1,Transit,2016.0,Kepler,Published Confirmed,0,4.49876092,2.4,,,,5887.0,1.05,1.03,1508.71
Kepler-667 b,Kepler-667,1,1,Transit,2016.0,Kepler,Published Confirmed,0,41.43962808,4.73,,,,5327.0,0.87,0.91,2302.45
Kepler-668 b,Kepler-668,1,1,Transit,2016.0,Kepler,Published Confirmed,0,8.35390639,2.7,,,,5352.0,0.82,0.87,784.618
Kepler-669 b,Kepler-669,1,1,Transit,2016.0,Kepler,Published Confirmed,0,4.125546869,4.83,,,,6038.0,1.2,1.15,2063.41
Kepler-67 b,Kepler-67,1,1,Transit,2013.0,Kepler,Published Confirmed,0,15.7259,2.94,,,G9 V,5331.0,0.778,0.865,1131.19
Kepler-670 b,Kepler-670,1,1,Transit,2016.0,Kepler,Published Confirmed,0,2.816504852,13.18,,,,5709.0,0.99,0.99,939.744
Kepler-671 b,Kepler-671,1,1,Transit,2016.0,Kepler,Published Confirmed,0,4.280958588,2.69,,,,5624.0,0.95,0.97,1168.26
Kepler-672 b,Kepler-672,1,1,Transit,2016.0,Kepler,Published Confirmed,0,38.3774623,2.5,,,,5627.0,0.92,0.95,1033.93
Kepler-673 b,Kepler-673,1,1,Transit,2016.0,Kepler,Published Confirmed,0,3.728731093,6.54,,,,5355.0,0.84,0.88,918.21
Kepler-674 b,Kepler-674,1,1,Transit,2016.0,Kepler,Published Confirmed,0,2.243381847,1.69,,,,4192.0,0.57,0.6,342.254
Kepler-675 b,Kepler-675,1,1,Transit,2016.0,Kepler,Published Confirmed,0,2.33743801,2.44,,,,4945.0,0.75,0.79,665.68
Kepler-676 b,Kepler-676,1,1,Transit,2016.0,Kepler,Published Confirmed,0,11.59822172,3.04,,,,3701.0,0.49,0.51,295.196
Kepler-677 b,Kepler-677,1,1,Transit,2016.0,Kepler,Published Confirmed,0,6.57531678,5.38,,,,5723.0,0.99,1.0,1954.08
Kepler-678 b,Kepler-678,1,1,Transit,2016.0,Kepler,Published Confirmed,0,7.27503724,5.14,,,,5520.0,0.91,0.94,1826.15
Kepler-679 b,Kepler-679,1,1,Transit,2016.0,Kepler,Published Confirmed,0,12.39358604,3.01,,,,5403.0,0.84,0.87,922.244
Kepler-68 b,Kepler-68,2,4,Transit,2013.0,Kepler,Published Confirmed,0,5.398763,2.31,8.3,1280.0,,5793.0,1.243,1.079,144.166
Kepler-68 c,Kepler-68,2,4,Transit,2013.0,Kepler,Published Confirmed,0,9.605027,0.979,1.3,1052.0,,5847.0,1.2564,1.057,144.166
Kepler-68 d,Kepler-68,2,4,Radial Velocity,2013.0,W. M. Keck Observatory,Published Confirmed,0,580.0,,300.972,,,5793.0,1.243,1.079,144.166
Kepler-68 e,Kepler-68,2,4,Radial Velocity,2023.0,Roque de los Muchachos Observatory,Published Confirmed,0,3455.0,,86.4493267,,,5847.0,1.2564,1.057,144.166
Kepler-680 b,Kepler-680,1,1,Transit,2016.0,Kepler,Published Confirmed,0,3.689926291,2.42,,,,5890.0,1.11,1.08,1492.48
Kepler-681 b,Kepler-681,1,1,Transit,2016.0,Kepler,Published Confirmed,0,26.39435646,3.08,,,,5021.0,0.76,0.8,686.923
Kepler-682 b,Kepler-682,1,1,Transit,2016.0,Kepler,Published Confirmed,0,12.611906672,7.37,,,,5559.0,0.89,0.92,1979.25
Kepler-683 b,Kepler-683,1,1,Transit,2016.0,Kepler,Published Confirmed,0,2.539183179,1.97,,,,5703.0,0.95,0.96,1023.07
Kepler-684 b,Kepler-684,1,1,Transit,2016.0,Kepler,Published Confirmed,0,6.770302008,3.36,,,,5493.0,0.86,0.89,1731.27
Kepler-685 b,Kepler-685,1,1,Transit,2016.0,Kepler,Published Confirmed,0,1.6255222,10.58,,,,5963.0,1.16,1.11,938.715
Kepler-686 b,Kepler-686,1,1,Transit,2016.0,Kepler,Published Confirmed,0,1.594745463,12.15,,,,5649.0,0.92,0.94,1490.94
Kepler-687 b,Kepler-687,1,1,Transit,2016.0,Kepler,Published Confirmed,0,20.50586978,3.52,,,,4841.0,0.73,0.77,633.66
Kepler-688 b,Kepler-688,1,1,Transit,2016.0,Kepler,Published Confirmed,0,3.895936844,9.76,,,,5715.0,0.96,0.98,1357.75
Kepler-689 b,Kepler-689,1,1,Transit,2016.0,Kepler,Published Confirmed,0,22.36656079,2.89,,,,5518.0,0.88,0.91,1131.73
Kepler-69 b,Kepler-69,1,2,Transit,2013.0,Kepler,Published Confirmed,0,13.722341,2.24,,779.0,G4 V,5638.0,0.93,0.81,730.625
Kepler-69 c,Kepler-69,1,2,Transit,2013.0,Kepler,Published Confirmed,0,242.4613,1.71,,299.0,G4 V,5638.0,0.93,0.81,730.625
Kepler-690 b,Kepler-690,1,1,Transit,2016.0,Kepler,Published Confirmed,0,7.748094374,5.95,,,,5913.0,1.16,1.11,1665.31
Kepler-691 b,Kepler-691,1,1,Transit,2016.0,Kepler,Published Confirmed,0,8.114379,2.09,,,,3715.0,0.5,0.53,279.115
Kepler-692 b,Kepler-692,1,1,Transit,2016.0,Kepler,Published Confirmed,0,21.81293494,3.11,,,,5440.0,0.86,0.9,991.336
Kepler-693 b,Kepler-693,2,1,Transit,2016.0,Kepler,Published Confirmed,0,15.37563332,10.18,,,,4881.0,0.72,0.76,1151.51
Kepler-694 b,Kepler-694,1,1,Transit,2016.0,Kepler,Published Confirmed,0,6.365841612,2.8,,,,5700.0,0.95,0.97,1023.06
Kepler-695 b,Kepler-695,1,1,Transit,2016.0,Kepler,Published Confirmed,0,3.040330424,9.21,,,,5181.0,0.8,0.84,842.947
Kepler-696 b,Kepler-696,1,1,Transit,2016.0,Kepler,Published Confirmed,0,4.190425575,6.14,,,,5903.0,1.08,1.06,1416.44
Kepler-697 b,Kepler-697,1,1,Transit,2016.0,Kepler,Published Confirmed,0,3.709870645,4.13,,,,5513.0,0.88,0.92,1277.33
Kepler-698 b,Kepler-698,1,1,Transit,2016.0,Kepler,Published Confirmed,0,16.32976218,3.68,,,,5612.0,0.91,0.94,1995.57
Kepler-7 b,Kepler-7,1,1,Transit,2009.0,Kepler,Published Confirmed,0,4.8854892,18.180998,140.16303,1630.0,,5933.0,1.966,1.359,922.562
Kepler-700 b,Kepler-700,1,1,Transit,2016.0,Kepler,Published Confirmed,0,80.8720639,5.99,,,,5692.0,0.96,0.98,1491.76
Kepler-701 b,Kepler-701,1,1,Transit,2016.0,Kepler,Published Confirmed,0,10.35533177,2.84,,,,5343.0,0.84,0.88,774.152
Kepler-702 b,Kepler-702,1,1,Transit,2016.0,Kepler,Published Confirmed,0,10.526294063,9.17,,,,5419.0,0.86,0.9,992.071
Kepler-703 b,Kepler-703,1,1,Transit,2016.0,Kepler,Published Confirmed,0,4.583521756,8.2,,,,6185.0,1.27,1.18,1156.83
Kepler-704 b,Kepler-704,1,1,Transit,2016.0,Kepler,Published Confirmed,0,3.76182115,2.61,,,,5616.0,0.96,0.97,1228.83
Kepler-705 b,Kepler-705,1,1,Transit,2016.0,Kepler,Published Confirmed,0,56.05623,2.76,,265.0,,3674.0,0.502,0.534,276.881
Kepler-707 b,Kepler-707,1,1,Transit,2016.0,Kepler,Published Confirmed,0,2.237492751,1.33,,,,5099.0,0.76,0.8,591.776
Kepler-708 b,Kepler-708,1,1,Transit,2016.0,Kepler,Published Confirmed,0,3.167891938,2.93,,,,5692.0,0.96,0.97,1394.22
Kepler-709 b,Kepler-709,1,1,Transit,2016.0,Kepler,Published Confirmed,0,16.08524954,2.92,,,,5071.0,0.77,0.8,664.843
Kepler-710 b,Kepler-710,1,1,Transit,2016.0,Kepler,Published Confirmed,0,4.347285527,1.88,,,,5611.0,0.91,0.94,1448.34
Kepler-711 b,Kepler-711,1,1,Transit,2016.0,Kepler,Published Confirmed,0,23.58914398,3.41,,,,5222.0,0.8,0.84,624.575
Kepler-712 b,Kepler-712,1,2,Transit,2016.0,Kepler,Published Confirmed,0,21.02247699,3.41,,,,5148.0,0.78,0.84,872.493
Kepler-712 c,Kepler-712,1,2,Transit,2016.0,Kepler,Published Confirmed,0,226.89047,4.85,,,,5148.0,0.78,0.84,872.493
Kepler-713 b,Kepler-713,1,1,Transit,2016.0,Kepler,Published Confirmed,0,7.411141,2.48,,,,5785.0,0.99,0.98,1089.87
Kepler-714 b,Kepler-714,1,1,Transit,2016.0,Kepler,Published Confirmed,0,8.098887986,9.67,,,,5995.0,1.12,1.09,2083.37
Kepler-715 b,Kepler-715,1,1,Transit,2016.0,Kepler,Published Confirmed,0,10.00652995,3.75,,,,5871.0,1.04,1.04,1327.44
Kepler-716 b,Kepler-716,1,2,Transit,2016.0,Kepler,Published Confirmed,0,10.37168453,2.9,,,,5099.0,0.78,0.83,635.009
Kepler-716 c,Kepler-716,1,2,Transit,2020.0,Kepler,Published Confirmed,0,3.96999,1.39281536,,,,5012.0,0.742183,0.83,635.009
Kepler-717 b,Kepler-717,1,1,Transit,2016.0,Kepler,Published Confirmed,0,4.40840023,2.42,,,,5485.0,0.85,0.88,2805.48
Kepler-718 b,Kepler-718,1,1,Transit,2016.0,Kepler,Published Confirmed,0,2.052349905,16.56,,,,6191.0,1.3,1.18,1302.33
Kepler-719 b,Kepler-719,1,1,Transit,2016.0,Kepler,Published Confirmed,0,5.007317779,8.52,,,,5777.0,0.98,0.99,2497.51
Kepler-720 b,Kepler-720,1,1,Transit,2016.0,Kepler,Published Confirmed,0,4.708326542,8.41,,,,5618.0,0.92,0.95,1065.37
Kepler-721 b,Kepler-721,1,1,Transit,2016.0,Kepler,Published Confirmed,0,5.392025388,2.64,,,,5075.0,0.78,0.82,926.598
Kepler-722 b,Kepler-722,1,2,Transit,2016.0,Kepler,Published Confirmed,0,4.093573252,2.63,,,,5863.0,1.05,1.03,1239.5
Kepler-722 c,Kepler-722,1,2,Transit,2016.0,Kepler,Published Confirmed,0,105.144749,2.82,,,,5863.0,1.05,1.03,1239.5
Kepler-723 b,Kepler-723,1,1,Transit,2016.0,Kepler,Published Confirmed,0,4.082275068,12.19,,,,5539.0,0.89,0.92,1071.8
Kepler-724 b,Kepler-724,1,1,Transit,2016.0,Kepler,Published Confirmed,0,3.314946338,3.29,,,,5437.0,0.86,0.9,853.119
Kepler-725 b,Kepler-725,1,2,Transit,2016.0,Kepler,Published Confirmed,0,39.64372,10.8,,514.0,,5395.0,0.88,0.95,758.469
Kepler-725 c,Kepler-725,1,2,Transit Timing Variations,2025.0,Kepler,Published Confirmed,0,207.541,,9.7,268.0,,5395.0,0.88,0.95,758.469
Kepler-726 b,Kepler-726,1,1,Transit,2016.0,Kepler,Published Confirmed,0,21.80451088,3.26,,,,5452.0,0.85,0.88,762.081
Kepler-727 b,Kepler-727,1,1,Transit,2016.0,Kepler,Published Confirmed,0,5.154484417,2.53,,,,5441.0,0.86,0.89,831.842
Kepler-728 b,Kepler-728,1,1,Transit,2016.0,Kepler,Published Confirmed,0,5.743477265,3.34,,,,5660.0,0.93,0.95,1765.23
Kepler-729 b,Kepler-729,1,1,Transit,2016.0,Kepler,Published Confirmed,0,3.166353714,3.58,,,,5633.0,0.91,0.94,1921.15
Kepler-730 b,Kepler-730,1,2,Transit,2016.0,Kepler,Published Confirmed,0,6.491682808,12.3299,,1219.0,,5620.0,1.411,1.047,1935.04
Kepler-730 c,Kepler-730,1,2,Transit,2018.0,Kepler,Published Confirmed,0,2.85188338,1.56926,,1607.0,,5620.0,1.411,1.047,1935.04
Kepler-731 b,Kepler-731,1,1,Transit,2016.0,Kepler,Published Confirmed,0,3.855603551,13.88,,,,5849.0,1.06,1.03,1257.16
Kepler-732 b,Kepler-732,1,2,Transit,2016.0,Kepler,Published Confirmed,0,9.467814048,2.18,,,,3631.0,0.46,0.49,174.826
Kepler-732 c,Kepler-732,1,2,Transit,2016.0,Kepler,Published Confirmed,0,0.893041236,1.27,,,,3631.0,0.46,0.49,174.826
Kepler-733 b,Kepler-733,1,1,Transit,2016.0,Kepler,Published Confirmed,0,20.83424726,2.82,,,,5418.0,0.86,0.9,916.706
Kepler-734 b,Kepler-734,1,1,Transit,2016.0,Kepler,Published Confirmed,0,6.104852856,3.56,,,,5326.0,0.78,0.85,1157.21
Kepler-735 b,Kepler-735,1,1,Transit,2016.0,Kepler,Published Confirmed,0,11.51516988,2.95,,,,5107.0,0.8,0.85,695.059
Kepler-736 b,Kepler-736,1,1,Transit,2016.0,Kepler,Published Confirmed,0,3.60147201,2.93,,,,5217.0,0.81,0.86,1005.43
Kepler-737 b,Kepler-737,1,1,Transit,2016.0,Kepler,Published Confirmed,0,28.59915399,1.96,,,,3813.0,0.48,0.51,205.118
Kepler-738 b,Kepler-738,1,1,Transit,2016.0,Kepler,Published Confirmed,0,24.58721573,2.5,,,,5327.0,0.82,0.86,1113.65
Kepler-739 b,Kepler-739,1,1,Transit,2016.0,Kepler,Published Confirmed,0,12.53248465,3.32,,,,5601.0,0.9,0.93,1370.65
Kepler-74 b,Kepler-74,1,1,Transit,2013.0,Kepler,Published Confirmed,0,7.340711,10.76,200.22,1078.0,F8 V,6000.0,1.12,1.18,1177.55
Kepler-740 b,Kepler-740,1,1,Transit,2016.0,Kepler,Published Confirmed,0,3.584101216,4.57,,,,5438.0,0.87,0.91,1442.02
Kepler-741 b,Kepler-741,1,1,Transit,2016.0,Kepler,Published Confirmed,0,7.03902374,2.97,,,,6129.0,1.24,1.16,1661.87
Kepler-742 b,Kepler-742,1,1,Transit,2016.0,Kepler,Published Confirmed,0,8.360868238,3.24,,,,4642.0,0.71,0.76,489.253
Kepler-743 b,Kepler-743,2,1,Transit,2016.0,Kepler,Published Confirmed,0,3.179262921,1.21,,,,5486.0,0.85,0.94,278.987
Kepler-744 b,Kepler-744,1,1,Transit,2016.0,Kepler,Published Confirmed,0,12.06222443,1.62,,,,5594.0,0.93,0.94,449.964
Kepler-745 b,Kepler-745,1,1,Transit,2016.0,Kepler,Published Confirmed,0,9.93143556,2.16,,,,5849.0,1.04,1.04,1780.38
Kepler-746 b,Kepler-746,1,1,Transit,2016.0,Kepler,Published Confirmed,0,3.48159251,1.11,,,,5418.0,0.93,0.91,
Kepler-747 b,Kepler-747,1,1,Transit,2016.0,Kepler,Published Confirmed,1,35.61760587,5.27,,,,5096.0,0.78,0.82,3347.16
Kepler-748 b,Kepler-748,1,1,Transit,2016.0,Kepler,Published Confirmed,0,7.40742793,2.52,,,,5934.0,1.1,1.07,1705.99
Kepler-749 b,Kepler-749,1,1,Transit,2016.0,Kepler,Published Confirmed,0,17.31716585,3.1,,,,5009.0,0.75,0.79,721.027
Kepler-75 b,Kepler-75,1,1,Transit,2013.0,Kepler,Published Confirmed,0,8.8849116,11.77,3209.9,767.0,K0 V,5200.0,0.89,0.91,835.356
Kepler-750 b,Kepler-750,1,2,Transit,2016.0,Kepler,Published Confirmed,0,9.42887179,3.07,,,,6160.0,1.23,1.15,1296.02
Kepler-750 c,Kepler-750,1,2,Transit,2016.0,Kepler,Published Confirmed,0,4.08899022,1.62,,,,6160.0,1.23,1.15,1296.02
Kepler-751 b,Kepler-751,1,1,Transit,2016.0,Kepler,Published Confirmed,0,17.44490636,2.46,,,,5387.0,0.84,0.87,760.43
Kepler-752 b,Kepler-752,1,1,Transit,2016.0,Kepler,Published Confirmed,0,18.82747265,2.81,,,,5373.0,0.83,0.87,1232.29
Kepler-753 b,Kepler-753,1,1,Transit,2016.0,Kepler,Published Confirmed,0,5.747725012,1.91,,,,4346.0,0.65,0.68,274.767
Kepler-754 b,Kepler-754,1,1,Transit,2016.0,Kepler,Published Confirmed,0,14.5596237,2.01,,,,5935.0,1.08,1.06,1770.27
Kepler-755 b,Kepler-755,2,2,Transit,2016.0,Kepler,Published Confirmed,0,1.269090374,1.76,,,,5043.0,0.77,0.82,399.034
Kepler-755 c,Kepler-755,2,2,Transit,2016.0,Kepler,Published Confirmed,0,2.853133644,1.26,,,,5043.0,0.77,0.82,399.034
Kepler-756 b,Kepler-756,1,1,Transit,2016.0,Kepler,Published Confirmed,0,1.224866322,1.12,,,,5282.0,0.79,0.82,
Kepler-757 b,Kepler-757,1,1,Transit,2016.0,Kepler,Published Confirmed,0,1.022678821,1.36,,,,6014.0,1.13,1.08,1068.68
Kepler-758 b,Kepler-758,1,4,Transit,2016.0,Kepler,Published Confirmed,0,12.1097104,2.48,,,,6228.0,1.42,1.16,1502.32
Kepler-758 c,Kepler-758,1,4,Transit,2016.0,Kepler,Published Confirmed,0,4.75793986,1.69,,,,6228.0,1.42,1.16,1502.32
Kepler-758 d,Kepler-758,1,4,Transit,2016.0,Kepler,Published Confirmed,0,20.4966197,2.12,,,,6228.0,1.42,1.16,1502.32
Kepler-758 e,Kepler-758,1,4,Transit,2016.0,Kepler,Published Confirmed,0,8.1934719,1.53,,,,6228.0,1.42,1.16,1502.32
Kepler-759 b,Kepler-759,1,1,Transit,2016.0,Kepler,Published Confirmed,0,41.805985,2.27,,,,5860.0,1.04,1.04,1073.48
Kepler-76 b,Kepler-76,1,1,Orbital Brightness Modulation,2013.0,Kepler,Published Confirmed,0,1.5449298,15.24424,638.8383,2140.0,,6409.0,1.32,1.2,822.96
Kepler-760 b,Kepler-760,1,2,Transit,2016.0,Kepler,Published Confirmed,0,8.70419416,3.06,,,,5322.0,0.85,0.89,792.336
Kepler-760 c,Kepler-760,1,2,Transit,2016.0,Kepler,Published Confirmed,0,2.46697439,1.48,,,,5322.0,0.85,0.89,792.336
Kepler-761 b,Kepler-761,1,1,Transit,2016.0,Kepler,Published Confirmed,0,10.12804789,2.03,,,,5706.0,0.93,0.95,830.707
Kepler-762 b,Kepler-762,1,1,Transit,2016.0,Kepler,Published Confirmed,0,3.770552098,12.68,,,,5944.0,1.08,1.06,1898.26
Kepler-763 b,Kepler-763,1,3,Transit,2016.0,Kepler,Published Confirmed,0,1.19655156,1.22,,,,5166.0,0.8,0.84,962.459
Kepler-763 c,Kepler-763,1,3,Transit,2023.0,Kepler,Published Confirmed,0,4.096680164,1.64100003,,,,4999.0,0.843,0.8,962.459
Kepler-763 d,Kepler-763,1,3,Transit,2023.0,Kepler,Published Confirmed,0,6.503270149,1.96700001,,,,4999.0,0.843,0.8,962.459
Kepler-764 b,Kepler-764,1,1,Transit,2016.0,Kepler,Published Confirmed,0,7.33683936,1.64,,,,5557.0,0.89,0.92,1047.84
Kepler-765 b,Kepler-765,1,1,Transit,2016.0,Kepler,Published Confirmed,0,27.6655226,2.43,,,,5901.0,1.06,1.05,1076.28
Kepler-766 b,Kepler-766,1,1,Transit,2016.0,Kepler,Published Confirmed,0,6.10027804,3.39,,,,5992.0,1.15,1.1,2297.62
Kepler-767 b,Kepler-767,1,1,Transit,2016.0,Kepler,Published Confirmed,0,161.5280101,6.64,,,,5694.0,0.94,0.96,2251.03
Kepler-768 b,Kepler-768,1,1,Transit,2016.0,Kepler,Published Confirmed,0,11.3910025,1.79,,,,5108.0,0.78,0.82,784.56
Kepler-769 b,Kepler-769,1,2,Transit,2016.0,Kepler,Published Confirmed,0,7.42608998,2.92,,,,6186.0,1.28,1.19,1169.57
Kepler-769 c,Kepler-769,1,2,Transit,2016.0,Kepler,Published Confirmed,0,15.9870174,1.79,,,,6186.0,1.28,1.19,1169.57
Kepler-77 b,Kepler-77,1,1,Transit,2013.0,Kepler,Published Confirmed,0,3.57878087,10.761,136.661,1440.0,G5 V,5520.0,0.99,0.95,639.411
Kepler-770 b,Kepler-770,1,3,Transit,2016.0,Kepler,Published Confirmed,0,18.92540274,2.3,,,,5598.0,0.92,0.94,930.457
Kepler-770 c,Kepler-770,1,3,Transit,2016.0,Kepler,Published Confirmed,0,1.475322314,1.2,,,,5598.0,0.92,0.94,930.457
Kepler-770 d,Kepler-770,1,3,Transit,2016.0,Kepler,Published Confirmed,0,4.15244722,1.4,,,,5598.0,0.92,0.94,930.457
Kepler-771 b,Kepler-771,1,1,Transit,2016.0,Kepler,Published Confirmed,0,8.73485836,1.82,,,,5906.0,1.05,1.03,1393.85
Kepler-772 b,Kepler-772,1,1,Transit,2016.0,Kepler,Published Confirmed,0,12.99207337,1.82,,,,5714.0,1.11,0.98,1130.21
Kepler-773 b,Kepler-773,1,1,Transit,2016.0,Kepler,Published Confirmed,0,3.749100061,1.43,,,,5850.0,1.01,1.04,547.026
Kepler-774 b,Kepler-774,1,1,Transit,2016.0,Kepler,Published Confirmed,0,11.0895723,3.17,,,,6403.0,2.42,1.57,917.804
Kepler-775 b,Kepler-775,1,1,Transit,2016.0,Kepler,Published Confirmed,0,0.974868926,1.19,,,,5468.0,0.84,0.92,398.676
Kepler-776 b,Kepler-776,1,1,Transit,2016.0,Kepler,Published Confirmed,0,4.89718784,1.28,,,,5071.0,0.78,0.83,727.904
Kepler-777 b,Kepler-777,1,1,Transit,2016.0,Kepler,Published Confirmed,0,5.72812599,1.47,,,,4043.0,0.56,0.58,443.106
Kepler-778 b,Kepler-778,1,1,Transit,2016.0,Kepler,Published Confirmed,0,3.75574426,1.68,,,,5102.0,0.77,0.81,938.168
Kepler-779 b,Kepler-779,2,1,Transit,2016.0,Kepler,Published Confirmed,0,7.09714223,0.92,,,,3804.0,0.44,0.46,283.155
Kepler-78 b,Kepler-78,2,1,Transit,2013.0,Kepler,Published Confirmed,0,0.355,1.173,1.86,2250.0,,5058.0,0.737,0.758,124.376
Kepler-780 b,Kepler-780,1,1,Transit,2016.0,Kepler,Published Confirmed,0,0.677375164,0.89,,,,5769.0,1.02,1.01,557.652
Kepler-781 b,Kepler-781,1,1,Transit,2016.0,Kepler,Published Confirmed,0,13.2140732,2.89,,,,5162.0,0.78,0.81,1064.47
Kepler-782 b,Kepler-782,1,1,Transit,2016.0,Kepler,Published Confirmed,0,158.6853308,3.21,,,,5867.0,1.01,0.98,446.844
Kepler-783 b,Kepler-783,1,2,Transit,2016.0,Kepler,Published Confirmed,0,4.29264638,0.78,,,,5521.0,0.89,0.93,516.09
Kepler-783 c,Kepler-783,1,2,Transit,2020.0,Kepler,Published Confirmed,0,7.05395,2.33153725,,,,5411.49,0.872088,0.94,516.09
Kepler-784 b,Kepler-784,1,2,Transit,2016.0,Kepler,Published Confirmed,0,31.5922646,1.58,,,,5674.0,1.32,1.0,1303.72
Kepler-784 c,Kepler-784,1,2,Transit,2023.0,Kepler,Published Confirmed,0,17.15699959,1.77499998,,,,5676.0,1.487,1.016,1303.72
Kepler-785 b,Kepler-785,1,1,Transit,2016.0,Kepler,Published Confirmed,0,1.973760926,13.02,,,,4739.0,0.71,0.77,642.051
Kepler-786 b,Kepler-786,1,1,Transit,2016.0,Kepler,Published Confirmed,0,53.5293487,2.43,,,,4838.0,0.74,0.81,485.318
Kepler-787 b,Kepler-787,1,1,Transit,2016.0,Kepler,Published Confirmed,0,0.928310498,1.28,,,,4248.0,0.62,0.65,503.568
Kepler-788 b,Kepler-788,1,1,Transit,2016.0,Kepler,Published Confirmed,0,8.39846269,2.55,,,,6159.0,1.23,1.16,1775.8
Kepler-789 b,Kepler-789,1,1,Transit,2016.0,Kepler,Published Confirmed,0,8.63847725,2.12,,,,5870.0,1.02,1.01,1480.16
Kepler-79 b,Kepler-79,1,4,Transit,2012.0,Kepler,Published Confirmed,0,13.4845,3.47,10.9,,,6174.0,1.302,1.165,1020.72
Kepler-79 c,Kepler-79,1,4,Transit,2012.0,Kepler,Published Confirmed,0,27.4029,3.72,5.9,,,6174.0,1.302,1.165,1020.72
Kepler-79 d,Kepler-79,1,4,Transit,2014.0,Kepler,Published Confirmed,0,52.0902,7.16,6.0,,,6174.0,1.302,1.165,1020.72
Kepler-79 e,Kepler-79,1,4,Transit,2014.0,Kepler,Published Confirmed,0,81.0659,3.49,4.1,,,6174.0,1.302,1.165,1020.72
Kepler-790 b,Kepler-790,1,1,Transit,2016.0,Kepler,Published Confirmed,0,13.73469807,2.18,,,,5208.0,0.8,0.84,703.168
Kepler-791 b,Kepler-791,1,1,Transit,2016.0,Kepler,Published Confirmed,0,14.5539759,3.05,,,,6383.0,1.47,1.3,1266.34
Kepler-792 b,Kepler-792,1,1,Transit,2016.0,Kepler,Published Confirmed,0,11.30119217,1.96,,,,5971.0,1.12,1.09,1425.47
Kepler-793 b,Kepler-793,1,1,Transit,2016.0,Kepler,Published Confirmed,0,4.24153639,1.37,,,,5745.0,0.97,0.98,985.699
Kepler-794 b,Kepler-794,1,1,Transit,2016.0,Kepler,Published Confirmed,0,11.13125132,2.11,,,,5839.0,1.38,1.19,931.192
Kepler-795 b,Kepler-795,2,1,Transit,2016.0,Kepler,Published Confirmed,0,29.6193421,1.68,,,,5631.0,0.96,0.94,492.122
Kepler-796 b,Kepler-796,1,1,Transit,2016.0,Kepler,Published Confirmed,0,6.40087618,1.3,,,,5475.0,1.09,0.93,817.584
Kepler-797 b,Kepler-797,1,1,Transit,2016.0,Kepler,Published Confirmed,0,27.07237711,2.17,,,,5680.0,0.95,0.96,1315.26
Kepler-798 b,Kepler-798,1,1,Transit,2016.0,Kepler,Published Confirmed,0,13.71933369,2.39,,,,6224.0,1.29,1.19,972.274
Kepler-799 b,Kepler-799,1,2,Transit,2016.0,Kepler,Published Confirmed,0,133.4605235,6.88,,,,5681.0,0.93,0.95,
Kepler-799 c,Kepler-799,1,2,Transit,2021.0,Kepler,Published Confirmed,0,15.19419956,2.78068551,,,,5588.0,1.593,1.031,
Kepler-8 b,Kepler-8,1,1,Transit,2010.0,Kepler,Published Confirmed,0,3.5225047,15.479629,187.5197,1662.0,,6213.0,1.495,1.23,1021.87
Kepler-80 b,Kepler-80,1,6,Transit,2012.0,Kepler,Published Confirmed,0,7.05246,2.67,6.93,,K5,4540.0,0.678,0.73,369.451
Kepler-80 c,Kepler-80,1,6,Transit,2012.0,Kepler,Published Confirmed,0,9.52169991,2.16,,494.0,M0 V,4040.0,0.57,0.59,369.451
Kepler-80 d,Kepler-80,1,6,Transit,2014.0,Kepler,Published Confirmed,0,3.07222,1.53,6.75,,K5,4540.0,0.678,0.73,369.451
Kepler-80 e,Kepler-80,1,6,Transit,2014.0,Kepler,Published Confirmed,0,4.64535284,1.6,,628.0,M0 V,4040.0,0.57,0.59,369.451
Kepler-80 f,Kepler-80,1,6,Transit,2016.0,Kepler,Published Confirmed,0,0.98678,1.031,,,K5,4540.0,0.678,0.73,369.451
Kepler-80 g,Kepler-80,1,6,Transit,2017.0,Kepler,Published Confirmed,0,14.651,1.05,0.065,,K5,4540.0,0.678,0.73,369.451
Kepler-800 b,Kepler-800,1,1,Transit,2016.0,Kepler,Published Confirmed,0,14.13176026,2.85,,,,5315.0,0.82,0.85,1019.26
Kepler-801 b,Kepler-801,1,1,Transit,2016.0,Kepler,Published Confirmed,0,11.41928253,2.0,,,,4435.0,0.63,0.67,440.426
Kepler-802 b,Kepler-802,1,1,Transit,2016.0,Kepler,Published Confirmed,0,40.0587473,3.54,,,,5507.0,0.9,0.93,780.585
Kepler-803 b,Kepler-803,1,1,Transit,2016.0,Kepler,Published Confirmed,0,50.28638192,3.79,,,,5919.0,1.12,1.05,639.771
Kepler-804 b,Kepler-804,1,2,Transit,2016.0,Kepler,Published Confirmed,0,14.37457351,1.94,,,,5817.0,1.05,1.01,649.65
Kepler-804 c,Kepler-804,1,2,Transit,2016.0,Kepler,Published Confirmed,0,9.65185017,1.14,,,,5817.0,1.05,1.01,649.65
Kepler-805 b,Kepler-805,1,1,Transit,2016.0,Kepler,Published Confirmed,0,30.8638931,2.89,,,,6112.0,1.65,1.19,638.49
Kepler-806 b,Kepler-806,1,1,Transit,2016.0,Kepler,Published Confirmed,0,8.09219642,1.14,,,,5770.0,1.16,0.99,361.896
Kepler-808 b,Kepler-808,1,1,Transit,2016.0,Kepler,Published Confirmed,0,0.631332353,1.46,,,,4653.0,0.71,0.76,
Kepler-809 b,Kepler-809,1,1,Transit,2016.0,Kepler,Published Confirmed,0,55.63934,3.01,,,,5734.0,0.98,0.99,961.405
Kepler-81 b,Kepler-81,1,3,Transit,2012.0,Kepler,Published Confirmed,0,5.95487022,1.92,,541.0,M0 V,3896.0,0.52,0.54,348.291
Kepler-81 c,Kepler-81,1,3,Transit,2012.0,Kepler,Published Confirmed,0,12.03956985,1.75,,428.0,M0 V,3896.0,0.52,0.54,348.291
Kepler-81 d,Kepler-81,1,3,Transit,2014.0,Kepler,Published Confirmed,0,20.83766355,1.28,,,,4385.0,0.65,0.69,348.291
Kepler-810 b,Kepler-810,1,1,Transit,2016.0,Kepler,Published Confirmed,0,4.59725385,1.93,,,,5803.0,1.04,1.03,1458.59
Kepler-811 b,Kepler-811,1,1,Transit,2016.0,Kepler,Published Confirmed,0,23.58447697,2.7,,,,5747.0,1.24,1.01,985.041
Kepler-812 b,Kepler-812,1,1,Transit,2016.0,Kepler,Published Confirmed,0,10.11716531,3.55,,,,6761.0,1.71,1.45,1482.74
Kepler-813 b,Kepler-813,1,1,Transit,2016.0,Kepler,Published Confirmed,0,19.12947337,2.14,,,,5743.0,0.93,0.95,
Kepler-814 b,Kepler-814,1,1,Transit,2016.0,Kepler,Published Confirmed,0,6.1469851,2.12,,,,6162.0,1.22,1.15,2055.77
Kepler-815 b,Kepler-815,1,1,Transit,2016.0,Kepler,Published Confirmed,0,8.57503552,4.11,,,,5028.0,3.42,1.25,1259.28
Kepler-816 b,Kepler-816,1,1,Transit,2016.0,Kepler,Published Confirmed,0,10.506825646,10.24,,,,5286.0,0.85,0.9,983.697
Kepler-817 b,Kepler-817,1,1,Transit,2016.0,Kepler,Published Confirmed,0,3.990106229,9.03,,,,5861.0,1.03,1.03,1484.46
Kepler-818 b,Kepler-818,1,1,Transit,2016.0,Kepler,Published Confirmed,0,10.035385814,5.11,,,,5638.0,0.92,0.94,925.037
Kepler-819 b,Kepler-819,1,1,Transit,2016.0,Kepler,Published Confirmed,0,33.1995648,2.76,,,,5279.0,0.81,0.86,664.306
Kepler-82 b,Kepler-82,1,5,Transit,2012.0,Kepler,Published Confirmed,0,26.44435456,4.66,,,,5529.0,0.93,0.96,904.326
Kepler-82 c,Kepler-82,1,5,Transit,2012.0,Kepler,Published Confirmed,0,51.54,5.34,13.9,,,,0.898,0.91,904.326
Kepler-82 d,Kepler-82,1,5,Transit,2014.0,Kepler,Published Confirmed,0,2.382952186,1.73,,,,5529.0,0.93,0.96,904.326
Kepler-82 e,Kepler-82,1,5,Transit,2014.0,Kepler,Published Confirmed,0,5.902246921,2.54,,,,5529.0,0.93,0.96,904.326
Kepler-82 f,Kepler-82,1,5,Transit Timing Variations,2019.0,KOINet,Published Confirmed,0,75.732,,20.9,,,,0.898,0.91,904.326
Kepler-820 b,Kepler-820,1,1,Transit,2016.0,Kepler,Published Confirmed,0,127.8338098,6.09,,,,6260.0,1.36,1.23,1387.2
Kepler-821 b,Kepler-821,1,1,Transit,2016.0,Kepler,Published Confirmed,0,1.92279873,1.31,,,,5191.0,0.8,0.84,614.571
Kepler-822 b,Kepler-822,1,1,Transit,2016.0,Kepler,Published Confirmed,0,3.222969273,1.77,,,,5928.0,1.08,1.06,860.391
Kepler-823 b,Kepler-823,1,1,Transit,2016.0,Kepler,Published Confirmed,0,4.16809082,1.57,,,,5643.0,0.96,0.98,1389.27
Kepler-824 b,Kepler-824,1,1,Transit,2016.0,Kepler,Published Confirmed,0,4.51436633,1.87,,,,6035.0,1.22,1.15,1201.4
Kepler-825 b,Kepler-825,1,2,Transit,2016.0,Kepler,Published Confirmed,0,3.77360059,1.53,,,,5976.0,1.08,1.03,807.85
Kepler-825 c,Kepler-825,1,2,Transit,2016.0,Kepler,Published Confirmed,0,8.1818246,1.84,,,,5976.0,1.08,1.03,807.85
Kepler-826 b,Kepler-826,1,1,Transit,2016.0,Kepler,Published Confirmed,0,4.48758907,1.25,,,,6079.0,1.15,1.05,779.596
Kepler-827 b,Kepler-827,1,1,Transit,2016.0,Kepler,Published Confirmed,0,51.92927591,5.63,,,,5602.0,0.91,0.93,2046.68
Kepler-828 b,Kepler-828,1,1,Transit,2016.0,Kepler,Published Confirmed,0,0.567857136,1.51,,,,5039.0,0.77,0.81,575.322
Kepler-829 b,Kepler-829,1,1,Transit,2016.0,Kepler,Published Confirmed,0,6.88337562,2.11,,,,5698.0,0.97,0.98,1073.76
Kepler-83 b,Kepler-83,2,3,Transit,2012.0,Kepler,Published Confirmed,0,9.77058983,2.34,,460.0,M0 V,3893.0,0.52,0.54,400.409
Kepler-83 c,Kepler-83,2,3,Transit,2012.0,Kepler,Published Confirmed,0,20.08922958,1.94,,362.0,M0 V,3893.0,0.52,0.54,400.409
Kepler-83 d,Kepler-83,2,3,Transit,2014.0,Kepler,Published Confirmed,0,5.16990995,1.88,,569.0,M0 V,3893.0,0.52,0.54,400.409
Kepler-830 b,Kepler-830,1,1,Transit,2016.0,Kepler,Published Confirmed,0,11.29695137,1.7,,,,6037.0,1.11,1.07,
Kepler-831 b,Kepler-831,1,1,Transit,2016.0,Kepler,Published Confirmed,0,5.62153941,1.27,,,,5732.0,0.97,0.99,593.54
Kepler-832 b,Kepler-832,1,1,Transit,2016.0,Kepler,Published Confirmed,0,7.1396941,2.06,,,,5596.0,0.9,0.92,1688.12
Kepler-833 b,Kepler-833,1,1,Transit,2016.0,Kepler,Published Confirmed,0,18.7546998,2.02,,,,4339.0,0.62,0.64,467.37
Kepler-834 b,Kepler-834,1,1,Transit,2016.0,Kepler,Published Confirmed,0,13.32388301,2.02,,,,4554.0,0.66,0.7,633.937
Kepler-835 b,Kepler-835,1,1,Transit,2016.0,Kepler,Published Confirmed,0,11.41909375,2.79,,,,5954.0,1.11,1.08,2406.33
Kepler-836 b,Kepler-836,1,1,Transit,2016.0,Kepler,Published Confirmed,0,11.36112327,2.73,,,,5895.0,1.04,1.03,980.035
Kepler-837 b,Kepler-837,1,1,Transit,2016.0,Kepler,Published Confirmed,0,16.56059504,2.56,,,,5403.0,0.81,0.85,901.907
Kepler-838 b,Kepler-838,1,1,Transit,2016.0,Kepler,Published Confirmed,0,15.74957994,2.73,,,,5770.0,0.96,0.98,1104.04
Kepler-839 b,Kepler-839,1,1,Transit,2016.0,Kepler,Published Confirmed,0,37.8144514,2.57,,,,6058.0,1.31,1.22,944.561
Kepler-84 b,Kepler-84,1,5,Transit,2012.0,Kepler,Published Confirmed,0,8.726,1.95,40.0,,,,1.022,1.0,1023.9
Kepler-84 c,Kepler-84,1,5,Transit,2012.0,Kepler,Published Confirmed,0,12.88296485,3.14,,,,6039.0,1.11,1.06,1023.9
Kepler-84 d,Kepler-84,1,5,Transit,2014.0,Kepler,Published Confirmed,0,4.22451369,1.45,,,,6039.0,1.11,1.06,1023.9
Kepler-84 e,Kepler-84,1,5,Transit,2014.0,Kepler,Published Confirmed,0,27.4345883,2.54,,,,6039.0,1.11,1.06,1023.9
Kepler-84 f,Kepler-84,1,5,Transit,2014.0,Kepler,Published Confirmed,0,44.5518416,2.3,,,,6039.0,1.11,1.06,1023.9
Kepler-841 b,Kepler-841,1,1,Transit,2016.0,Kepler,Published Confirmed,0,124.4198398,5.23,,,,5324.0,0.81,0.85,998.961
Kepler-842 b,Kepler-842,1,1,Transit,2016.0,Kepler,Published Confirmed,0,1.21956827,1.6,,,,4848.0,0.73,0.78,532.726
Kepler-843 b,Kepler-843,1,1,Transit,2016.0,Kepler,Published Confirmed,0,2.053879821,2.59,,,,5830.0,1.03,1.02,1165.66
Kepler-844 b,Kepler-844,1,1,Transit,2016.0,Kepler,Published Confirmed,0,2.613020856,1.68,,,,4128.0,0.57,0.59,431.776
Kepler-845 b,Kepler-845,1,1,Transit,2016.0,Kepler,Published Confirmed,0,0.927859821,2.04,,,,4913.0,0.75,0.79,431.051
Kepler-846 b,Kepler-846,1,1,Transit,2016.0,Kepler,Published Confirmed,0,19.80792185,2.48,,,,5579.0,0.91,0.94,1127.12
Kepler-847 b,Kepler-847,1,1,Transit,2016.0,Kepler,Published Confirmed,0,2.343231895,1.18,,,,4940.0,0.77,0.83,513.103
Kepler-848 b,Kepler-848,1,1,Transit,2016.0,Kepler,Published Confirmed,0,6.91134416,1.7,,,,5695.0,1.2,1.01,1378.47
Kepler-849 b,Kepler-849,1,1,Transit,2016.0,Kepler,Published Confirmed,0,394.62508,8.08167508,298.75870258,362.7,,5950.0,1.822,1.259,822.134
Kepler-85 b,Kepler-85,1,4,Transit,2012.0,Kepler,Published Confirmed,0,8.3,1.778,1.84,,,5505.2,0.875,0.928,765.025
Kepler-85 c,Kepler-85,1,4,Transit,2012.0,Kepler,Published Confirmed,0,12.51,1.978,2.15,,,5505.2,0.875,0.928,765.025
Kepler-85 d,Kepler-85,1,4,Transit,2014.0,Kepler,Published Confirmed,0,17.9138906166,,,,,5495.0,0.864111,0.96,765.025
Kepler-85 e,Kepler-85,1,4,Transit,2014.0,Kepler,Published Confirmed,0,25.2152875,1.25,,,,5499.0,0.88,0.92,765.025
Kepler-850 b,Kepler-850,1,1,Transit,2016.0,Kepler,Published Confirmed,0,7.19303878,1.78,,,,5932.0,1.09,1.06,1661.28
Kepler-851 b,Kepler-851,1,1,Transit,2016.0,Kepler,Published Confirmed,0,8.50699658,1.68,,,,5455.0,0.85,0.89,839.255
Kepler-852 b,Kepler-852,1,1,Transit,2016.0,Kepler,Published Confirmed,0,44.9309804,2.54,,,,6100.0,1.16,1.19,1619.03
Kepler-853 b,Kepler-853,1,1,Transit,2016.0,Kepler,Published Confirmed,0,7.16892463,1.69,,,,6350.0,1.55,1.3,568.676
Kepler-855 b,Kepler-855,1,1,Transit,2016.0,Kepler,Published Confirmed,0,7.886631104,8.35,,,,5835.0,1.03,1.03,1506.58
Kepler-856 b,Kepler-856,1,1,Transit,2016.0,Kepler,Published Confirmed,0,8.027680595,9.3,,,,5535.0,0.93,0.96,1351.17
Kepler-857 b,Kepler-857,1,1,Transit,2016.0,Kepler,Published Confirmed,0,85.35129427,6.8,,,,5773.0,0.99,0.99,983.502
Kepler-858 b,Kepler-858,1,1,Transit,2016.0,Kepler,Published Confirmed,0,76.13602028,4.87,,,,5653.0,0.91,0.96,298.532
Kepler-859 b,Kepler-859,1,1,Transit,2016.0,Kepler,Published Confirmed,0,20.38177573,3.09,,,,5020.0,0.77,0.81,839.903
Kepler-860 b,Kepler-860,1,1,Transit,2016.0,Kepler,Published Confirmed,0,5.101379454,3.24,,,,5836.0,1.06,1.04,1056.36
Kepler-861 b,Kepler-861,1,1,Transit,2016.0,Kepler,Published Confirmed,0,3.949631375,2.28,,,,5047.0,0.78,0.82,850.327
Kepler-862 b,Kepler-862,1,1,Transit,2016.0,Kepler,Published Confirmed,0,3.148664534,2.21,,,,5333.0,0.84,0.88,1039.03
Kepler-863 b,Kepler-863,1,1,Transit,2016.0,Kepler,Published Confirmed,0,15.59461874,2.9,,,,5678.0,0.95,0.96,1499.66
Kepler-864 b,Kepler-864,1,2,Transit,2016.0,Kepler,Published Confirmed,0,5.83376092,2.4,,,,5754.0,1.0,1.0,2022.9
Kepler-864 c,Kepler-864,1,2,Transit,2023.0,Kepler,Published Confirmed,0,2.421489954,1.76699996,,,,6213.0,1.195,1.27,2022.9
Kepler-865 b,Kepler-865,1,2,Transit,2016.0,Kepler,Published Confirmed,0,14.16399294,2.49,,,,5570.0,0.92,0.93,586.137
Kepler-865 c,Kepler-865,1,2,Transit,2023.0,Kepler,Published Confirmed,0,6.209179878,1.06200004,,,,5440.0,0.885,0.782,586.137
Kepler-866 b,Kepler-866,1,1,Transit,2016.0,Kepler,Published Confirmed,0,2.617032536,1.63,,,,4751.0,0.71,0.75,646.667
Kepler-867 b,Kepler-867,1,1,Transit,2016.0,Kepler,Published Confirmed,0,150.242127,4.64,,,,5541.0,0.91,0.92,1195.54
Kepler-868 b,Kepler-868,1,1,Transit,2016.0,Kepler,Published Confirmed,0,5.03251791,2.05,,,,5614.0,0.89,0.93,1593.13
Kepler-869 b,Kepler-869,1,1,Transit,2016.0,Kepler,Published Confirmed,0,40.4287755,3.61,,,,5664.0,0.95,0.97,939.455
Kepler-87 b,Kepler-87,1,2,Transit,2013.0,Kepler,Published Confirmed,0,114.73635,13.49,324.2,478.0,,5600.0,1.82,1.1,1232.9
Kepler-87 c,Kepler-87,1,2,Transit,2013.0,Kepler,Published Confirmed,0,191.2318,6.14,6.4,403.0,,5600.0,1.82,1.1,1232.9
Kepler-870 b,Kepler-870,1,1,Transit,2016.0,Kepler,Published Confirmed,0,21.3587621,2.78,,,,5857.0,1.02,1.01,1259.46
Kepler-871 b,Kepler-871,1,1,Transit,2016.0,Kepler,Published Confirmed,0,22.0459018,3.74,,,,5993.0,1.14,1.11,1976.05
Kepler-872 b,Kepler-872,1,1,Transit,2016.0,Kepler,Published Confirmed,0,2.578855068,1.99,,,,5902.0,1.08,1.05,879.683
Kepler-873 b,Kepler-873,1,1,Transit,2016.0,Kepler,Published Confirmed,0,20.5533844,3.75,,,,6163.0,1.27,1.18,1182.22
Kepler-874 b,Kepler-874,1,1,Transit,2016.0,Kepler,Published Confirmed,0,40.0686727,3.94,,,,6020.0,1.13,1.09,1082.16
Kepler-875 b,Kepler-875,1,1,Transit,2016.0,Kepler,Published Confirmed,0,27.5073799,2.9,,,,5958.0,1.11,1.06,1242.62
Kepler-876 b,Kepler-876,1,1,Transit,2016.0,Kepler,Published Confirmed,0,5.14438011,1.43,,,,5060.0,0.77,0.81,820.913
Kepler-877 b,Kepler-877,1,1,Transit,2016.0,Kepler,Published Confirmed,0,18.45847097,2.12,,,,5261.0,0.81,0.85,602.176
Kepler-878 b,Kepler-878,1,1,Transit,2016.0,Kepler,Published Confirmed,0,25.9422033,1.93,,,,5044.0,0.77,0.81,791.625
Kepler-879 b,Kepler-879,1,2,Transit,2016.0,Kepler,Published Confirmed,0,33.3855938,2.57,,,,5792.0,1.02,1.02,802.672
Kepler-879 c,Kepler-879,1,2,Transit,2024.0,Kepler,Published Confirmed,0,0.646716,0.4,,,G,5456.75,1.022,0.974,802.672
Kepler-88 d,KOI-142,1,3,Radial Velocity,2020.0,W. M. Keck Observatory,Published Confirmed,0,1403.0,,965.14699656,,,5466.0,0.897,0.99,376.863
Kepler-880 b,Kepler-880,1,2,Transit,2016.0,Kepler,Published Confirmed,0,7.71468975,2.66,,,,6761.0,1.74,1.46,601.324
Kepler-880 c,Kepler-880,1,2,Transit,2023.0,Kepler,Published Confirmed,0,11.80609989,3.15700007,,,,6900.0,2.599,1.714,601.324
Kepler-881 b,Kepler-881,1,1,Transit,2016.0,Kepler,Published Confirmed,0,4.44448017,1.78,,,,5961.0,1.09,1.06,1375.18
Kepler-882 b,Kepler-882,1,1,Transit,2016.0,Kepler,Published Confirmed,0,3.989539666,1.23,,,,5476.0,0.87,0.9,504.605
Kepler-883 b,Kepler-883,1,1,Transit,2016.0,Kepler,Published Confirmed,0,12.98495573,1.78,,,,6116.0,1.09,1.06,627.455
Kepler-884 b,Kepler-884,1,1,Transit,2016.0,Kepler,Published Confirmed,0,5.69919514,1.23,,,,5715.0,0.94,1.0,476.733
Kepler-885 b,Kepler-885,1,1,Transit,2016.0,Kepler,Published Confirmed,0,18.11472949,2.5,,,,6187.0,1.35,1.21,651.318
Kepler-886 b,Kepler-886,1,1,Transit,2016.0,Kepler,Published Confirmed,0,6.24146367,1.52,,,,6098.0,1.16,1.1,711.297
Kepler-887 b,Kepler-887,1,2,Transit,2016.0,Kepler,Published Confirmed,0,20.42228798,1.84,,,,6194.0,1.29,1.19,886.588
Kepler-887 c,Kepler-887,1,2,Transit,2016.0,Kepler,Published Confirmed,0,7.63846023,1.13,,,,6194.0,1.29,1.19,886.588
Kepler-888 b,Kepler-888,1,1,Transit,2016.0,Kepler,Published Confirmed,0,70.6979061,1.76,,,,5875.0,0.9,0.97,420.817
Kepler-889 b,Kepler-889,1,1,Transit,2016.0,Kepler,Published Confirmed,0,3.744439,1.09,,,,5961.0,1.25,1.14,598.313
Kepler-890 b,Kepler-890,1,1,Transit,2016.0,Kepler,Published Confirmed,0,52.75875577,8.89,,,,5954.0,1.13,1.09,1712.12
Kepler-891 b,Kepler-891,1,1,Transit,2016.0,Kepler,Published Confirmed,0,53.44945593,6.41,,,,5887.0,1.07,1.06,2340.58
Kepler-892 b,Kepler-892,1,1,Transit,2016.0,Kepler,Published Confirmed,0,13.7521072,2.81,,,,4747.0,0.72,0.75,570.727
Kepler-893 b,Kepler-893,1,1,Transit,2016.0,Kepler,Published Confirmed,0,6.33855761,3.03,,,,5820.0,0.99,1.0,1285.59
Kepler-894 b,Kepler-894,1,1,Transit,2016.0,Kepler,Published Confirmed,0,9.803224,2.78,,,,5603.0,0.85,0.87,1162.91
Kepler-895 b,Kepler-895,1,1,Transit,2016.0,Kepler,Published Confirmed,0,2.806242328,1.54,,,,4315.0,0.61,0.65,540.134
Kepler-896 b,Kepler-896,1,2,Transit,2016.0,Kepler,Published Confirmed,0,144.547396,2.53,,,,5262.0,0.81,0.84,2334.93
Kepler-896 c,Kepler-896,1,2,Transit,2023.0,Kepler,Published Confirmed,0,29.54210091,3.10500002,,,,5510.0,0.803,0.877,2334.93
Kepler-897 b,Kepler-897,1,1,Transit,2016.0,Kepler,Published Confirmed,0,8.0472642,2.39,,,,5839.0,1.04,1.03,1519.25
Kepler-898 b,Kepler-898,1,1,Transit,2016.0,Kepler,Published Confirmed,0,5.8706191,1.49,,,,4223.0,0.62,0.65,484.891
Kepler-899 b,Kepler-899,1,1,Transit,2016.0,Kepler,Published Confirmed,0,19.17891293,2.68,,,,5595.0,0.91,0.93,1246.43
Kepler-9 b,Kepler-9,1,3,Transit,2010.0,Kepler,Published Confirmed,0,19.23891,8.29,43.4,,,5774.0,0.958,1.022,628.257
Kepler-9 c,Kepler-9,1,3,Transit,2010.0,Kepler,Published Confirmed,0,38.9853,8.08,29.9,,,5774.0,0.958,1.022,628.257
Kepler-9 d,Kepler-9,1,3,Transit,2010.0,Kepler,Published Confirmed,0,1.592851,1.64,,2026.0,,5777.0,1.02,1.07,628.257
Kepler-90 i,KOI-351,1,8,Transit,2017.0,Kepler,Published Confirmed,0,14.44912,1.32,,709.0,,6015.0,1.29,1.12,848.254
Kepler-900 b,Kepler-900,1,1,Transit,2016.0,Kepler,Published Confirmed,0,6.9913086,2.08,,,,4836.0,0.73,0.78,487.525
Kepler-901 b,Kepler-901,1,1,Transit,2016.0,Kepler,Published Confirmed,0,3.517494394,1.37,,,,4184.0,0.57,0.59,253.867
Kepler-902 b,Kepler-902,1,1,Transit,2016.0,Kepler,Published Confirmed,0,40.1099547,2.54,,,,5647.0,0.93,0.95,1165.34
Kepler-903 b,Kepler-903,1,2,Transit,2016.0,Kepler,Published Confirmed,0,10.3507721,2.01,,,,5682.0,0.97,0.98,1369.24
Kepler-903 c,Kepler-903,1,2,Transit,2016.0,Kepler,Published Confirmed,0,62.9228557,2.53,,,,5682.0,0.97,0.98,1369.24
Kepler-904 b,Kepler-904,1,1,Transit,2016.0,Kepler,Published Confirmed,0,3.021668632,1.77,,,,6160.0,1.25,1.16,978.125
Kepler-905 b,Kepler-905,1,1,Transit,2016.0,Kepler,Published Confirmed,0,5.082746517,1.41,,,,5461.0,0.86,0.95,529.268
Kepler-906 b,Kepler-906,1,1,Transit,2016.0,Kepler,Published Confirmed,0,41.6979976,2.11,,,,6035.0,1.02,1.06,757.791
Kepler-907 b,Kepler-907,1,1,Transit,2016.0,Kepler,Published Confirmed,0,15.86621821,1.2,,,,6106.0,1.38,1.08,
Kepler-908 b,Kepler-908,3,1,Transit,2016.0,Kepler,Published Confirmed,0,1.340597468,1.22,,,,5973.0,1.12,1.11,290.843
Kepler-909 b,Kepler-909,1,1,Transit,2016.0,Kepler,Published Confirmed,0,13.93290318,1.47,,,,6154.0,1.23,1.17,309.596
Kepler-91 b,Kepler-91,1,1,Transit,2013.0,Kepler,Published Confirmed,0,6.24658,15.322703,257.4423,2040.0,,4550.0,6.3,1.31,1294.69
Kepler-910 b,Kepler-910,1,1,Transit,2016.0,Kepler,Published Confirmed,0,2.364369015,0.82,,,,6230.0,1.5,1.26,400.289
Kepler-911 b,Kepler-911,1,1,Transit,2016.0,Kepler,Published Confirmed,0,20.310501,2.6,,,,6112.0,1.99,1.34,556.168
Kepler-912 b,Kepler-912,1,1,Transit,2016.0,Kepler,Published Confirmed,0,2.534756273,2.8,,,,5998.0,1.11,1.07,2004.72
Kepler-913 b,Kepler-913,1,2,Transit,2016.0,Kepler,Published Confirmed,0,10.29672521,2.06,,,,4687.0,0.61,0.63,991.618
Kepler-913 c,Kepler-913,1,2,Transit,2021.0,Kepler,Published Confirmed,0,5.939119816,3.8580709,,,,6068.0,1.797,1.294,991.618
Kepler-914 b,Kepler-914,1,1,Transit,2016.0,Kepler,Published Confirmed,0,4.40966548,1.38,,,,5877.0,1.15,1.1,753.723
Kepler-915 b,Kepler-915,1,1,Transit,2016.0,Kepler,Published Confirmed,0,4.59489604,1.5,,,,6173.0,1.38,1.21,849.036
Kepler-916 b,Kepler-916,1,1,Transit,2016.0,Kepler,Published Confirmed,0,32.2968798,1.76,,,,5248.0,0.81,0.85,830.712
Kepler-917 b,Kepler-917,1,1,Transit,2016.0,Kepler,Published Confirmed,0,2.970414375,1.91,,,,5418.0,0.76,0.8,3460.51
Kepler-918 b,Kepler-918,1,1,Transit,2016.0,Kepler,Published Confirmed,0,4.85386933,1.74,,,,6028.0,1.14,1.11,1025.03
Kepler-919 b,Kepler-919,1,1,Transit,2016.0,Kepler,Published Confirmed,0,11.04603384,2.25,,,,6113.0,1.21,1.15,1119.87
Kepler-92 b,Kepler-92,1,3,Transit,2013.0,Kepler,Published Confirmed,0,13.748933,3.65,,,,5904.34,1.81719,1.07,477.992
Kepler-92 c,Kepler-92,1,3,Transit,2013.0,Kepler,Published Confirmed,0,26.72320599,2.39,,,,5830.0,1.69,1.17,477.992
Kepler-92 d,Kepler-92,1,3,Transit,2015.0,Kepler,Published Confirmed,0,49.3568,2.067,,,,5904.34,1.81719,1.07,477.992
Kepler-920 b,Kepler-920,1,2,Transit,2016.0,Kepler,Published Confirmed,0,6.53192704,2.42,,,,5403.0,0.85,0.89,1001.68
Kepler-920 c,Kepler-920,1,2,Transit,2016.0,Kepler,Published Confirmed,0,100.8274113,3.8,,,,5403.0,0.85,0.89,1001.68
Kepler-921 b,Kepler-921,1,1,Transit,2016.0,Kepler,Published Confirmed,0,51.300634,2.87,,,,5663.0,0.91,0.93,934.49
Kepler-922 b,Kepler-922,1,1,Transit,2016.0,Kepler,Published Confirmed,0,0.938466832,1.42,,,,5671.0,0.93,0.95,536.323
Kepler-923 b,Kepler-923,1,1,Transit,2016.0,Kepler,Published Confirmed,0,6.93366476,1.38,,,,5988.0,1.26,1.11,1000.28
Kepler-924 b,Kepler-924,1,1,Transit,2016.0,Kepler,Published Confirmed,0,61.0370117,3.07,,,,6167.0,1.23,1.14,1053.04
Kepler-925 b,Kepler-925,1,1,Transit,2016.0,Kepler,Published Confirmed,0,33.8678531,2.34,,,,4673.0,0.72,0.77,611.115
Kepler-926 b,Kepler-926,1,1,Transit,2016.0,Kepler,Published Confirmed,0,52.0688601,2.31,,,,5806.0,1.01,1.01,921.361
Kepler-927 b,Kepler-927,1,1,Transit,2016.0,Kepler,Published Confirmed,0,9.1149903,1.72,,,,5743.0,0.99,0.99,831.685
Kepler-928 b,Kepler-928,1,1,Transit,2016.0,Kepler,Published Confirmed,0,3.932461302,1.59,,,,4700.0,0.7,0.73,508.809
Kepler-929 b,Kepler-929,1,1,Transit,2016.0,Kepler,Published Confirmed,0,0.921032135,1.11,,,,5869.0,1.02,1.01,1311.23
Kepler-93 b,Kepler-93,1,2,Transit,2014.0,Kepler,Published Confirmed,0,4.72673978,1.478,4.66,1133.0,,5669.0,0.919,0.911,95.9115
Kepler-93 c,Kepler-93,1,2,Radial Velocity,2014.0,W. M. Keck Observatory,Published Confirmed,0,3650.0,,2701.555,,,5655.0,0.922487,1.0,95.9115
Kepler-930 b,Kepler-930,1,1,Transit,2016.0,Kepler,Published Confirmed,0,71.4517775,2.13,,,,6335.0,1.4,1.25,848.396
Kepler-931 b,Kepler-931,1,1,Transit,2016.0,Kepler,Published Confirmed,0,8.03755877,1.33,,,,5241.0,0.81,0.86,
Kepler-932 b,Kepler-932,1,1,Transit,2016.0,Kepler,Published Confirmed,0,1.921437396,1.37,,,,5331.0,0.84,0.87,465.612
Kepler-933 b,Kepler-933,1,1,Transit,2016.0,Kepler,Published Confirmed,0,14.20443009,2.46,,,,5346.0,0.84,0.87,1017.2
Kepler-934 b,Kepler-934,1,1,Transit,2016.0,Kepler,Published Confirmed,0,55.6738309,2.09,,,,5001.0,0.77,0.81,608.738
Kepler-935 b,Kepler-935,1,1,Transit,2016.0,Kepler,Published Confirmed,0,4.88083852,1.35,,,,4830.0,0.73,0.78,471.782
Kepler-936 b,Kepler-936,1,1,Transit,2016.0,Kepler,Published Confirmed,0,10.56134221,1.45,,,,5482.0,0.89,0.92,823.399
Kepler-937 b,Kepler-937,1,2,Transit,2016.0,Kepler,Published Confirmed,0,67.668827,3.72,,,,6095.0,1.22,1.15,1571.46
Kepler-937 c,Kepler-937,1,2,Transit,2016.0,Kepler,Published Confirmed,0,153.343364,2.67,,,,6095.0,1.22,1.15,1571.46
Kepler-938 b,Kepler-938,1,1,Transit,2016.0,Kepler,Published Confirmed,0,52.6298417,2.22,,,,5533.0,0.89,0.92,1182.05
Kepler-939 b,Kepler-939,1,1,Transit,2016.0,Kepler,Published Confirmed,0,14.878296,1.75,,,,5471.0,0.85,0.88,2093.62
Kepler-94 b,Kepler-94,1,2,Transit,2014.0,Kepler,Published Confirmed,0,2.50809097,2.32,,827.0,M0 V,4238.0,0.61,0.64,191.904
Kepler-94 c,Kepler-94,1,2,Radial Velocity,2014.0,W. M. Keck Observatory,Published Confirmed,0,820.3,,3126.0,,,4781.0,0.76,0.81,191.904
Kepler-940 b,Kepler-940,1,1,Transit,2016.0,Kepler,Published Confirmed,0,59.6225257,3.34,,,,5769.0,0.96,0.97,1260.78
Kepler-941 b,Kepler-941,1,1,Transit,2016.0,Kepler,Published Confirmed,0,17.42395198,3.08,,,,5539.0,0.86,0.89,1088.36
Kepler-942 b,Kepler-942,1,1,Transit,2016.0,Kepler,Published Confirmed,0,44.96417488,2.13,,,,4861.0,0.75,0.81,216.354
Kepler-943 b,Kepler-943,1,1,Transit,2016.0,Kepler,Published Confirmed,0,49.7701438,5.93,,,,5612.0,0.91,0.93,2300.53
Kepler-944 b,Kepler-944,1,1,Transit,2016.0,Kepler,Published Confirmed,0,43.3167737,2.63,,,,5409.0,0.83,0.86,1349.43
Kepler-945 b,Kepler-945,1,1,Transit,2016.0,Kepler,Published Confirmed,0,31.0033814,2.63,,,,5718.0,0.97,0.97,1651.25
Kepler-946 b,Kepler-946,1,1,Transit,2016.0,Kepler,Published Confirmed,0,11.79162572,1.93,,,,5665.0,0.93,0.94,1137.29
Kepler-947 b,Kepler-947,1,1,Transit,2016.0,Kepler,Published Confirmed,0,26.9644317,2.28,,,,5508.0,0.87,0.9,1730.78
Kepler-948 b,Kepler-948,1,1,Transit,2016.0,Kepler,Published Confirmed,0,7.76846622,1.85,,,,5679.0,0.94,0.96,868.017
Kepler-949 b,Kepler-949,1,2,Transit,2016.0,Kepler,Published Confirmed,0,8.689307296,2.91,,,,5403.0,0.86,0.89,486.105
Kepler-949 c,Kepler-949,1,2,Transit,2023.0,Kepler,Published Confirmed,0,20.99720001,5.16499996,,,,5211.0,0.895,0.817,486.105
Kepler-95 b,Kepler-95,1,1,Transit,2014.0,Kepler,Published Confirmed,0,11.5231,3.42,13.0,,,5699.0,1.41,1.08,445.656
Kepler-950 b,Kepler-950,1,1,Transit,2016.0,Kepler,Published Confirmed,0,98.7180406,8.98,,,,5857.0,1.02,1.02,2161.6
Kepler-951 b,Kepler-951,2,1,Transit,2016.0,Kepler,Published Confirmed,0,71.52530845,5.59,,,,4834.0,0.73,0.77,382.509
Kepler-952 b,Kepler-952,1,1,Transit,2016.0,Kepler,Published Confirmed,0,130.3546919,7.65,,,,5730.0,0.99,1.0,1304.25
Kepler-953 b,Kepler-953,1,2,Transit,2016.0,Kepler,Published Confirmed,0,88.40655258,4.21,,,,5416.0,0.99,0.95,258.893
Kepler-953 c,Kepler-953,1,2,Transit,2016.0,Kepler,Published Confirmed,0,9.10967112,1.19,,,,5416.0,0.99,0.95,258.893
Kepler-954 b,Kepler-954,1,1,Transit,2016.0,Kepler,Published Confirmed,0,16.78176602,2.32,,,,4990.0,0.76,0.82,215.814
Kepler-955 b,Kepler-955,1,1,Transit,2016.0,Kepler,Published Confirmed,0,14.53244172,3.13,,,,5350.0,0.84,0.89,550.383
Kepler-956 b,Kepler-956,1,1,Transit,2016.0,Kepler,Published Confirmed,0,5.248672631,3.0,,,,6040.0,1.15,1.1,544.939
Kepler-957 b,Kepler-957,1,1,Transit,2016.0,Kepler,Published Confirmed,0,5.907413537,5.5,,,,4963.0,0.75,0.81,824.688
Kepler-958 b,Kepler-958,1,1,Transit,2016.0,Kepler,Published Confirmed,0,9.7678805,2.06,,,,5421.0,0.86,0.91,449.773
Kepler-959 b,Kepler-959,1,1,Transit,2016.0,Kepler,Published Confirmed,0,14.80074836,4.38,,,,7005.0,2.01,1.6,807.729
Kepler-96 b,Kepler-96,1,1,Transit,2014.0,Kepler,Published Confirmed,0,16.2385,2.67,8.46,,,5690.0,1.02,1.0,122.881
Kepler-960 b,Kepler-960,1,1,Transit,2016.0,Kepler,Published Confirmed,0,3.12686223,2.29,,,,4755.0,0.72,0.77,284.916
Kepler-961 b,Kepler-961,1,1,Transit,2016.0,Kepler,Published Confirmed,0,16.87727414,2.55,,,,5582.0,0.9,0.96,574.314
Kepler-962 b,Kepler-962,1,1,Transit,2016.0,Kepler,Published Confirmed,0,12.05707239,1.97,,,,5478.0,0.86,0.93,411.486
Kepler-963 b,Kepler-963,1,2,Transit,2016.0,Kepler,Published Confirmed,0,9.97683705,2.66,,,,5461.0,0.87,0.91,771.494
Kepler-963 c,Kepler-963,1,2,Transit,2024.0,Kepler,Published Confirmed,0,0.919783,0.6,,,G,5169.47,0.928,0.821,771.494
Kepler-964 b,Kepler-964,1,1,Transit,2016.0,Kepler,Published Confirmed,0,13.5225106,2.12,,,,5427.0,0.84,0.93,454.626
Kepler-965 b,Kepler-965,1,1,Transit,2016.0,Kepler,Published Confirmed,0,134.2527298,3.38,,,,5886.0,1.15,1.05,582.828
Kepler-966 b,Kepler-966,1,1,Transit,2016.0,Kepler,Published Confirmed,0,99.747622,4.13,,,,5840.0,1.02,1.02,1027.8
Kepler-967 b,Kepler-967,1,2,Transit,2016.0,Kepler,Published Confirmed,0,13.22713379,2.35,,,,5178.0,0.8,0.84,568.546
Kepler-967 c,Kepler-967,1,2,Transit,2016.0,Kepler,Published Confirmed,0,198.7112502,3.65,,,,5178.0,0.8,0.84,568.546
Kepler-968 b,Kepler-968,1,3,Transit,2016.0,Kepler,Published Confirmed,0,3.692983728,2.0,,,,4598.0,0.7,0.76,290.324
Kepler-968 c,Kepler-968,1,3,Transit,2016.0,Kepler,Published Confirmed,0,5.709404918,1.69,,,,4598.0,0.7,0.76,290.324
Kepler-969 b,Kepler-969,1,2,Transit,2016.0,Kepler,Published Confirmed,0,34.1731714,2.07,,,,5214.0,0.82,0.92,390.354
Kepler-969 c,Kepler-969,1,2,Transit,2016.0,Kepler,Published Confirmed,0,1.682934604,0.99,,,,5214.0,0.82,0.92,390.354
Kepler-97 b,Kepler-97,1,2,Transit,2014.0,Kepler,Published Confirmed,0,2.58664,1.48,3.51,,,5779.0,0.98,0.94,400.907
Kepler-97 c,Kepler-97,1,2,Radial Velocity,2014.0,W. M. Keck Observatory,Published Confirmed,0,789.0,,344.0,,,5779.0,0.98,0.94,400.907
Kepler-970 b,Kepler-970,2,1,Transit,2016.0,Kepler,Published Confirmed,0,16.73652231,2.77,,,,4511.0,0.67,0.7,331.545
Kepler-971 b,Kepler-971,1,1,Transit,2016.0,Kepler,Published Confirmed,0,9.59070716,2.13,,,,5431.0,0.85,0.88,338.522
Kepler-972 b,Kepler-972,1,1,Transit,2016.0,Kepler,Published Confirmed,0,7.03932553,4.65,,,,6146.0,1.22,1.15,1198.03
Kepler-973 b,Kepler-973,1,1,Transit,2016.0,Kepler,Published Confirmed,0,49.6077331,1.96,,,,5213.0,0.78,0.86,328.52
Kepler-974 b,Kepler-974,1,2,Transit,2016.0,Kepler,Published Confirmed,0,4.194496514,1.57,,,,3687.0,0.5,0.52,134.311
Kepler-975 b,Kepler-975,1,2,Transit,2016.0,Kepler,Published Confirmed,0,1.970342457,1.48,,,,4897.0,0.75,0.8,426.088
Kepler-975 c,Kepler-975,1,2,Transit,2023.0,Kepler,Published Confirmed,0,5.05821991,5.64400005,,,,4883.0,1.667,0.951,426.088
Kepler-976 b,Kepler-976,1,1,Transit,2016.0,Kepler,Published Confirmed,0,105.9564148,3.96,,,,5232.0,0.83,0.87,1012.41
Kepler-977 b,Kepler-977,1,1,Transit,2016.0,Kepler,Published Confirmed,0,26.85328322,2.62,,,,5315.0,0.83,0.87,568.751
Kepler-978 b,Kepler-978,1,1,Transit,2016.0,Kepler,Published Confirmed,0,49.6221509,2.99,,,,6002.0,1.09,1.07,682.522
Kepler-979 b,Kepler-979,1,1,Transit,2016.0,Kepler,Published Confirmed,0,8.0880135,2.72,,,,5310.0,0.83,0.87,576.503
Kepler-98 b,Kepler-98,1,1,Transit,2014.0,Kepler,Published Confirmed,0,1.54168,1.99,3.55,,,5539.0,1.11,0.99,350.315
Kepler-980 b,Kepler-980,1,1,Transit,2016.0,Kepler,Published Confirmed,0,11.55102504,2.67,,,,5935.0,1.06,1.05,961.468
Kepler-981 b,Kepler-981,1,1,Transit,2016.0,Kepler,Published Confirmed,0,4.469757736,2.31,,,,5718.0,0.96,0.98,878.082
Kepler-982 b,Kepler-982,1,1,Transit,2016.0,Kepler,Published Confirmed,0,15.7738221,2.25,,,,6139.0,1.29,1.16,801.479
Kepler-983 b,Kepler-983,1,1,Transit,2016.0,Kepler,Published Confirmed,0,60.0855082,2.36,,,,6052.0,1.08,1.13,714.437
Kepler-984 b,Kepler-984,1,1,Transit,2016.0,Kepler,Published Confirmed,0,43.0342272,2.12,,,,5610.0,0.93,0.96,460.188
Kepler-985 b,Kepler-985,1,1,Transit,2016.0,Kepler,Published Confirmed,0,116.331901,2.98,,,,5434.0,0.85,0.91,679.361
Kepler-986 b,Kepler-986,1,1,Transit,2016.0,Kepler,Published Confirmed,0,56.4349938,2.36,,,,5642.0,0.98,0.96,548.364
Kepler-987 b,Kepler-987,1,1,Transit,2016.0,Kepler,Published Confirmed,0,105.3033148,3.26,,,,5637.0,0.91,0.97,914.126
Kepler-988 b,Kepler-988,1,1,Transit,2016.0,Kepler,Published Confirmed,0,17.76080053,2.07,,,,4005.0,0.53,0.55,304.889
Kepler-989 b,Kepler-989,1,1,Transit,2016.0,Kepler,Published Confirmed,0,7.964315352,2.21,,,,5074.0,0.78,0.82,491.978
Kepler-99 b,Kepler-99,2,1,Transit,2014.0,Kepler,Published Confirmed,0,4.60358,1.48,6.15,,,4782.0,0.73,0.79,208.369
Kepler-990 b,Kepler-990,1,2,Transit,2016.0,Kepler,Published Confirmed,0,9.91723428,2.6,,,,5948.0,1.08,1.05,802.163
Kepler-990 c,Kepler-990,1,2,Transit,2016.0,Kepler,Published Confirmed,0,0.538354308,1.53,,,,5948.0,1.08,1.05,802.163
Kepler-991 b,Kepler-991,1,1,Transit,2016.0,Kepler,Published Confirmed,0,82.5342519,2.54,,,,4392.0,0.61,0.64,389.561
Kepler-992 b,Kepler-992,1,1,Transit,2016.0,Kepler,Published Confirmed,0,20.16034462,1.62,,,,4944.0,0.74,0.8,259.639
Kepler-993 b,Kepler-993,1,1,Transit,2016.0,Kepler,Published Confirmed,0,22.08557563,2.97,,,,3843.0,0.54,0.57,324.423
Kepler-994 b,Kepler-994,1,1,Transit,2016.0,Kepler,Published Confirmed,0,1.151166506,1.6,,,,3934.0,0.54,0.56,188.158
Kepler-995 b,Kepler-995,1,1,Transit,2016.0,Kepler,Published Confirmed,0,28.26731672,2.7,,,,5206.0,0.8,0.83,609.638
Kepler-996 b,Kepler-996,1,1,Transit,2016.0,Kepler,Published Confirmed,0,3.770590584,1.98,,,,6014.0,1.14,1.09,1216.58
Kepler-997 b,Kepler-997,1,1,Transit,2016.0,Kepler,Published Confirmed,0,2.707306716,1.36,,,,6150.0,1.56,1.22,467.568
Kepler-998 b,Kepler-998,1,1,Transit,2016.0,Kepler,Published Confirmed,0,5.65377733,2.32,,,,6058.0,1.18,1.12,986.364
Kepler-999 b,Kepler-999,1,1,Transit,2016.0,Kepler,Published Confirmed,0,5.991857017,2.34,,,,6237.0,1.65,1.29,545.063
L 168-9 b,L 168-9,1,1,Transit,2020.0,Transiting Exoplanet Survey Satellite (TESS),Published Confirmed,0,1.40152604,1.63,4.07,998.0,M0.5 V,3842.0,0.604,0.614,25.1496
L 363-38 b,L 363-38,1,1,Radial Velocity,2023.0,Paranal Observatory,Published Confirmed,0,8.781,,4.67,330.0,,3129.0,0.274,0.21,10.2295
L 98-59 b,L 98-59,1,5,Transit,2019.0,Transiting Exoplanet Survey Satellite (TESS),Published Confirmed,0,2.2531,0.8,1.01,610.0,M3 V,3412.0,0.314,0.312,10.6194
L 98-59 c,L 98-59,1,5,Transit,2019.0,Transiting Exoplanet Survey Satellite (TESS),Published Confirmed,0,3.6906777,1.385,2.22,553.0,M3 V,3415.0,0.303,0.273,10.6194
L 98-59 d,L 98-59,1,5,Transit,2019.0,Transiting Exoplanet Survey Satellite (TESS),Published Confirmed,0,7.450729,1.627,1.64,416.0,M3 V,3415.0,0.3155,0.2923,10.6194
L 98-59 e,L 98-59,1,5,Radial Velocity,2021.0,Multiple Observatories,Published Confirmed,0,12.813,,2.92,346.0,M3 V,3415.0,0.314,0.29,10.6194
L 98-59 f,L 98-59,1,5,Radial Velocity,2025.0,Multiple Facilities,Published Confirmed,0,23.069,,2.97,284.0,M3 V,3415.0,0.314,0.29,10.6194
LHS 1140 b,LHS 1140,1,2,Transit,2017.0,MEarth Project,Published Confirmed,0,24.73712,1.43,6.65,230.0,M4.5 V,3131.0,0.186,0.146,14.9861
LHS 1140 c,LHS 1140,1,2,Transit,2018.0,Multiple Observatories,Published Confirmed,0,3.77794,1.272,1.91,422.0,M4.5 V,3096.0,0.2159,0.1844,14.9861
LHS 1478 b,LHS 1478,1,1,Transit,2021.0,Transiting Exoplanet Survey Satellite (TESS),Published Confirmed,0,1.9495378,1.242,2.33,595.0,m3 V,3381.0,0.246,0.236,18.2276
LHS 1678 b,LHS 1678,2,3,Transit,2021.0,Transiting Exoplanet Survey Satellite (TESS),Published Confirmed,0,0.8602322,0.696,0.35,,M2.0 V,3490.0,0.329,0.345,19.8782
LHS 1678 c,LHS 1678,2,3,Transit,2021.0,Transiting Exoplanet Survey Satellite (TESS),Published Confirmed,0,3.694247,0.982,1.4,,M2.0 V,3490.0,0.329,0.345,19.8782
LHS 1678 d,LHS 1678,2,3,Transit,2024.0,Transiting Exoplanet Survey Satellite (TESS),Published Confirmed,0,4.9652229,0.981,,,M2.0 V,3490.0,0.329,0.345,19.8782
LHS 1815 b,LHS 1815,1,1,Transit,2020.0,Transiting Exoplanet Survey Satellite (TESS),Published Confirmed,0,3.81433,1.088,8.7,617.0,M1,3643.0,0.501,0.502,29.8424
LHS 1903 b,LHS 1903,1,4,Transit,2026.0,Transiting Exoplanet Survey Satellite (TESS),Published Confirmed,0,2.1555098,1.382,3.28,796.0,M,3664.0,0.539,0.538,35.6917
LHS 1903 c,LHS 1903,1,4,Transit,2026.0,Transiting Exoplanet Survey Satellite (TESS),Published Confirmed,0,6.226185,2.046,4.55,559.0,M,3664.0,0.539,0.538,35.6917
LHS 1903 d,LHS 1903,1,4,Transit,2026.0,Transiting Exoplanet Survey Satellite (TESS),Published Confirmed,0,12.566287,2.5,5.96,442.0,M,3664.0,0.539,0.538,35.6917
LHS 1903 e,LHS 1903,1,4,Transit,2026.0,CHaracterising ExOPlanets Satellite (CHEOPS),Published Confirmed,0,29.31773,1.732,5.79,333.0,M,3664.0,0.539,0.538,35.6917
LHS 3154 b,LHS 3154,1,1,Radial Velocity,2023.0,McDonald Observatory,Published Confirmed,0,3.71778,,13.15,,M6.5,2861.0,0.1405,0.1118,15.7606
LHS 3844 b,LHS 3844,1,1,Transit,2019.0,Transiting Exoplanet Survey Satellite (TESS),Published Confirmed,0,0.462929709,1.286,2.37,816.0,M4.5-M5.0,3080.0,0.189,0.151,14.8846
LHS 475 b,LHS 475,1,1,Transit,2023.0,Transiting Exoplanet Survey Satellite (TESS),Published Confirmed,0,2.029088,0.991,,586.0,M3.5 V,3300.0,0.2789,0.262,12.4814
LP 261-75 b,LP 261-75 A,1,1,Imaging,2006.0,Apache Point Observatory,Published Confirmed,0,,,6674.396547,1500.0,M4.5 V,,,0.22,33.928
LP 714-47 b,LP 714-47,1,1,Transit,2020.0,Transiting Exoplanet Survey Satellite (TESS),Published Confirmed,0,4.052037,4.7,30.8,700.0,M0.0 V,3950.0,0.584,0.59,52.616
LP 791-18 b,LP 791-18,1,3,Transit,2019.0,Transiting Exoplanet Survey Satellite (TESS),Published Confirmed,0,0.948005,1.12,,650.0,M(6.1+/-0.7) V,2960.0,0.171,0.139,26.4927
LP 791-18 c,LP 791-18,1,3,Transit,2019.0,Transiting Exoplanet Survey Satellite (TESS),Published Confirmed,0,4.9899093,2.438,7.1,324.4,M(6.1 +/- 0.7) V,2960.0,0.182,0.139,26.4927
LP 791-18 d,LP 791-18,1,3,Transit,2023.0,Spitzer Space Telescope,Published Confirmed,0,2.753436,1.032,0.9,395.5,M(6.1 +/- 0.7) V,2960.0,0.182,0.139,26.4927
LP 890-9 b,LP 890-9,1,2,Transit,2022.0,Transiting Exoplanet Survey Satellite (TESS),Published Confirmed,0,2.7299025,1.32,13.2,396.0,M6 V,2850.0,0.1556,0.118,32.4298
LP 890-9 c,LP 890-9,1,2,Transit,2022.0,SPECULOOS Southern Observatory,Published Confirmed,0,8.457463,1.367,25.3,272.0,M6 V,2850.0,0.1556,0.118,32.4298
LSPM J2116+0234 b,LSPM J2116+0234,1,1,Radial Velocity,2019.0,Calar Alto Observatory,Published Confirmed,0,14.4399,,13.3,,M3.0 V,3475.0,0.431,0.43,17.6297
LTT 1445 A b,LTT 1445 A,3,2,Transit,2019.0,Transiting Exoplanet Survey Satellite (TESS),Published Confirmed,0,5.35882,1.38,2.2,433.0,,3337.0,0.276,0.256,6.86929
LTT 1445 A c,LTT 1445 A,3,2,Transit,2022.0,Transiting Exoplanet Survey Satellite (TESS),Published Confirmed,0,3.1239035,1.147,1.54,508.0,,3340.0,0.265,0.257,6.86929
LTT 3780 b,LTT 3780,2,2,Transit,2020.0,Transiting Exoplanet Survey Satellite (TESS),Published Confirmed,0,0.768377,1.35,2.34,1000.0,M3.5 V,3360.0,0.382,0.379,21.9814
LTT 3780 c,LTT 3780,2,2,Transit,2020.0,Transiting Exoplanet Survey Satellite (TESS),Published Confirmed,0,12.2519,2.3,8.6,353.0,M4 V,3331.0,0.374,0.401,21.9814
LTT 9779 b,LTT 9779,1,1,Transit,2020.0,Transiting Exoplanet Survey Satellite (TESS),Published Confirmed,0,0.792052,4.72,29.32,1978.0,G7 V,5443.0,0.949,1.02,80.4373
LkCa 15 b,LkCa 15,1,2,Imaging,2015.0,Large Binocular Telescope Observatory,Published Confirmed,1,,,,,,4194.0,1.60711,,158.152
LkCa 15 c,LkCa 15,1,2,Imaging,2015.0,Large Binocular Telescope Observatory,Published Confirmed,1,,,,,,4194.0,1.60711,,158.152
Luhman 16 b,Luhman 16 A,1,1,Imaging,2017.0,Multiple Observatories,Published Confirmed,0,9697.0,,9344.1551658,,,,,0.0338,
Lupus-TR-3 b,Lupus-TR-3,1,1,Transit,2007.0,Multiple Observatories,Published Confirmed,0,3.91405,9.976,257.431,,,5000.0,0.82,0.87,773.409
M62H b,M62H,1,1,Pulsar Timing,2024.0,South African Radio Astronomy Observatory (SAR,Published Confirmed,0,0.132935028,,785.03616529,,,,,1.4,
MASCARA-1 b,MASCARA-1,1,1,Transit,2017.0,Multiple Observatories,Published Confirmed,0,2.14878,16.8135,1175.971,2570.0,A8,7554.0,2.1,1.72,182.273
MASCARA-4 b,MASCARA-4,2,1,Transit,2020.0,Multiple Observatories,Published Confirmed,0,2.82406,17.14977,985.273,2100.0,A7 V,7800.0,1.92,1.75,170.696
MOA-2007-BLG-192L b,MOA-2007-BLG-192L,1,1,Microlensing,2008.0,MOA,Published Confirmed,0,,,3.3,,,,,0.06,1000.0
MOA-2007-BLG-400L b,MOA-2007-BLG-400L,1,1,Microlensing,2008.0,MOA,Published Confirmed,0,,,260.0,103.0,,,,0.3,5800.0
MOA-2008-BLG-310L b,MOA-2008-BLG-310L,1,1,Microlensing,2009.0,MOA,Published Confirmed,0,,,23.4,,,,,0.21,7700.0
MOA-2008-BLG-379L b,MOA-2008-BLG-379L,1,1,Microlensing,2013.0,MOA,Published Confirmed,0,,,1300.0,,K,,,0.56,3300.0
MOA-2009-BLG-266L b,MOA-2009-BLG-266L,1,1,Microlensing,2011.0,MOA,Published Confirmed,0,2800.0,,10.4,,,,,0.56,3040.0
MOA-2009-BLG-319L b,MOA-2009-BLG-319L,1,1,Microlensing,2010.0,MOA,Published Confirmed,0,,,67.3,,,,,0.524,7050.0
MOA-2009-BLG-387L b,MOA-2009-BLG-387L,1,1,Microlensing,2010.0,MOA,Published Confirmed,0,1980.0,,830.0,,,,,0.19,5690.0
MOA-2010-BLG-073L b,MOA-2010-BLG-073L,1,1,Microlensing,2012.0,MOA,Published Confirmed,0,,,3500.0,,,,,0.16,2800.0
MOA-2010-BLG-117L b,MOA-2010-BLG-117L,1,1,Microlensing,2018.0,MOA,Published Confirmed,0,,,170.0,,,,,0.58,3500.0
MOA-2010-BLG-328L b,MOA-2010-BLG-328L,1,1,Microlensing,2013.0,MOA,Published Confirmed,0,,,15.2,,,,,0.12,1240.0
MOA-2010-BLG-353L b,MOA-2010-BLG-353L,1,1,Microlensing,2015.0,MOA,Published Confirmed,0,,,86.0,,,,,0.18,6430.0
MOA-2010-BLG-477L b,MOA-2010-BLG-477L,1,1,Microlensing,2012.0,MOA,Published Confirmed,0,,,480.0,,,5950.0,,0.67,2300.0
MOA-2011-BLG-028L b,MOA-2011-BLG-028L,1,1,Microlensing,2016.0,MOA,Published Confirmed,0,,,30.0,,,,,0.75,7380.0
MOA-2011-BLG-262L b,MOA-2011-BLG-262L,1,1,Microlensing,2014.0,MOA,Published Confirmed,0,,,17.0,,,,,0.11,7200.0
MOA-2011-BLG-291L b,MOA-2011-BLG-291L,1,1,Microlensing,2018.0,MOA,Published Confirmed,0,,,13.0,,,,,0.11,8800.0
MOA-2011-BLG-293L b,MOA-2011-BLG-293L,1,1,Microlensing,2012.0,MOA,Published Confirmed,0,3000.0,,760.0,,,,,0.43,7150.0
MOA-2011-BLG-322L b,MOA-2011-BLG-322L,1,1,Microlensing,2013.0,MOA,Published Confirmed,0,,,3690.0,,,,,0.39,7560.0
MOA-2012-BLG-006L b,MOA-2012-BLG-006L,1,1,Microlensing,2017.0,Multiple Observatories,Published Confirmed,0,,,2700.0,,,,,0.49,5300.0
MOA-2012-BLG-505L b,MOA-2012-BLG-505L,1,1,Microlensing,2017.0,MOA,Published Confirmed,0,,,6.7,,,,,0.1,7210.0
MOA-2013-BLG-220L b,MOA-2013-BLG-220L,1,1,Microlensing,2014.0,MOA,Published Confirmed,0,,,871.0,,,,,0.88,6720.0
MOA-2013-BLG-605L b,MOA-2013-BLG-605L,1,1,Microlensing,2016.0,MOA,Published Confirmed,0,,,20.58,,,,,0.198,3550.0
MOA-2015-BLG-337L b,MOA-2015-BLG-337L,1,1,Microlensing,2018.0,MOA,Published Confirmed,0,,,33.7,,,,,0.0094,7100.0
MOA-2016-BLG-227L b,MOA-2016-BLG-227L,1,1,Microlensing,2017.0,MOA,Published Confirmed,0,,,890.0,,,,,0.29,6500.0
MOA-2016-BLG-319L b,MOA-2016-BLG-319L,1,1,Microlensing,2018.0,MOA,Published Confirmed,0,,,210.0,,,,,0.15,6800.0
MOA-2016-BLG-526L b,MOA-2016-BLG-526L,1,1,Microlensing,2024.0,MOA,Published Confirmed,0,,,14.30227832,,,,,0.37,6940.0
MOA-2019-BLG-008L b,MOA-2019-BLG-008L,1,1,Microlensing,2022.0,MOA,Published Confirmed,0,,,5403.082919,,,,,0.8,2400.0
MOA-2020-BLG-135L b,MOA-2020-BLG-135L,1,1,Microlensing,2022.0,MOA,Published Confirmed,0,,,11.3,,,,,0.23,7900.0
MOA-2020-BLG-208L b,MOA-2020-BLG-208L,1,1,Microlensing,2023.0,MOA,Published Confirmed,0,,,69.0,,,,,0.66,7810.0
MOA-2022-BLG-033L b,MOA-2022-BLG-033L,1,1,Microlensing,2025.0,MOA,Published Confirmed,0,,,12.15,,F7 V,,,0.51,1840.0
MOA-2022-BLG-091L b,MOA-2022-BLG-091L,1,1,Microlensing,2025.0,MOA,Published Confirmed,0,,,1141.00398113,,G8 V,,,0.75,4250.0
MOA-2022-BLG-249L b,MOA-2022-BLG-249L,1,1,Microlensing,2023.0,MOA,Published Confirmed,0,,,4.83,,,,,0.18,2000.0
MOA-2022-BLG-563L b,MOA-2022-BLG-563L,1,1,Microlensing,2024.0,MOA,Published Confirmed,0,,,127.1313628,,,,,0.48,6530.0
MOA-bin-1L b,MOA-bin-1L,1,1,Microlensing,2012.0,MOA,Published Confirmed,0,,,1200.0,,,,,0.75,5100.0
MOA-bin-29 b,MOA-bin-29,1,1,Microlensing,2019.0,MOA,Published Confirmed,0,,,190.0,,,,,0.03,7120.0
MWC 758 c,MWC 758,1,1,Imaging,2023.0,Large Binocular Telescope Observatory,Published Confirmed,0,,,,500.0,A8Ve,,,1.5,159.537
MXB 1658-298 b,MXB 1658-298,2,1,Eclipse Timing Variations,2017.0,Multiple Observatories,Published Confirmed,0,760.0,,7532.571,,,,,,
NGC 2682 Sand 1429 b,NGC 2682 Sand 1429,1,1,Radial Velocity,2024.0,Multiple Observatories,Published Confirmed,0,77.48,,572.0911326,683.0,F9.5 V,6000.0,2.13,1.26,852.793
NGC 2682 Sand 978 b,NGC 2682 Sand 978,1,1,Radial Velocity,2017.0,Multiple Observatories,Published Confirmed,0,511.21,,692.8694,,K4 III,4200.0,,1.37,821.918
NGC 2682 YBP 1194 b,NGC 2682 YBP 1194,1,1,Radial Velocity,2014.0,Multiple Observatories,Published Confirmed,0,6.958,,108.06,,G5 V,5780.0,0.99,1.01,872.92
NGC 2682 YBP 1514 b,NGC 2682 YBP 1514,1,1,Radial Velocity,2014.0,Multiple Observatories,Published Confirmed,0,5.118,,127.13,,G5 V,5725.0,0.89,0.96,914.221
NGC 2682 YBP 401 b,NGC 2682 YBP 401,1,1,Radial Velocity,2016.0,La Silla Observatory,Published Confirmed,0,4.087,,146.2018,,F9 V,6165.0,,1.14,830.822
NGTS-1 b,NGTS-1,1,1,Transit,2017.0,Next-Generation Transit Survey (NGTS),Published Confirmed,0,2.647298,14.90797,258.07796,790.0,M0.5,3916.0,0.573,0.617,218.121
NGTS-10 b,NGTS-10,1,1,Transit,2020.0,Next-Generation Transit Survey (NGTS),Published Confirmed,0,0.7668944,13.506845,687.14846,1332.0,K5 V,4600.0,0.697,0.696,
NGTS-11 b,NGTS-11,1,1,Transit,2020.0,Transiting Exoplanet Survey Satellite (TESS),Published Confirmed,0,35.45533,9.157753,109.33352,435.0,K,5050.0,0.832,0.862,190.422
NGTS-12 b,NGTS-12,1,1,Transit,2020.0,Next-Generation Transit Survey (NGTS),Published Confirmed,0,7.532806,11.747032,66.10864,1257.0,G,5690.0,1.589,1.021,446.442
NGTS-13 b,NGTS-13,1,1,Transit,2021.0,Next-Generation Transit Survey (NGTS),Published Confirmed,0,4.119027,12.800678,1538.2972,1605.0,,5819.0,1.788,1.3,647.595
NGTS-14 A b,NGTS-14 A,2,1,Transit,2021.0,Next-Generation Transit Survey (NGTS),Published Confirmed,0,3.5357173,4.976796,29.24036,1143.0,K1 V,5187.0,0.842,0.898,322.148
NGTS-15 b,NGTS-15,1,1,Transit,2021.0,Next-Generation Transit Survey (NGTS),Published Confirmed,0,3.27623,12.32987877,238.68913366,1146.0,G6 V,5600.0,0.954,0.995,786.485
NGTS-16 b,NGTS-16,1,1,Transit,2021.0,Next-Generation Transit Survey (NGTS),Published Confirmed,0,4.84532,14.57167491,211.99154747,1177.0,G7 V,5550.0,1.213,1.002,898.168
NGTS-17 b,NGTS-17,1,1,Transit,2021.0,Next-Generation Transit Survey (NGTS),Published Confirmed,0,3.24253,13.89913607,242.82090295,1457.0,G4 V,5650.0,1.337,1.025,1040.28
NGTS-18 b,NGTS-18,1,1,Transit,2021.0,Next-Generation Transit Survey (NGTS),Published Confirmed,0,3.05125,13.56286665,129.99181846,1381.0,G5 V,5610.0,1.392,1.003,1096.19
NGTS-2 b,NGTS-2,1,1,Transit,2018.0,Next-Generation Transit Survey (NGTS),Published Confirmed,0,4.511164,17.878355,235.1942,1468.0,F5 V,6478.0,1.702,1.64,356.391
NGTS-20 b,NGTS-20,1,1,Transit,2022.0,Transiting Exoplanet Survey Satellite (TESS),Published Confirmed,0,54.18915,11.99360935,947.12865286,688.0,G1 IV,5980.0,1.78,1.47,382.898
NGTS-21 b,NGTS-21,1,1,Transit,2022.0,Next-Generation Transit Survey (NGTS),Published Confirmed,0,1.5433897,14.90794433,750.07504052,1357.0,K3 V,4660.0,0.86,0.72,592.891
NGTS-23 b,NGTS-23,1,1,Transit,2022.0,Next-Generation Transit Survey (NGTS),Published Confirmed,0,4.0764326,14.20177855,194.82881349,1327.0,F9 V,6057.0,1.24,1.01,1074.95
NGTS-24 b,NGTS-24,1,1,Transit,2022.0,Next-Generation Transit Survey (NGTS),Published Confirmed,0,3.4678796,13.60770257,165.27077164,1499.0,G2 IV,5820.0,1.64,1.26,683.062
NGTS-25 b,NGTS-25,1,1,Transit,2022.0,Next-Generation Transit Survey (NGTS),Published Confirmed,0,2.823093,11.46678726,203.09235207,1101.0,K0 V,5321.0,0.86,0.91,521.233
NGTS-26 b,NGTS-26,1,1,Transit,2024.0,Next-Generation Transit Survey (NGTS),Published Confirmed,0,4.5199279,14.88552637,92.80589484,1331.0,,5550.0,1.16,0.96,1093.69
NGTS-27 b,NGTS-27,1,1,Transit,2024.0,Transiting Exoplanet Survey Satellite (TESS),Published Confirmed,0,3.3704181,15.64773706,188.47224535,1783.0,,5700.0,1.77,1.07,942.122
NGTS-3 A b,NGTS-3 A,2,1,Transit,2018.0,Next-Generation Transit Survey (NGTS),Published Confirmed,0,1.6753728,16.58932,756.4354,,G6 V,5600.0,0.93,1.017,743.972
NGTS-30 b,NGTS-30,1,1,Transit,2024.0,Transiting Exoplanet Survey Satellite (TESS),Published Confirmed,0,98.29838,10.40193409,305.11527072,500.0,,5455.0,0.913,0.94,238.377
NGTS-31 b,NGTS-31,1,1,Transit,2025.0,Transiting Exoplanet Survey Satellite (TESS),Published Confirmed,0,4.162734,18.04645893,355.96781584,1410.0,,5710.0,1.7,0.96,497.376
NGTS-32 b,NGTS-32,1,1,Transit,2025.0,Next-Generation Transit Survey (NGTS),Published Confirmed,0,3.31211,15.91675259,181.16219199,1750.0,,5680.0,1.85,1.07,837.457
NGTS-33 b,NGTS-33,1,1,Transit,2024.0,Transiting Exoplanet Survey Satellite (TESS),Published Confirmed,0,2.827972,18.38272835,1153.71711741,1991.0,,7437.0,1.47,1.6,437.855
NGTS-34 b,NGTS-34,1,1,Transit,2025.0,Transiting Exoplanet Survey Satellite (TESS),Published Confirmed,0,43.12655,3.65,19.1,624.0,F8 V,6134.0,1.367,1.266,120.475
NGTS-35 b,NGTS-35,1,1,Transit,2025.0,Transiting Exoplanet Survey Satellite (TESS),Published Confirmed,0,25.241192,10.9,152.0,451.0,K3.5 V,4717.0,0.753,0.789,183.078
NGTS-4 b,NGTS-4,1,1,Transit,2019.0,Next-Generation Transit Survey (NGTS),Published Confirmed,0,1.3373508,3.18,20.6,1650.0,,5143.0,0.84,0.75,280.555
NGTS-5 b,NGTS-5,1,1,Transit,2019.0,Next-Generation Transit Survey (NGTS),Published Confirmed,0,3.3569866,12.733424,72.78307,952.0,K2 V,4987.0,0.739,0.661,306.779
NGTS-6 b,NGTS-6,1,1,Transit,2019.0,Next-Generation Transit Survey (NGTS),Published Confirmed,0,0.882059,14.863134,425.57437,1283.9,,4730.0,0.754,0.767,308.262
NGTS-8 b,NGTS-8,1,1,Transit,2019.0,Next-Generation Transit Survey (NGTS),Published Confirmed,0,2.4997,12.21781,295.5819,1345.0,K0 V,5241.0,0.98,0.89,428.976
NGTS-9 b,NGTS-9,1,1,Transit,2019.0,Next-Generation Transit Survey (NGTS),Published Confirmed,0,4.43527,11.99363,921.707,1448.0,F8 V,6330.0,1.38,1.34,609.128
NN Ser c,NN Ser,2,2,Eclipse Timing Variations,2010.0,Multiple Observatories,Published Confirmed,1,5660.0,,2196.11,,WD,57000.0,,0.535,515.818
NN Ser d,NN Ser,2,2,Eclipse Timing Variations,2010.0,Multiple Observatories,Published Confirmed,1,2830.0,,724.622,,WD,57000.0,,0.535,515.818
NSVS 14256825 b,NSVS 14256825,2,1,Eclipse Timing Variations,2019.0,Multiple Observatories,Published Confirmed,1,3225.0,,4497.2945,,,40000.0,0.188,0.419,820.877
NY Vir b,NY Vir,2,2,Eclipse Timing Variations,2011.0,Multiple Observatories,Published Confirmed,1,3160.0,,845.4278,,,32780.0,0.151,0.459,544.024
NY Vir c,NY Vir,2,2,Eclipse Timing Variations,2019.0,Winer Observatory,Published Confirmed,1,8799.0,,1760.7782,,,32780.0,0.151,0.459,544.024
OGLE-2003-BLG-235L b,OGLE-2003-BLG-235L,1,1,Microlensing,2004.0,OGLE,Published Confirmed,0,,,830.0,,K V,,,0.63,5800.0
OGLE-2005-BLG-071L b,OGLE-2005-BLG-071L,1,1,Microlensing,2005.0,OGLE,Published Confirmed,0,,,1200.0,55.0,,,,0.46,3200.0
OGLE-2005-BLG-169L b,OGLE-2005-BLG-169L,1,1,Microlensing,2006.0,OGLE,Published Confirmed,0,,,13.2,,K5,,,0.65,4000.0
OGLE-2005-BLG-390L b,OGLE-2005-BLG-390L,1,1,Microlensing,2005.0,OGLE,Published Confirmed,0,3285.0,,5.5,50.0,,,,0.22,6600.0
OGLE-2006-BLG-109L b,OGLE-2006-BLG-109L,1,2,Microlensing,2008.0,OGLE,Published Confirmed,0,,,230.0,82.0,,,,0.5,1490.0
OGLE-2006-BLG-109L c,OGLE-2006-BLG-109L,1,2,Microlensing,2008.0,OGLE,Published Confirmed,0,4927.5,,86.0,,,,,0.51,1510.0
OGLE-2006-BLG-284L A b,OGLE-2006-BLG-284L A,2,1,Microlensing,2020.0,OGLE,Published Confirmed,0,,,144.0,,,,,0.35,4000.0
OGLE-2007-BLG-349L AB c,OGLE-2007-BLG-349L A,2,1,Microlensing,2016.0,OGLE,Published Confirmed,0,2557.0,,80.0,,M,,,0.41,2760.0
OGLE-2007-BLG-368L b,OGLE-2007-BLG-368L,1,1,Microlensing,2009.0,OGLE,Published Confirmed,0,,,20.0,,,,,0.64,5900.0
OGLE-2008-BLG-092L b,OGLE-2008-BLG-092L,2,1,Microlensing,2014.0,OGLE,Published Confirmed,0,,,57.0,,,,,0.71,8100.0
OGLE-2008-BLG-355L b,OGLE-2008-BLG-355L,1,1,Microlensing,2014.0,OGLE,Published Confirmed,0,,,1500.0,,,,,0.37,6800.0
OGLE-2011-BLG-0173L b,OGLE-2011-BLG-0173L,1,1,Microlensing,2018.0,OGLE,Published Confirmed,0,,,57.0,,,,,0.42,6000.0
OGLE-2011-BLG-0251L b,OGLE-2011-BLG-0251L,1,1,Microlensing,2012.0,OGLE,Published Confirmed,0,,,170.0,,M,,,0.26,2570.0
OGLE-2011-BLG-0265L b,OGLE-2011-BLG-0265L,1,1,Microlensing,2015.0,OGLE,Published Confirmed,0,,,180.0,,,,,0.136,3490.0
OGLE-2012-BLG-0026L b,OGLE-2012-BLG-0026L,1,2,Microlensing,2012.0,OGLE,Published Confirmed,0,,,35.0,,G5 V,,,0.82,4080.0
OGLE-2012-BLG-0026L c,OGLE-2012-BLG-0026L,1,2,Microlensing,2012.0,OGLE,Published Confirmed,0,,,220.0,,G5 V,,,0.82,4080.0
OGLE-2012-BLG-0358L b,OGLE-2012-BLG-0358L,1,1,Microlensing,2013.0,OGLE,Published Confirmed,0,,,588.0,,,,,0.022,1760.0
OGLE-2012-BLG-0406L b,OGLE-2012-BLG-0406L,1,1,Microlensing,2013.0,OGLE,Published Confirmed,0,,,830.0,,,,,0.48,3600.0
OGLE-2012-BLG-0563L b,OGLE-2012-BLG-0563L,1,1,Microlensing,2015.0,OGLE,Published Confirmed,0,,,123.0,,,,,0.34,1300.0
OGLE-2012-BLG-0724L b,OGLE-2012-BLG-0724L,1,1,Microlensing,2016.0,OGLE,Published Confirmed,0,,,150.0,,M V,,,0.29,6700.0
OGLE-2012-BLG-0838L b,OGLE-2012-BLG-0838L,1,1,Microlensing,2020.0,OGLE,Published Confirmed,0,,,53.1,,,,,0.4,6320.0
OGLE-2012-BLG-0950L b,OGLE-2012-BLG-0950L,1,1,Microlensing,2016.0,OGLE,Published Confirmed,0,,,35.0,,M V,,,0.57,2600.0
OGLE-2013-BLG-0102L b,OGLE-2013-BLG-0102L,1,1,Microlensing,2014.0,OGLE,Published Confirmed,0,,,4100.0,,,,,0.096,3040.0
OGLE-2013-BLG-0132L b,OGLE-2013-BLG-0132L,1,1,Microlensing,2017.0,OGLE,Published Confirmed,0,,,92.0,,,,,0.54,3900.0
OGLE-2013-BLG-0341L B b,OGLE-2013-BLG-0341L B,2,1,Microlensing,2014.0,OGLE,Published Confirmed,0,,,1.66,,,,,0.1127,911.0
OGLE-2013-BLG-0911L b,OGLE-2013-BLG-0911L,1,1,Microlensing,2019.0,OGLE,Published Confirmed,0,,,3020.0,,,,,0.29,3220.0
OGLE-2013-BLG-1721L b,OGLE-2013-BLG-1721L,1,1,Microlensing,2017.0,OGLE,Published Confirmed,0,,,200.0,,,,,0.46,6300.0
OGLE-2013-BLG-1761L b,OGLE-2013-BLG-1761L,1,1,Microlensing,2018.0,OGLE,Published Confirmed,0,,,860.0,,,,,0.33,6900.0
OGLE-2014-BLG-0124L b,OGLE-2014-BLG-0124L,1,1,Microlensing,2015.0,OGLE,Published Confirmed,0,,,150.0,,,,,0.65,4230.0
OGLE-2014-BLG-0221L b,OGLE-2014-BLG-0221L,1,1,Microlensing,2024.0,OGLE,Published Confirmed,0,,,15452.81714834,,,,,9.81,2940.0
OGLE-2014-BLG-0319L b,OGLE-2014-BLG-0319L,1,1,Microlensing,2022.0,OGLE,Published Confirmed,0,,,181.16219199,,M,,,0.52,7730.0
OGLE-2014-BLG-0676L b,OGLE-2014-BLG-0676L,1,1,Microlensing,2016.0,OGLE,Published Confirmed,0,,,982.0,,,,,0.62,2220.0
OGLE-2014-BLG-1722L b,OGLE-2014-BLG-1722L,1,2,Microlensing,2018.0,OGLE,Published Confirmed,0,,,55.3,,,,,0.4,6400.0
OGLE-2014-BLG-1722L c,OGLE-2014-BLG-1722L,1,2,Microlensing,2018.0,OGLE,Published Confirmed,0,,,83.3,,,,,0.39,6380.0
OGLE-2014-BLG-1760L b,OGLE-2014-BLG-1760L,1,1,Microlensing,2016.0,OGLE,Published Confirmed,0,,,295.89824692,,K,,,0.803,7056.0
OGLE-2015-BLG-0051L b,OGLE-2015-BLG-0051L,1,1,Microlensing,2016.0,OGLE,Published Confirmed,0,,,230.0,,,,,0.1,8200.0
OGLE-2015-BLG-0954L b,OGLE-2015-BLG-0954L,1,1,Microlensing,2016.0,KMTNet,Published Confirmed,0,,,1100.0,,,,,0.3,1200.0
OGLE-2015-BLG-0966L b,OGLE-2015-BLG-0966L,1,1,Microlensing,2016.0,OGLE,Published Confirmed,0,,,21.0,,,,,0.38,2500.0
OGLE-2015-BLG-1609L b,OGLE-2015-BLG-1609L,1,1,Microlensing,2025.0,OGLE,Published Confirmed,0,,,1.8751876,,,,,0.025,6600.0
OGLE-2015-BLG-1649L b,OGLE-2015-BLG-1649L,1,1,Microlensing,2019.0,OGLE,Published Confirmed,0,,,807.0,,,,,0.34,4230.0
OGLE-2015-BLG-1670L b,OGLE-2015-BLG-1670L,1,1,Microlensing,2019.0,OGLE,Published Confirmed,0,,,17.9,,,,,0.55,6700.0
OGLE-2015-BLG-1771L b,OGLE-2015-BLG-1771L,1,1,Microlensing,2020.0,OGLE,Published Confirmed,0,,,138.0,,,,,0.077,7070.0
OGLE-2016-BLG-0007L b,OGLE-2016-BLG-0007L,1,1,Microlensing,2025.0,OGLE,Published Confirmed,0,14200.0,,1.32,,,,,0.59,4300.0
OGLE-2016-BLG-0263L b,OGLE-2016-BLG-0263L,1,1,Microlensing,2017.0,OGLE,Published Confirmed,0,,,1300.0,,,,,0.13,6500.0
OGLE-2016-BLG-0613L AB b,OGLE-2016-BLG-0613L AB,2,1,Microlensing,2017.0,OGLE,Published Confirmed,0,,,957.0,,,,,0.65,3560.0
OGLE-2016-BLG-1067L b,OGLE-2016-BLG-1067L,1,1,Microlensing,2019.0,OGLE,Published Confirmed,0,,,140.0,,,,,0.31,3780.0
OGLE-2016-BLG-1093L b,OGLE-2016-BLG-1093L,1,1,Microlensing,2022.0,OGLE,Published Confirmed,0,,,200.23189641,,,,,0.41,7790.0
OGLE-2016-BLG-1190L b,OGLE-2016-BLG-1190L,1,1,Microlensing,2017.0,OGLE,Published Confirmed,0,1110.0,,4253.0,,,,,0.89,6740.0
OGLE-2016-BLG-1195L b,OGLE-2016-BLG-1195L,1,1,Microlensing,2017.0,OGLE,Published Confirmed,0,,,1.43,,,,,0.078,3910.0
OGLE-2016-BLG-1227L b,OGLE-2016-BLG-1227L,1,1,Microlensing,2020.0,OGLE,Published Confirmed,0,,,1580.0,,,,,0.68,
OGLE-2016-BLG-1266L b,OGLE-2016-BLG-1266L,1,1,Microlensing,2018.0,OGLE,Published Confirmed,0,,,1967.35783933,,,,,0.008,2030.0
OGLE-2016-BLG-1598L b,OGLE-2016-BLG-1598L,1,1,Microlensing,2024.0,OGLE,Published Confirmed,0,,,222.4798849,,,,,0.55,5910.0
OGLE-2016-BLG-1800L b,OGLE-2016-BLG-1800L,1,1,Microlensing,2024.0,OGLE,Published Confirmed,0,,,823.17557413,,,,,0.41,6480.0
OGLE-2017-BLG-0173L b,OGLE-2017-BLG-0173L,1,1,Microlensing,2018.0,OGLE,Published Confirmed,0,,,3.269,,,,,0.396,4705.0
OGLE-2017-BLG-0364L b,OGLE-2017-BLG-0364L,1,1,Microlensing,2024.0,OGLE,Published Confirmed,0,,,75.8,,,,,0.49,7860.0
OGLE-2017-BLG-0373L b,OGLE-2017-BLG-0373L,1,1,Microlensing,2018.0,OGLE,Published Confirmed,0,,,60.1,,,,,0.276,5810.0
OGLE-2017-BLG-0406L b,OGLE-2017-BLG-0406L,1,1,Microlensing,2020.0,OGLE,Published Confirmed,0,,,130.0,,,,,0.56,5200.0
OGLE-2017-BLG-0448L b,OGLE-2017-BLG-0448L,1,1,Microlensing,2024.0,OGLE,Published Confirmed,0,,,299.0,,,,,0.67,5060.0
OGLE-2017-BLG-0482L b,OGLE-2017-BLG-0482L,1,1,Microlensing,2018.0,OGLE,Published Confirmed,0,,,9.0,,,,,0.2,5800.0
OGLE-2017-BLG-0604L b,OGLE-2017-BLG-0604L,1,1,Microlensing,2020.0,OGLE,Published Confirmed,0,,,160.0,,,,,0.7,3950.0
OGLE-2017-BLG-0640L b,OGLE-2017-BLG-0640L,1,1,Microlensing,2024.0,OGLE,Published Confirmed,0,,,514.88201934,,,,,0.32,6630.0
OGLE-2017-BLG-1049L b,OGLE-2017-BLG-1049L,1,1,Microlensing,2020.0,OGLE,Published Confirmed,0,,,1760.0,,,,,0.55,5670.0
OGLE-2017-BLG-1099L b,OGLE-2017-BLG-1099L,1,1,Microlensing,2021.0,OGLE,Published Confirmed,0,,,959.84178914,,,,,0.45,7250.0
OGLE-2017-BLG-1140L b,OGLE-2017-BLG-1140L,1,1,Microlensing,2018.0,OGLE,Published Confirmed,0,,,505.0,,,,,0.211,
OGLE-2017-BLG-1237L b,OGLE-2017-BLG-1237L,1,1,Microlensing,2024.0,OGLE,Published Confirmed,0,,,1207.7479466,,,,,0.46,6030.0
OGLE-2017-BLG-1275L b,OGLE-2017-BLG-1275L,1,1,Microlensing,2024.0,OGLE,Published Confirmed,0,,,1875.1876013,,,,,0.63,7690.0
OGLE-2017-BLG-1375L b,OGLE-2017-BLG-1375L,1,1,Microlensing,2020.0,OGLE,Published Confirmed,0,,,3585.0,,,,,0.81,3930.0
OGLE-2017-BLG-1434L b,OGLE-2017-BLG-1434L,1,1,Microlensing,2018.0,OGLE,Published Confirmed,0,,,4.43,,,,,0.234,860.0
OGLE-2017-BLG-1522L b,OGLE-2017-BLG-1522L,1,1,Microlensing,2018.0,OGLE,Published Confirmed,0,,,240.0,,,,,0.045,7490.0
OGLE-2017-BLG-1691L b,OGLE-2017-BLG-1691L,1,1,Microlensing,2022.0,OGLE,Published Confirmed,0,,,14.62010672,,,,,0.45,7290.0
OGLE-2017-BLG-1806L b,OGLE-2017-BLG-1806L,1,1,Microlensing,2023.0,OGLE,Published Confirmed,0,,,2.68,,,,,0.48,6530.0
OGLE-2018-BLG-0298L b,OGLE-2018-BLG-0298L,1,1,Microlensing,2022.0,OGLE,Published Confirmed,0,,,28.92238504,,,,,0.63,6790.0
OGLE-2018-BLG-0383L b,OGLE-2018-BLG-0383L,1,1,Microlensing,2022.0,OGLE,Published Confirmed,0,,,6.4,,,,,0.1,7700.0
OGLE-2018-BLG-0506L b,OGLE-2018-BLG-0506L,1,1,Microlensing,2022.0,OGLE,Published Confirmed,0,,,16.3,,,,,0.63,5600.0
OGLE-2018-BLG-0516L b,OGLE-2018-BLG-0516L,1,1,Microlensing,2022.0,OGLE,Published Confirmed,0,,,20.1,,,,,0.47,7000.0
OGLE-2018-BLG-0532L b,OGLE-2018-BLG-0532L,1,1,Microlensing,2020.0,OGLE,Published Confirmed,0,,,6.228,,,,,0.195,773.0
OGLE-2018-BLG-0567L b,OGLE-2018-BLG-0567L,1,1,Microlensing,2021.0,OGLE,Published Confirmed,0,,,101.70509024,,,,,0.25,7060.0
OGLE-2018-BLG-0596L b,OGLE-2018-BLG-0596L,1,1,Microlensing,2019.0,OGLE,Published Confirmed,0,,,1.19,,,,,0.154,5950.0
OGLE-2018-BLG-0677L b,OGLE-2018-BLG-0677L,1,1,Microlensing,2020.0,OGLE,Published Confirmed,0,,,3.96,,,,,0.12,7580.0
OGLE-2018-BLG-0740L b,OGLE-2018-BLG-0740L,1,1,Microlensing,2019.0,OGLE,Published Confirmed,0,5480.0,,1500.0,,G V,5912.0,,1.0,3200.0
OGLE-2018-BLG-0799L b,OGLE-2018-BLG-0799L,1,1,Microlensing,2022.0,OGLE,Published Confirmed,0,,,120.77479466,,,,,0.13,6280.0
OGLE-2018-BLG-0932L b,OGLE-2018-BLG-0932L,1,1,Microlensing,2022.0,KMTNet,Published Confirmed,0,,,282.86728223,,,,,0.72,6620.0
OGLE-2018-BLG-0962L b,OGLE-2018-BLG-0962L,1,1,Microlensing,2021.0,OGLE,Published Confirmed,0,,,425.89006538,,,,,0.54,6500.0
OGLE-2018-BLG-0977L b,OGLE-2018-BLG-0977L,1,1,Microlensing,2022.0,OGLE,Published Confirmed,0,,,6.4,,,,,0.47,6500.0
OGLE-2018-BLG-1011L b,OGLE-2018-BLG-1011L,1,2,Microlensing,2019.0,OGLE,Published Confirmed,0,,,570.0,,,,,0.18,7100.0
OGLE-2018-BLG-1011L c,OGLE-2018-BLG-1011L,1,2,Microlensing,2019.0,OGLE,Published Confirmed,0,,,890.0,,,,,0.18,7100.0
OGLE-2018-BLG-1119L b,OGLE-2018-BLG-1119L,1,1,Microlensing,2022.0,OGLE,Published Confirmed,0,,,289.22385037,,,,,0.48,5760.0
OGLE-2018-BLG-1126L b,OGLE-2018-BLG-1126L,1,1,Microlensing,2022.0,KMTNet,Published Confirmed,0,,,13.6666215,,,,,0.69,5690.0
OGLE-2018-BLG-1185L b,OGLE-2018-BLG-1185L,1,1,Microlensing,2021.0,OGLE,Published Confirmed,0,,,2.1,,,,,0.091,5450.0
OGLE-2018-BLG-1212L b,OGLE-2018-BLG-1212L,1,1,Microlensing,2022.0,KMTNet,Published Confirmed,0,,,63.5656814,,,,,0.16,1550.0
OGLE-2018-BLG-1269L b,OGLE-2018-BLG-1269L,1,1,Microlensing,2020.0,OGLE,Published Confirmed,0,,,240.0,,,,,1.18,2640.0
OGLE-2018-BLG-1367L b,OGLE-2018-BLG-1367L,1,1,Microlensing,2022.0,KMTNet,Published Confirmed,0,,,301.93698665,,,,,0.28,5370.0
OGLE-2018-BLG-1428L b,OGLE-2018-BLG-1428L,1,1,Microlensing,2021.0,OGLE,Published Confirmed,0,,,240.0,,,,,0.43,6220.0
OGLE-2018-BLG-1647L b,OGLE-2018-BLG-1647L,1,1,Microlensing,2022.0,KMTNet,Published Confirmed,0,,,308.29355479,,,,,0.092,7880.0
OGLE-2018-BLG-1700L b,OGLE-2018-BLG-1700L,2,1,Microlensing,2020.0,OGLE,Published Confirmed,0,,,1400.0,,,,,0.42,7600.0
OGLE-2019-BLG-0249L b,OGLE-2019-BLG-0249L,1,1,Microlensing,2023.0,OGLE,Published Confirmed,0,,,2262.93825784,,,,,0.91,6370.0
OGLE-2019-BLG-0299L b,OGLE-2019-BLG-0299L,1,1,Microlensing,2021.0,OGLE,Published Confirmed,0,,,1976.89269154,,,,,0.59,5830.0
OGLE-2019-BLG-0304L b,OGLE-2019-BLG-0304L,2,1,Microlensing,2021.0,OGLE,Published Confirmed,0,,,162.09248757,,,,,0.27,6980.0
OGLE-2019-BLG-0362L b,OGLE-2019-BLG-0362L,1,1,Microlensing,2022.0,OGLE,Published Confirmed,0,,,1061.54687938,,,,,0.45,5720.0
OGLE-2019-BLG-0468L b,OGLE-2019-BLG-0468L,1,2,Microlensing,2022.0,OGLE,Published Confirmed,0,,,1020.22918647,,G,,,0.92,4400.0
OGLE-2019-BLG-0468L c,OGLE-2019-BLG-0468L,1,2,Microlensing,2022.0,OGLE,Published Confirmed,0,,,3222.78004698,,G,,,0.92,4400.0
OGLE-2019-BLG-0679L b,OGLE-2019-BLG-0679L,1,1,Microlensing,2023.0,OGLE,Published Confirmed,0,,,1061.54687938,,,,,0.66,5630.0
OGLE-2019-BLG-0954L b,OGLE-2019-BLG-0954L,1,1,Microlensing,2021.0,OGLE,Published Confirmed,0,,,4513.1633794,,,,,0.8,3630.0
OGLE-2019-BLG-0960L b,OGLE-2019-BLG-0960L,1,1,Microlensing,2021.0,OGLE,Published Confirmed,0,,,2.0,,,,,0.48,810.0
OGLE-2019-BLG-1053L b,OGLE-2019-BLG-1053L,1,1,Microlensing,2021.0,KMTNet,Published Confirmed,0,,,2.48,,,,,0.61,6800.0
OGLE-2019-BLG-1180L b,OGLE-2019-BLG-1180L,1,1,Microlensing,2023.0,OGLE,Published Confirmed,0,,,555.24622703,,,,,0.545,6070.0
OGLE-2019-BLG-1470L AB c,OGLE-2019-BLG-1470L A,2,1,Microlensing,2022.0,OGLE,Published Confirmed,0,,,985.2680617,,,,,0.58,5600.0
OGLE-2019-BLG-1492L b,OGLE-2019-BLG-1492L,1,1,Microlensing,2022.0,OGLE,Published Confirmed,0,,,37.1,,,,,0.68,5600.0
OGLE-2023-BLG-0836L b,OGLE-2023-BLG-0836L,2,1,Microlensing,2024.0,OGLE,Published Confirmed,0,,,1385.73185452,,,,,0.71,5120.0
OGLE-TR-10 b,OGLE-TR-10,1,1,Transit,2004.0,OGLE,Published Confirmed,0,3.101278,19.27948,216.1244,1702.0,,6075.0,1.52,1.277,1344.97
OGLE-TR-111 b,OGLE-TR-111,1,1,Transit,2004.0,OGLE,Published Confirmed,0,4.0144477,11.332299,174.8065,1019.0,,5044.0,0.822,0.846,1068.33
OGLE-TR-113 b,OGLE-TR-113,1,1,Transit,2004.0,OGLE,Published Confirmed,0,1.4324757,12.453199,394.1092,1355.0,,4804.0,0.78,0.768,566.459
OGLE-TR-132 b,OGLE-TR-132,1,1,Transit,2004.0,OGLE,Published Confirmed,0,1.68986531,13.775861,371.8611,1991.0,,6210.0,1.338,1.29,2012.62
OGLE-TR-182 b,OGLE-TR-182,1,1,Transit,2007.0,OGLE,Published Confirmed,0,3.9791,16.47723,336.8998,1550.0,,5924.0,1.53,1.187,2501.75
OGLE-TR-211 b,OGLE-TR-211,1,1,Transit,2007.0,OGLE,Published Confirmed,0,3.67724,14.145758,238.3725,1686.0,,6325.0,1.56,1.312,1515.26
OGLE-TR-56 b,OGLE-TR-56,1,1,Transit,2002.0,OGLE,Published Confirmed,0,1.2119189,15.278,441.77,2212.0,,6050.0,1.363,1.228,
OGLE2-TR-L9 b,OGLE2-TR-L9,1,1,Transit,2008.0,OGLE,Published Confirmed,0,2.48553417,18.304297,1398.452,2034.0,,6933.0,1.499,1.427,1627.63
Oph 11 b,Oph 11,1,1,Imaging,2006.0,Gemini Observatory,Published Confirmed,0,7300000.0,,4449.62,2175.0,M9,2375.0,,0.016,
PDS 70 b,PDS 70,1,2,Imaging,2018.0,Paranal Observatory,Published Confirmed,0,43500.0,14.5717,2542.64,1200.0,K7,3972.0,1.26,0.76,113.064
PDS 70 c,PDS 70,1,2,Imaging,2019.0,European Southern Observatory,Published Confirmed,0,,22.19378179,2383.7130525,1054.0,,4109.0,,0.982,113.064
PH1 b,PH1,4,1,Transit,2012.0,Kepler,Published Confirmed,0,138.317,6.18,169.0,481.0,F,6407.0,1.734,1.528,1033.16
PH2 b,PH2,1,1,Transit,2013.0,Kepler,Published Confirmed,0,282.52542,9.33708092,87.08498352,295.1,,5734.0,0.949,0.966,343.863
POTS-1 b,POTS-1,1,1,Transit,2013.0,La Silla Observatory,Published Confirmed,0,3.1606296,10.548,734.16,,K5 V,4400.0,0.588,0.695,747.959
PSR B0329+54 b,PSR B0329+54,1,1,Pulsar Timing,2017.0,Multiple Facilities,Published Confirmed,0,10140.0,,1.97,,,,,1.44,
PSR B1257+12 b,PSR B1257+12,1,3,Pulsar Timing,1994.0,Arecibo Observatory,Published Confirmed,0,25.262,,0.02,,,,,1.4,600.0
PSR B1257+12 c,PSR B1257+12,1,3,Pulsar Timing,1992.0,Arecibo Observatory,Published Confirmed,0,66.5419,,4.3,,,,,1.4,600.0
PSR B1257+12 d,PSR B1257+12,1,3,Pulsar Timing,1992.0,Arecibo Observatory,Published Confirmed,0,98.2114,,3.9,,,,,1.4,600.0
PSR B1620-26 b,PSR B1620-26,2,1,Pulsar Timing,2003.0,Hubble Space Telescope,Published Confirmed,0,,,794.575,,,,,1.35,
PSR J1719-1438 b,PSR J1719-1438,1,1,Pulsar Timing,2011.0,Parkes Observatory,Published Confirmed,0,0.090706293,,382.8,,,4500.0,,1.4,1200.0
PSR J2322-2650 b,PSR J2322-2650,1,1,Pulsar Timing,2017.0,Parkes Observatory,Published Confirmed,0,0.322963997,,252.643067,,,,,1.4,230.0
PZ Tel b,PZ Tel,1,1,Imaging,2023.0,W. M. Keck Observatory,Published Confirmed,0,44000.0,,8581.366989,,G9 IV,,,1.36,47.0648
Pr0201 b,Pr0201,1,1,Radial Velocity,2012.0,Fred Lawrence Whipple Observatory,Published Confirmed,0,4.4264,,171.6282,,,6174.0,1.15,1.24,180.64
Pr0211 b,Pr0211,2,2,Radial Velocity,2012.0,Fred Lawrence Whipple Observatory,Published Confirmed,0,2.1461,,597.5204,,,5300.0,0.827,0.935,182.714
Pr0211 c,Pr0211,2,2,Radial Velocity,2016.0,Roque de los Muchachos Observatory,Published Confirmed,0,4850.0,,2475.8957,,,5300.0,0.827,0.935,182.714
Proxima Cen b,Proxima Cen,3,2,Radial Velocity,2016.0,European Southern Observatory,Published Confirmed,0,11.186,,1.27,234.0,M5.5 V,3050.0,0.141,0.12,1.30119
Proxima Cen d,Proxima Cen,3,2,Radial Velocity,2025.0,La Silla Observatory,Published Confirmed,0,5.12338,,0.26,282.0,M5.5 V,2900.0,0.141,0.1221,1.30119
Qatar-1 b,Qatar-1,1,1,Transit,2010.0,Qatar,Published Confirmed,0,1.42002586,12.800678,410.95419,1388.0,,4910.0,0.796,0.818,185.615
Qatar-10 b,Qatar-10,1,1,Transit,2019.0,Qatar,Published Confirmed,0,1.645321,17.295487,233.92288,1955.0,F7 V,6124.0,1.254,1.156,559.068
Qatar-2 b,Qatar-2,1,1,Transit,2011.0,Qatar,Published Confirmed,0,1.3371182,12.823,790.41,1292.0,,4645.0,0.713,0.74,181.374
Qatar-3 b,Qatar-3,1,1,Transit,2017.0,Qatar,Published Confirmed,0,2.5079204,12.285064,1369.8473,1681.0,G0 V,6007.0,1.272,1.145,735.601
Qatar-4 b,Qatar-4,1,1,Transit,2017.0,Qatar,Published Confirmed,0,1.8053564,12.722215,1938.763,1385.0,K1 V,5215.0,0.849,0.896,329.036
Qatar-5 b,Qatar-5,1,1,Transit,2017.0,Qatar,Published Confirmed,0,2.8792319,12.408363,1373.0256,1415.0,G2 V,5747.0,1.076,1.128,367.658
Qatar-6 b,Qatar-6,2,1,Transit,2017.0,Qatar,Published Confirmed,0,3.506195,11.903958,212.31044,1006.0,K2 V,5052.0,0.722,0.822,100.848
Qatar-7 b,Qatar-7,1,1,Transit,2019.0,Qatar,Published Confirmed,0,2.032046,19.0553,597.5204,2053.0,F4 V,6387.0,1.564,1.409,705.981
Qatar-8 b,Qatar-8,1,1,Transit,2019.0,Qatar,Published Confirmed,0,3.71495,14.403565,117.91493,1457.0,G0 V,5738.0,1.315,1.029,281.498
Qatar-9 b,Qatar-9,1,1,Transit,2019.0,Qatar,Published Confirmed,0,1.540731,11.309881,378.2177,1134.0,K5 V,4309.0,0.696,0.719,213.771
ROXs 12 b,ROXs 12,2,1,Imaging,2013.0,W. M. Keck Observatory,Published Confirmed,0,,,5085.0,,M0,3850.0,,0.87,136.65
ROXs 42 B b,ROXs 42 B,2,1,Imaging,2013.0,Multiple Observatories,Published Confirmed,0,,,2860.0,1975.0,M0,,,1.0,143.59
RR Cae b,RR Cae,2,1,Eclipse Timing Variations,2012.0,Leoncito Astronomical Complex,Published Confirmed,1,4343.5,,1334.886,,M,,,0.44,21.1916
Ross 128 b,Ross 128,1,1,Radial Velocity,2017.0,La Silla Observatory,Published Confirmed,0,9.8658,,1.4,301.0,M4,3192.0,0.1967,0.168,3.37454
Ross 176 b,Ross 176,1,1,Transit,2025.0,Transiting Exoplanet Survey Satellite (TESS),Published Confirmed,0,5.0066338,1.84,4.57,682.0,K7 V,4041.0,0.569,0.577,46.4488
Ross 458 c,Ross 458,2,1,Imaging,2010.0,Las Campanas Observatory,Published Confirmed,0,,14.01125,1906.98,,,,,,11.5094
Ross 508 b,Ross 508,1,1,Radial Velocity,2022.0,Subaru Telescope,Published Confirmed,0,10.77,,4.0,,M4.5 V,3071.0,0.2113,0.1774,11.2103
SPECULOOS-3 b,SPECULOOS-3,1,1,Transit,2024.0,SPECULOOS Southern Observatory,Published Confirmed,0,0.71912603,0.977,,553.0,M6.5+/-0.5,2800.0,0.123,0.1009,
SR 12 AB c,SR 12 AB,2,1,Imaging,2010.0,Infrared Survey Facility,Published Confirmed,0,,,4131.62,,,,,,
SWEEPS-11 b,SWEEPS-11,1,1,Transit,2006.0,Hubble Space Telescope,Published Confirmed,0,1.796,12.666,3082.82,,,,1.45,1.1,
SWEEPS-4 b,SWEEPS-4,1,1,Transit,2006.0,Hubble Space Telescope,Published Confirmed,0,4.2,9.079,1207.7,,,,1.18,1.24,
TAP 26 b,TAP 26,1,1,Radial Velocity,2017.0,Multiple Facilities,Published Confirmed,0,10.79,,527.5978,,,4620.0,1.17,1.04,121.402
TCP J05074264+2447555 b,TCP J05074264+2447555,1,1,Microlensing,2018.0,Multiple Observatories,Published Confirmed,0,,,19.0,,,,,0.495,429.0
TIC 117642575 b,TIC 117642575,1,1,Transit,2026.0,Transiting Exoplanet Survey Satellite (TESS),Published Confirmed,0,4.94459060181,2.82716337,,,,5719.98,1.08102,,188.758
TIC 139270665 b,TIC 139270665,1,2,Transit,2024.0,Transiting Exoplanet Survey Satellite (TESS),Published Confirmed,0,23.624,7.22979255,147.15455244,703.0,G2,5844.0,1.016,1.035,189.875
TIC 139270665 c,TIC 139270665,1,2,Radial Velocity,2024.0,Lick Observatory,Published Confirmed,0,1010.0,,1554.18091023,200.0,G2,5844.0,1.016,1.035,189.875
TIC 139702105 b,TIC 139702105,1,1,Transit,2026.0,Transiting Exoplanet Survey Satellite (TESS),Published Confirmed,0,6.83601903383,2.45316949,,,,5742.35,1.25423,,91.7884
TIC 142589416 b,TIC 142589416,1,1,Transit,2026.0,Transiting Exoplanet Survey Satellite (TESS),Published Confirmed,0,2.09518466313,2.67899519,,,,4396.27,0.713832,,168.933
TIC 147027702 b,TIC 147027702,1,1,Transit,2026.0,Transiting Exoplanet Survey Satellite (TESS),Published Confirmed,0,44.40523,10.92875618,346.43296363,863.0,,6410.0,2.136,1.406,457.186
TIC 153919886 b,TIC 153919886,1,1,Transit,2026.0,Transiting Exoplanet Survey Satellite (TESS),Published Confirmed,0,2.10510492329,2.70601108,,,,4137.16,0.591697,,132.33
TIC 154870955 b,TIC 154870955,1,1,Transit,2026.0,Transiting Exoplanet Survey Satellite (TESS),Published Confirmed,0,7.9698747128,3.09467466,,,,4739.58,0.724328,,226.463
TIC 160113658 b,TIC 160113658,1,1,Transit,2026.0,Transiting Exoplanet Survey Satellite (TESS),Published Confirmed,0,6.72952262077,3.49015778,,,,4817.31,0.789834,,200.156
TIC 161045582 b,TIC 161045582,1,1,Transit,2026.0,Transiting Exoplanet Survey Satellite (TESS),Published Confirmed,0,8.85577189959,2.24566738,,,,5683.87,1.07976,,162.246
TIC 172900988 b,TIC 172900988 Aa,2,1,Transit,2021.0,Transiting Exoplanet Survey Satellite (TESS),Published Confirmed,0,200.452,11.25,942.0,,F9,6050.0,1.3842,1.2384,250.956
TIC 178172313 b,TIC 178172313,1,1,Transit,2026.0,Transiting Exoplanet Survey Satellite (TESS),Published Confirmed,0,4.3731816136,2.80405322,,,,5405.59,0.84345,,178.137
TIC 183374187 b,TIC 183374187,1,1,Transit,2026.0,Transiting Exoplanet Survey Satellite (TESS),Published Confirmed,0,5.05907,14.03364384,177.98390792,1379.0,,5768.0,1.344,0.853,1208.75
TIC 188624430 b,TIC 188624430,1,1,Transit,2026.0,Transiting Exoplanet Survey Satellite (TESS),Published Confirmed,0,6.21860433132,3.64811843,,,,5369.46,0.786574,,300.743
TIC 18942729 b,TIC 18942729,1,1,Transit,2026.0,Transiting Exoplanet Survey Satellite (TESS),Published Confirmed,0,0.99817838064,2.00021315,,,,4360.11,0.825257,,115.169
TIC 198190129 b,TIC 198190129,1,1,Transit,2026.0,Transiting Exoplanet Survey Satellite (TESS),Published Confirmed,0,7.94804910667,2.92284949,,,,4377.53,0.640675,,130.035
TIC 206466666 b,TIC 206466666,1,1,Transit,2026.0,Transiting Exoplanet Survey Satellite (TESS),Published Confirmed,0,9.10486865159,2.14817673,,,,4620.3,0.667193,,127.837
TIC 231949697 b,TIC 231949697,1,1,Transit,2026.0,Transiting Exoplanet Survey Satellite (TESS),Published Confirmed,0,0.90720448719,1.52831855,,,,3451.32,0.492584,,50.2408
TIC 237913194 b,TIC 237913194,1,1,Transit,2020.0,Transiting Exoplanet Survey Satellite (TESS),Published Confirmed,0,15.168865,12.520453,617.22586,974.0,G3,5788.0,1.088,1.026,306.063
TIC 241249530 b,TIC 241249530,2,1,Transit,2024.0,Transiting Exoplanet Survey Satellite (TESS),Published Confirmed,0,165.7719,13.29385111,1582.78546686,,,6166.0,1.397,1.271,324.448
TIC 245076932 b,TIC 245076932,1,1,Transit,2026.0,Transiting Exoplanet Survey Satellite (TESS),Published Confirmed,0,21.61389,10.87271128,162.09248757,845.0,,6130.0,1.288,1.117,303.96
TIC 24750448 b,TIC 24750448,1,2,Transit,2026.0,Transiting Exoplanet Survey Satellite (TESS),Published Confirmed,0,3.59159193029,2.43722231,,,,4545.43,0.713599,,178.146
TIC 24750448 c,TIC 24750448,1,2,Transit,2026.0,Transiting Exoplanet Survey Satellite (TESS),Published Confirmed,0,10.14385270726,3.09028272,,,,4545.43,0.713599,,178.146
TIC 249022743 b,TIC 249022743,1,1,Transit,2026.0,Transiting Exoplanet Survey Satellite (TESS),Published Confirmed,0,2.25719681538,4.79568155,,,,5567.58,1.2084,,396.46
TIC 257060897 b,TIC 257060897,1,1,Transit,2021.0,Transiting Exoplanet Survey Satellite (TESS),Published Confirmed,0,3.66003639,17.26183028,201.50321004,1775.0,F,5993.0,1.863,1.187,505.703
TIC 260969020 b,TIC 260969020,1,1,Transit,2026.0,Transiting Exoplanet Survey Satellite (TESS),Published Confirmed,0,8.48584501953,2.22686612,,,,4572.94,0.68988,,121.222
TIC 270471727 b,TIC 270471727,1,1,Transit,2026.0,Transiting Exoplanet Survey Satellite (TESS),Published Confirmed,0,10.45623256647,2.75029559,,,,5271.39,0.997091,,182.104
TIC 279401253 b,TIC 279401253,1,2,Transit,2023.0,Transiting Exoplanet Survey Satellite (TESS),Published Confirmed,0,76.8,11.2089807,1951.46641898,,,5951.0,1.06,1.13,285.584
TIC 279401253 c,TIC 279401253,1,2,Transit,2023.0,Multiple Observatories,Published Confirmed,0,155.3,,2548.98382414,,,5951.0,1.06,1.13,285.584
TIC 290487717 b,TIC 290487717,1,1,Transit,2026.0,Transiting Exoplanet Survey Satellite (TESS),Published Confirmed,0,3.400818229,6.63777941,,,,5328.97,0.943767,,395.574
TIC 294329732 b,TIC 294329732,1,1,Transit,2026.0,Transiting Exoplanet Survey Satellite (TESS),Published Confirmed,0,9.7565876181,2.07692266,,,,5201.93,0.920172,,189.333
TIC 32032563 b,TIC 32032563,1,1,Transit,2026.0,Transiting Exoplanet Survey Satellite (TESS),Published Confirmed,0,13.83460487791,3.47739942,,,,5567.93,1.00188,,507.858
TIC 320419023 b,TIC 320419023,1,1,Transit,2026.0,Transiting Exoplanet Survey Satellite (TESS),Published Confirmed,0,5.26375651589,2.77280763,,,,5703.36,0.952319,,288.893
TIC 34085383 b,TIC 34085383,1,1,Transit,2026.0,Transiting Exoplanet Survey Satellite (TESS),Published Confirmed,0,3.47793368523,3.91982296,,,,4694.84,0.809951,,149.12
TIC 349520724 b,TIC 349520724,1,1,Transit,2026.0,Transiting Exoplanet Survey Satellite (TESS),Published Confirmed,0,7.94044635021,2.82626313,,,,5098.6,0.818771,,241.105
TIC 356227008 b,TIC 356227008,1,1,Transit,2026.0,Transiting Exoplanet Survey Satellite (TESS),Published Confirmed,0,2.96147448702,2.39024009,,,,5731.86,0.959792,,387.609
TIC 365102760 b,TIC 365102760,1,1,Transit,2024.0,Transiting Exoplanet Survey Satellite (TESS),Published Confirmed,0,4.21285367,6.21,19.2,,,4900.0,3.13,1.17,555.546
TIC 38825265 b,TIC 38825265,1,1,Transit,2026.0,Transiting Exoplanet Survey Satellite (TESS),Published Confirmed,0,3.31336980985,2.18869476,,,,4375.52,0.664503,,165.638
TIC 38828280 b,TIC 38828280,1,1,Transit,2026.0,Transiting Exoplanet Survey Satellite (TESS),Published Confirmed,0,4.85558984762,2.62701629,,,,5046.63,0.741147,,286.415
TIC 390586021 b,TIC 390586021,1,1,Transit,2026.0,Transiting Exoplanet Survey Satellite (TESS),Published Confirmed,0,2.74703755819,2.86009388,,,,4434.81,0.726565,,114.558
TIC 393818343 b,TIC 393818343,2,1,Transit,2024.0,Transiting Exoplanet Survey Satellite (TESS),Published Confirmed,0,16.24921,12.18416202,1379.37528638,805.5,,5756.0,1.086,1.082,93.7345
TIC 423703298 b,TIC 423703298,1,1,Transit,2026.0,Transiting Exoplanet Survey Satellite (TESS),Published Confirmed,0,4.03712711976,2.77230429,,,,4540.37,0.729825,,136.191
TIC 434398831 b,TIC 434398831,1,2,Transit,2025.0,Transiting Exoplanet Survey Satellite (TESS),Published Confirmed,0,3.685504,3.51,,1250.0,G4 V,5638.0,0.909,0.992,217.011
TIC 434398831 c,TIC 434398831,1,2,Transit,2025.0,Transiting Exoplanet Survey Satellite (TESS),Published Confirmed,0,6.210291,5.63,,1050.0,G4 V,5638.0,0.909,0.992,217.011
TIC 437041147 b,TIC 437041147,1,1,Transit,2026.0,Transiting Exoplanet Survey Satellite (TESS),Published Confirmed,0,3.82301421497,2.21526814,,,,5224.36,0.961092,,246.6
TIC 445839811 b,TIC 445839811,1,1,Transit,2026.0,Transiting Exoplanet Survey Satellite (TESS),Published Confirmed,0,11.1086260318,2.47771211,,,,5408.25,0.850041,,235.655
TIC 46432937 b,TIC 46432937,1,1,Transit,2024.0,Transiting Exoplanet Survey Satellite (TESS),Published Confirmed,0,1.44044527,13.31626907,1017.0509024,872.0,,3572.0,0.5299,0.563,90.5369
TIC 4672985 b,TIC 4672985,1,1,Transit,2024.0,Transiting Exoplanet Survey Satellite (TESS),Published Confirmed,0,69.048,11.5004142,4049.13390518,517.2,,5757.0,1.15,1.01,253.385
TIC 62895484 b,TIC 62895484,1,1,Transit,2026.0,Transiting Exoplanet Survey Satellite (TESS),Published Confirmed,0,2.83985434327,3.49391667,,,,5520.79,0.874291,,294.857
TIC 65612701 b,TIC 65612701,1,1,Transit,2026.0,Transiting Exoplanet Survey Satellite (TESS),Published Confirmed,0,10.22467974953,5.07802804,,,,5692.29,1.73709,,151.624
TIC 67686059 b,TIC 67686059,1,1,Transit,2026.0,Transiting Exoplanet Survey Satellite (TESS),Published Confirmed,0,3.52163529551,2.59125922,,,,5090.09,0.820458,,249.203
TIC 77319217 b,TIC 77319217,1,1,Transit,2026.0,Transiting Exoplanet Survey Satellite (TESS),Published Confirmed,0,7.54830765124,3.10879526,,,,5961.52,1.18439,,267.62
TIC 77552382 b,TIC 77552382,1,1,Transit,2026.0,Transiting Exoplanet Survey Satellite (TESS),Published Confirmed,0,3.51025904942,5.69176189,,,,4981.07,0.886956,,373.415
TIC 86380416 b,TIC 86380416,1,1,Transit,2026.0,Transiting Exoplanet Survey Satellite (TESS),Published Confirmed,0,6.0408643461,2.4123612,,,,5723.74,0.989724,,244.68
TIC 87422071 b,TIC 87422071,1,1,Transit,2026.0,Transiting Exoplanet Survey Satellite (TESS),Published Confirmed,0,11.364929,10.8615023,409.99864503,1110.0,,6150.0,1.489,1.239,384.758
TIC 88692598 b,TIC 88692598,1,1,Transit,2026.0,Transiting Exoplanet Survey Satellite (TESS),Published Confirmed,0,2.64909436758,1.81295951,,,,3483.17,0.532473,,73.5258
TIC 88785435 b,TIC 88785435,1,1,Transit,2025.0,Transiting Exoplanet Survey Satellite (TESS),Published Confirmed,0,10.508843,5.03,,635.0,K7 V,3998.0,0.911,0.724,122.386
TOI-1011 b,TOI-1011,1,1,Transit,2025.0,Transiting Exoplanet Survey Satellite (TESS),Published Confirmed,0,2.470498,1.45,4.04,,,5475.0,0.92,0.91,52.62
TOI-1036 b,TOI-1036,1,1,Transit,2026.0,Transiting Exoplanet Survey Satellite (TESS),Published Confirmed,0,3.77952125496,6.28499593,,,,5664.68,1.17554,,184.015
TOI-1052 b,TOI-1052,1,2,Transit,2023.0,Transiting Exoplanet Survey Satellite (TESS),Published Confirmed,0,9.139703,2.87,16.9,1135.0,,6146.0,1.264,1.204,129.804
TOI-1052 c,TOI-1052,1,2,Radial Velocity,2023.0,Multiple Observatories,Published Confirmed,0,35.806,,34.3,719.0,,6146.0,1.264,1.204,129.804
TOI-1054.01,TOI-1054,1,1,Transit,2021.0,Transiting Exoplanet Survey Satellite (TESS),Published Confirmed,0,15.51,3.28,,,,6096.0,1.17092,1.14,88.4343
TOI-1062 b,TOI-1062,1,2,Transit,2021.0,Transiting Exoplanet Survey Satellite (TESS),Published Confirmed,0,4.11296,2.265,10.15,1077.0,G9 V,5328.0,0.84,0.94,82.1733
TOI-1062 c,TOI-1062,1,2,Radial Velocity,2021.0,La Silla Observatory,Published Confirmed,0,7.972,,9.78,859.0,G9 V,5328.0,0.84,0.94,82.1733
TOI-1064 b,TOI-1064,1,2,Transit,2022.0,Transiting Exoplanet Survey Satellite (TESS),Published Confirmed,0,6.443868,2.587,13.5,784.0,,4734.0,0.726,0.748,68.0726
TOI-1064 c,TOI-1064,1,2,Transit,2022.0,Transiting Exoplanet Survey Satellite (TESS),Published Confirmed,0,12.226574,2.651,2.5,634.0,,4734.0,0.726,0.748,68.0726
TOI-1075 b,TOI-1075,1,1,Transit,2022.0,Transiting Exoplanet Survey Satellite (TESS),Published Confirmed,0,0.6047328,1.791,9.95,1323.0,K9 V/M0 V,3875.0,0.581,0.604,61.4592
TOI-1080 b,TOI-1080,1,1,Transit,2026.0,Transiting Exoplanet Survey Satellite (TESS),Published Confirmed,0,3.9652482,1.2,10.7,368.0,M4.0&plusmn;1.0 V,3065.0,0.2019,0.1667,25.559
TOI-1105 b,TOI-1105,1,1,Transit,2026.0,Transiting Exoplanet Survey Satellite (TESS),Published Confirmed,0,10.86818410933,3.05823658,,,,4678.46,0.755833,,79.5225
TOI-1107 b,TOI-1107,1,1,Transit,2022.0,Transiting Exoplanet Survey Satellite (TESS),Published Confirmed,0,4.0782387,14.57167491,1064.72516345,1728.0,F6 V,6311.0,1.81,1.35,281.314
TOI-1117 b,TOI-1117,1,3,Transit,2025.0,Transiting Exoplanet Survey Satellite (TESS),Published Confirmed,0,2.22816,2.46,8.9,1538.0,G5 V,5635.0,1.05,0.97,167.598
TOI-1117 c,TOI-1117,1,3,Radial Velocity,2025.0,La Silla Observatory,Published Confirmed,0,4.579,,8.78,1210.0,G5 V,5635.0,1.05,0.97,167.598
TOI-1117 d,TOI-1117,1,3,Radial Velocity,2025.0,La Silla Observatory,Published Confirmed,0,8.665,,10.71,978.0,G5 V,5635.0,1.05,0.97,167.598
TOI-1130 b,TOI-1130,1,2,Transit,2020.0,Transiting Exoplanet Survey Satellite (TESS),Published Confirmed,0,4.07445,3.56,19.28,632.17,K6-K7,4350.0,0.695,0.712,58.2609
TOI-1130 c,TOI-1130,1,2,Transit,2020.0,Transiting Exoplanet Survey Satellite (TESS),Published Confirmed,0,8.350381,16.8135,309.56642,637.0,K7,4250.0,0.687,0.684,58.2609
TOI-1135 b,TOI-1135,1,1,Transit,2024.0,Transiting Exoplanet Survey Satellite (TESS),Published Confirmed,0,8.02773,9.02,51.42,1198.9,G0,6122.0,1.16,1.125,114.048
TOI-1136 b,TOI-1136,1,6,Transit,2022.0,Transiting Exoplanet Survey Satellite (TESS),Published Confirmed,0,4.17278,1.9,31.0,1216.0,,5805.0,0.9573,1.0404,84.5362
TOI-1136 c,TOI-1136,1,6,Transit,2022.0,Transiting Exoplanet Survey Satellite (TESS),Published Confirmed,0,6.2569,2.76948277,7.6,965.39,,5805.0,0.9573,1.0404,84.5362
TOI-1136 d,TOI-1136,1,6,Transit,2022.0,Transiting Exoplanet Survey Satellite (TESS),Published Confirmed,0,12.51861,4.62115423,12.3,766.21,,5805.0,0.9573,1.0404,84.5362
TOI-1136 e,TOI-1136,1,6,Transit,2022.0,Transiting Exoplanet Survey Satellite (TESS),Published Confirmed,0,18.80693,2.5456702,24.0,669.11,,5805.0,0.9573,1.0404,84.5362
TOI-1136 f,TOI-1136,1,6,Transit,2022.0,Transiting Exoplanet Survey Satellite (TESS),Published Confirmed,0,26.317822,3.73591482,32.0,598.11,,5805.0,0.9573,1.0404,84.5362
TOI-1136 g,TOI-1136,1,6,Transit,2022.0,Transiting Exoplanet Survey Satellite (TESS),Published Confirmed,0,39.5387,2.53,12.2,574.0,,5805.0,0.9573,1.0404,84.5362
TOI-1173 b,TOI-1173,2,1,Transit,2024.0,Transiting Exoplanet Survey Satellite (TESS),Published Confirmed,0,7.06466,9.19,27.4,868.0,G9,5350.0,0.934,0.911,132.353
TOI-1174 b,TOI-1174,1,1,Transit,2024.0,Transiting Exoplanet Survey Satellite (TESS),Published Confirmed,0,8.953458,2.5064654,32.0,713.83,,5158.0,0.7847,0.8425,94.6375
TOI-1180 b,TOI-1180,1,1,Transit,2024.0,Transiting Exoplanet Survey Satellite (TESS),Published Confirmed,0,9.686753,3.03617429,10.0,638.18,,4804.0,0.7425,0.7795,72.0238
TOI-1181 b,TOI-1181,1,1,Transit,2022.0,Transiting Exoplanet Survey Satellite (TESS),Published Confirmed,0,2.10319365,16.1966394,377.0,1942.12,,6046.0,1.9322,1.4577,302.819
TOI-1184 b,TOI-1184,1,1,Transit,2024.0,Transiting Exoplanet Survey Satellite (TESS),Published Confirmed,0,5.748432,2.40974309,6.8,715.47,,4617.0,0.6972,0.7271,58.5946
TOI-1194 b,TOI-1194,1,1,Transit,2023.0,Transiting Exoplanet Survey Satellite (TESS),Published Confirmed,0,2.310644,8.5972882,144.92975359,1391.0,,5446.0,0.963,1.007,149.667
TOI-1199 b,TOI-1199,1,1,Transit,2024.0,Transiting Exoplanet Survey Satellite (TESS),Published Confirmed,0,3.671463,10.5140239,75.96098927,1486.0,,5710.0,1.45,1.23,248.427
TOI-1201 b,TOI-1201,2,1,Transit,2021.0,Transiting Exoplanet Survey Satellite (TESS),Published Confirmed,0,2.4919863,2.415,6.28,703.0,M2.0 V,3476.0,0.508,0.512,37.8871
TOI-1203 b,TOI-1203,1,4,Radial Velocity,2025.0,La Silla Observatory,Published Confirmed,0,4.1572888,1.52,3.51,1361.2,G3 V,5737.0,1.179,0.886,64.9943
TOI-1203 c,TOI-1203,1,4,Radial Velocity,2025.0,La Silla Observatory,Published Confirmed,0,13.0766,,5.46,,G3 V,5737.0,1.179,0.886,64.9943
TOI-1203 e,TOI-1203,1,4,Radial Velocity,2025.0,La Silla Observatory,Published Confirmed,0,204.59,,42.1,,G3 V,5737.0,1.179,0.886,64.9943
TOI-1203.01,TOI-1203,1,4,Transit,2021.0,Transiting Exoplanet Survey Satellite (TESS),Published Confirmed,0,25.502672,2.918,7.39,743.6,G3 V,5737.0,1.179,0.886,64.9943
TOI-122 b,TOI-122,1,1,Transit,2020.0,Transiting Exoplanet Survey Satellite (TESS),Published Confirmed,0,5.07803,2.72,,471.0,M3 V,3403.0,0.334,0.312,62.118
TOI-1221 b,TOI-1221,1,1,Transit,2023.0,Transiting Exoplanet Survey Satellite (TESS),Published Confirmed,0,91.68278,2.91,1112.3994245,440.0,,5592.0,1.031,0.93,138.411
TOI-1224 b,TOI-1224,1,2,Transit,2024.0,Transiting Exoplanet Survey Satellite (TESS),Published Confirmed,0,4.1782745,2.104,,541.0,,3326.0,0.404,0.4,37.3312
TOI-1224 c,TOI-1224,1,2,Transit,2024.0,Transiting Exoplanet Survey Satellite (TESS),Published Confirmed,0,17.945466,2.884,,,,3326.0,0.404,0.4,37.3312
TOI-1226 b,TOI-1226,1,1,Transit,2026.0,Transiting Exoplanet Survey Satellite (TESS),Published Confirmed,0,3.92880881576,2.4101112,,,,5434.91,0.986943,,257.93
TOI-1227 b,TOI-1227,1,1,Transit,2022.0,Transiting Exoplanet Survey Satellite (TESS),Published Confirmed,0,27.36397,9.57246952,,,M4.5V-M5V,3072.0,0.56,0.17,100.641
TOI-1230.01,TOI-1230,1,1,Transit,2021.0,Transiting Exoplanet Survey Satellite (TESS),Published Confirmed,0,25.06,3.23,,,,6083.0,1.15281,1.14,143.138
TOI-1231 b,TOI-1231,1,1,Transit,2021.0,Transiting Exoplanet Survey Satellite (TESS),Published Confirmed,0,24.245586,3.65,15.4,329.6,M3 V,3553.0,0.476,0.485,27.6227
TOI-1232 b,TOI-1232,1,2,Transit,2026.0,Transiting Exoplanet Survey Satellite (TESS),Published Confirmed,0,14.256,10.92875618,220.57291446,,G1 V,5823.0,1.072,1.058,328.604
TOI-1232 c,TOI-1232,1,2,Transit Timing Variations,2026.0,Transiting Exoplanet Survey Satellite (TESS),Published Confirmed,0,30.356,,58.48042689,,G1 V,5823.0,1.072,1.058,328.604
TOI-1233.01,HD 108236,1,5,Transit,2021.0,Transiting Exoplanet Survey Satellite (TESS),Published Confirmed,0,14.17555,2.72,,708.0,G3 V,5730.0,0.888,0.97,64.5978
TOI-1235 b,TOI-1235,1,1,Transit,2020.0,Transiting Exoplanet Survey Satellite (TESS),Published Confirmed,0,3.444717,1.694,5.9,775.0,M0.5 V,3997.0,0.619,0.63,39.6345
TOI-1238 b,TOI-1238,1,2,Transit,2022.0,Transiting Exoplanet Survey Satellite (TESS),Published Confirmed,0,0.764597,1.21,3.76,1133.0,K7/M0,4089.0,0.58,0.59,70.7145
TOI-1238 c,TOI-1238,1,2,Transit,2022.0,Transiting Exoplanet Survey Satellite (TESS),Published Confirmed,0,3.294736,2.11,8.32,695.0,K7/M0,4089.0,0.58,0.59,70.7145
TOI-1243 b,TOI-1243,1,1,Transit,2026.0,Transiting Exoplanet Survey Satellite (TESS),Published Confirmed,0,4.6594779,2.33,7.7,450.0,M2.0 V,3515.0,0.511,0.515,43.1865
TOI-1244 b,TOI-1244,1,1,Transit,2024.0,Transiting Exoplanet Survey Satellite (TESS),Published Confirmed,0,6.4003,2.37611439,6.6,714.86,,4722.0,0.7231,0.7528,102.551
TOI-1246 b,TOI-1246,1,4,Transit,2022.0,Transiting Exoplanet Survey Satellite (TESS),Published Confirmed,0,4.30744,3.01,8.1,955.0,K V,5151.0,0.86,0.87,169.422
TOI-1246 c,TOI-1246,1,4,Transit,2022.0,Transiting Exoplanet Survey Satellite (TESS),Published Confirmed,0,5.904144,2.51,8.8,860.0,K V,5151.0,0.86,0.87,169.422
TOI-1246 d,TOI-1246,1,4,Transit,2022.0,Transiting Exoplanet Survey Satellite (TESS),Published Confirmed,0,18.6559,3.51,5.3,586.0,K V,5151.0,0.86,0.87,169.422
TOI-1246 e,TOI-1246,1,4,Transit,2022.0,Transiting Exoplanet Survey Satellite (TESS),Published Confirmed,0,37.9216,3.78,14.8,462.0,K V,5151.0,0.86,0.87,169.422
TOI-1248 b,TOI-1248,1,1,Transit,2024.0,Transiting Exoplanet Survey Satellite (TESS),Published Confirmed,0,4.3601561,6.8084859,27.4,952.09,,5205.0,0.8686,0.9042,168.735
TOI-1249 b,TOI-1249,1,1,Transit,2024.0,Transiting Exoplanet Survey Satellite (TESS),Published Confirmed,0,13.079151,3.2710301,11.9,726.89,,5497.0,0.9785,1.0062,139.49
TOI-125 b,TOI-125,1,3,Transit,2019.0,Transiting Exoplanet Survey Satellite (TESS),Published Confirmed,0,4.65382,2.726,9.5,1037.0,K0 V,5320.0,0.848,0.859,111.059
TOI-125 c,TOI-125,1,3,Transit,2019.0,Transiting Exoplanet Survey Satellite (TESS),Published Confirmed,0,9.15059,2.759,6.63,827.8,K0 V,5320.0,0.848,0.859,111.059
TOI-125 d,TOI-125,1,3,Transit,2020.0,Transiting Exoplanet Survey Satellite (TESS),Published Confirmed,0,19.98,2.93,13.6,638.1,K0 V,5320.0,0.848,0.859,111.059
TOI-1259 A b,TOI-1259 A,2,1,Transit,2021.0,Transiting Exoplanet Survey Satellite (TESS),Published Confirmed,0,3.477978,11.45557828,140.16232749,963.0,,4775.0,0.711,0.744,118.106
TOI-1260 b,TOI-1260,1,3,Transit,2021.0,Transiting Exoplanet Survey Satellite (TESS),Published Confirmed,0,3.12748,2.34,8.6,860.0,K6 V,4227.0,0.65,0.66,73.5977
TOI-1260 c,TOI-1260,1,3,Transit,2021.0,Transiting Exoplanet Survey Satellite (TESS),Published Confirmed,0,7.49325,2.82,11.8,643.0,K6 V,4227.0,0.65,0.66,73.5977
TOI-1260 d,TOI-1260,1,3,Transit,2022.0,Transiting Exoplanet Survey Satellite (TESS),Published Confirmed,0,16.608164,3.12,11.84,499.0,,4227.0,0.672,0.679,73.5977
TOI-1266 b,TOI-1266,1,3,Transit,2020.0,Transiting Exoplanet Survey Satellite (TESS),Published Confirmed,0,10.894843,2.37,13.5,413.0,M3,3600.0,0.42,0.45,36.0118
TOI-1266 c,TOI-1266,1,3,Transit,2020.0,Transiting Exoplanet Survey Satellite (TESS),Published Confirmed,0,18.80151,1.56,2.2,344.0,M3,3600.0,0.42,0.45,36.0118
TOI-1266 d,TOI-1266,1,3,Transit Timing Variations,2025.0,Transiting Exoplanet Survey Satellite (TESS),Published Confirmed,0,32.509,,3.68,288.0,M2,3563.0,0.4232,0.437,36.0118
TOI-1268 b,TOI-1268,1,1,Transit,2022.0,Transiting Exoplanet Survey Satellite (TESS),Published Confirmed,0,8.1577094,9.1,96.4,918.9,K1-K2,5300.0,0.92,0.96,109.557
TOI-1269 b,TOI-1269,1,2,Transit,2024.0,Transiting Exoplanet Survey Satellite (TESS),Published Confirmed,0,4.2529913,2.40144286,6.4,1004.9,,5499.0,0.8521,0.9027,172.138
TOI-1269 c,TOI-1269,1,2,Transit,2026.0,Transiting Exoplanet Survey Satellite (TESS),Published Confirmed,0,9.23786144195,2.22999162,,,,5554.02,0.848906,,172.138
TOI-1272 b,TOI-1272,1,2,Transit,2022.0,Transiting Exoplanet Survey Satellite (TESS),Published Confirmed,0,3.31599,4.13204907,27.0,975.0,,5065.0,0.7934,0.8772,137.572
TOI-1272 c,TOI-1272,1,2,Radial Velocity,2022.0,W. M. Keck Observatory,Published Confirmed,0,8.689,,26.7,697.0,,4985.0,0.788,0.851,137.572
TOI-1273 b,TOI-1273,1,1,Transit,2024.0,Transiting Exoplanet Survey Satellite (TESS),Published Confirmed,0,4.631296,11.09689089,70.55790635,1211.0,,5690.0,1.06,1.06,177.118
TOI-1278 b,TOI-1278,1,1,Transit,2021.0,Transiting Exoplanet Survey Satellite (TESS),Published Confirmed,0,14.47567,12.21778896,5879.8255295,,M0 V,3799.0,0.573,0.54,75.5759
TOI-1279 b,TOI-1279,1,1,Transit,2024.0,Transiting Exoplanet Survey Satellite (TESS),Published Confirmed,0,9.61419,2.66146528,10.6,759.0,,5457.0,0.8426,0.8784,107.055
TOI-128.01,TOI-128,1,1,Transit,2024.0,Transiting Exoplanet Survey Satellite (TESS),Published Confirmed,0,4.9404681,2.21898,,1344.51,,6086.0,1.13,0.851969,68.4727
TOI-1288 b,TOI-1288,1,2,Transit,2022.0,Transiting Exoplanet Survey Satellite (TESS),Published Confirmed,0,2.699835,5.24,42.0,1266.0,G V,5225.0,1.01,0.89,114.865
TOI-1288 c,TOI-1288,1,2,Radial Velocity,2022.0,Multiple Observatories,Published Confirmed,0,443.0,,84.0,,G V,5225.0,1.01,0.89,114.865
TOI-1291 b,TOI-1291,1,1,Transit,2026.0,Transiting Exoplanet Survey Satellite (TESS),Published Confirmed,0,7.1620097551,5.63826391,,,,6139.95,1.8109,,428.123
TOI-1294 b,TOI-1294,1,2,Transit,2024.0,Transiting Exoplanet Survey Satellite (TESS),Published Confirmed,0,3.915292,10.12369881,63.9,1392.74,,5718.0,1.5566,1.1578,332.648
TOI-1294 c,TOI-1294,1,2,Radial Velocity,2024.0,W. M. Keck Observatory,Published Confirmed,0,159.9,,147.0,,,5718.0,1.5566,1.1578,332.648
TOI-1295 b,TOI-1295,1,1,Transit,2024.0,Transiting Exoplanet Survey Satellite (TESS),Published Confirmed,0,3.1968838,15.69257298,451.31633794,2360.0,F,6280.0,1.7,1.38,388.227
TOI-1296 b,TOI-1296,1,1,Transit,2021.0,Transiting Exoplanet Survey Satellite (TESS),Published Confirmed,0,3.9443715,13.79825524,94.71286529,1562.0,,5603.0,1.664,1.17,323.265
TOI-1298 b,TOI-1298,1,1,Transit,2021.0,Transiting Exoplanet Survey Satellite (TESS),Published Confirmed,0,4.537143,9.65807033,99.0,1278.0,,5752.0,1.4536,1.2187,319.036
TOI-1301.01,TOI-1301,1,1,Transit,2024.0,Transiting Exoplanet Survey Satellite (TESS),Published Confirmed,0,6.096407209,2.477,,,,4820.0,0.732,0.77,90.8693
TOI-132 b,TOI-132,1,1,Transit,2020.0,Transiting Exoplanet Survey Satellite (TESS),Published Confirmed,0,2.1097019,3.42,22.4,1395.0,G8 V,5397.0,0.9,0.97,163.678
TOI-1333 b,TOI-1333,2,1,Transit,2021.0,Transiting Exoplanet Survey Satellite (TESS),Published Confirmed,0,4.720219,15.647764,753.2571,1679.0,,6274.0,1.925,1.464,200.492
TOI-1338 b,TOI-1338 A,2,2,Transit,2020.0,Transiting Exoplanet Survey Satellite (TESS),Published Confirmed,0,95.174,6.85,33.0,,,6050.0,1.331,1.127,399.017
TOI-1338 c,TOI-1338 A,2,2,Radial Velocity,2023.0,Multiple Observatories,Published Confirmed,0,215.5,,65.2,,F8,6050.0,1.345,1.127,399.017
TOI-1346 b,TOI-1346,1,2,Transit,2025.0,Transiting Exoplanet Survey Satellite (TESS),Published Confirmed,0,1.7622538,2.39,,1324.0,,5099.0,0.78,0.82,115.45
TOI-1346 c,TOI-1346,1,2,Transit,2025.0,Transiting Exoplanet Survey Satellite (TESS),Published Confirmed,0,5.502558,2.23,,928.0,,5099.0,0.78,0.82,115.45
TOI-1347 b,TOI-1347,1,2,Transit,2024.0,Transiting Exoplanet Survey Satellite (TESS),Published Confirmed,0,0.84742431,1.81434694,12.2,1698.5,,5493.0,0.8401,0.9279,147.476
TOI-1347 c,TOI-1347,1,2,Transit,2024.0,Transiting Exoplanet Survey Satellite (TESS),Published Confirmed,0,4.841962,1.6,6.4,1000.0,,5464.0,0.83,0.913,147.476
TOI-1386 b,TOI-1386,1,2,Transit,2024.0,Transiting Exoplanet Survey Satellite (TESS),Published Confirmed,0,25.83839,6.05284958,47.03860424,676.4,G5V,5793.0,1.015,1.038,146.858
TOI-1386 c,TOI-1386,1,2,Radial Velocity,2024.0,W. M. Keck Observatory,Published Confirmed,0,227.6,,98.20897776,327.4,G5V,5793.0,1.015,1.038,146.858
TOI-139 b,TOI-139,1,1,Transit,2023.0,Transiting Exoplanet Survey Satellite (TESS),Published Confirmed,0,11.07085,2.4566,,561.17,,4570.0,0.7007,0.69,42.4061
TOI-1408 b,TOI-1408,1,2,Transit,2023.0,Transiting Exoplanet Survey Satellite (TESS),Published Confirmed,0,4.42587,25.0,593.0,,F8 V,6117.0,1.53,1.312,139.484
TOI-1408 c,TOI-1408,1,2,Transit Timing Variations,2024.0,Transiting Exoplanet Survey Satellite (TESS),Published Confirmed,0,2.1664,2.22,7.6,,F8 V,6117.0,1.53,1.312,139.484
TOI-1410 c,TOI-1410,1,2,Radial Velocity,2024.0,W. M. Keck Observatory,Published Confirmed,0,47.56,,27.0,,,4635.0,0.7558,0.7941,72.7512
TOI-1410.01,TOI-1410,1,2,Transit,2024.0,Transiting Exoplanet Survey Satellite (TESS),Published Confirmed,0,1.21687,3.10083009,12.5,1236.7,,4635.0,0.7558,0.7941,72.7512
TOI-1411 b,TOI-1411,1,1,Transit,2022.0,Transiting Exoplanet Survey Satellite (TESS),Published Confirmed,0,1.4520527,1.19880592,2.0,976.4,,4115.0,0.614,0.6045,32.4778
TOI-1416 b,TOI-1416,1,1,Transit,2023.0,Transiting Exoplanet Survey Satellite (TESS),Published Confirmed,0,1.0697568,1.62,3.48,1517.0,G9 V,4884.0,0.793,0.798,55.0135
TOI-1420 b,TOI-1420,1,1,Transit,2023.0,Transiting Exoplanet Survey Satellite (TESS),Published Confirmed,0,6.9561063,11.89,25.1,957.0,,5510.0,0.923,0.987,201.918
TOI-1422 b,TOI-1422,1,2,Transit,2022.0,Transiting Exoplanet Survey Satellite (TESS),Published Confirmed,0,12.9972,3.96,9.0,867.0,G2 V,5840.0,1.019,0.981,155.141
TOI-1422 c,TOI-1422,1,2,Radial Velocity,2025.0,Roque de los Muchachos Observatory,Published Confirmed,0,34.5633,2.61,14.0,628.0,G2 V,,,,155.141
TOI-1431 b,TOI-1431,1,1,Transit,2021.0,Transiting Exoplanet Survey Satellite (TESS),Published Confirmed,0,2.650237,16.70138124,991.62462984,2370.0,Am C,7690.0,1.92,1.9,148.925
TOI-1437 b,TOI-1437,1,1,Transit,2024.0,Transiting Exoplanet Survey Satellite (TESS),Published Confirmed,0,18.84078,2.43471042,10.4,794.23,,5986.0,1.2589,1.012,103.297
TOI-1438 b,TOI-1438,1,2,Transit,2025.0,Transiting Exoplanet Survey Satellite (TESS),Published Confirmed,0,5.13967,3.04,9.4,971.0,K0 V,5230.0,0.82,0.876,110.513
TOI-1438 c,TOI-1438,1,2,Transit,2025.0,Transiting Exoplanet Survey Satellite (TESS),Published Confirmed,0,9.428089,2.75,10.6,794.0,K0 V,5230.0,0.82,0.876,110.513
TOI-1439 b,TOI-1439,1,1,Transit,2024.0,Transiting Exoplanet Survey Satellite (TESS),Published Confirmed,0,27.644,4.2427861,38.5,748.4,,5841.0,1.6184,1.2313,230.306
TOI-1442 b,TOI-1442,1,1,Transit,2022.0,Transiting Exoplanet Survey Satellite (TESS),Published Confirmed,0,0.4090677,1.17,,1072.0,,3330.0,0.31,0.29,41.1659
TOI-1443 b,TOI-1443,1,1,Transit,2024.0,Transiting Exoplanet Survey Satellite (TESS),Published Confirmed,0,23.540678,2.30381001,30.0,520.66,,5224.0,0.7511,0.7663,85.8034
TOI-1444 b,TOI-1444,1,1,Transit,2021.0,Transiting Exoplanet Survey Satellite (TESS),Published Confirmed,0,0.470269,1.42,3.34,,G,5377.0,0.91,0.88,125.463
TOI-1448 b,TOI-1448,1,1,Transit,2024.0,Transiting Exoplanet Survey Satellite (TESS),Published Confirmed,0,8.112245,2.749,19.5,426.0,,3412.0,0.38,0.372,73.3345
TOI-1450 A b,TOI-1450 A,2,2,Transit,2024.0,Transiting Exoplanet Survey Satellite (TESS),Published Confirmed,0,2.0439274,1.13,1.258,722.0,M3.0 V,3437.0,0.483,0.48,22.4467
TOI-1450 A c,TOI-1450 A,2,2,Transit,2024.0,Gemini Observatory,Published Confirmed,0,5.0688,,1.527,533.0,M3.0 V,3437.0,0.483,0.48,22.4467
TOI-1451 b,TOI-1451,1,1,Transit,2024.0,Transiting Exoplanet Survey Satellite (TESS),Published Confirmed,0,16.537944,2.61143902,15.2,723.33,,5801.0,1.0162,1.0022,91.9362
TOI-1452 b,TOI-1452,2,1,Transit,2022.0,Transiting Exoplanet Survey Satellite (TESS),Published Confirmed,0,11.06201,1.672,4.82,326.0,M4 +/- 0.5 V,3185.0,0.275,0.249,30.5212
TOI-1453 b,TOI-1453,2,2,Transit,2025.0,Transiting Exoplanet Survey Satellite (TESS),Published Confirmed,0,4.3135225,1.173,2.32,944.2,,4975.0,0.72,0.715,78.7415
TOI-1453 c,TOI-1453,2,2,Transit,2025.0,Transiting Exoplanet Survey Satellite (TESS),Published Confirmed,0,6.5886982,2.224,2.95,819.8,,4975.0,0.72,0.715,78.7415
TOI-1466 b,TOI-1466,1,1,Transit,2026.0,Transiting Exoplanet Survey Satellite (TESS),Published Confirmed,0,1.87190602231,2.46741991,,,,4435.39,0.749646,,86.5783
TOI-1467 b,TOI-1467,1,1,Transit,2024.0,Transiting Exoplanet Survey Satellite (TESS),Published Confirmed,0,5.97199,1.6759955,9.0,506.07,,3776.0,0.4565,0.4518,37.4418
TOI-1468 b,TOI-1468,1,2,Transit,2022.0,Transiting Exoplanet Survey Satellite (TESS),Published Confirmed,0,1.8805136,1.28,3.21,682.2,M3.0 V,3496.0,0.344,0.339,24.7399
TOI-1468 c,TOI-1468,1,2,Transit,2022.0,Transiting Exoplanet Survey Satellite (TESS),Published Confirmed,0,15.532482,2.064,6.64,337.5,M3.0 V,3496.0,0.344,0.339,24.7399
TOI-1470 b,TOI-1470,1,2,Transit,2023.0,Transiting Exoplanet Survey Satellite (TESS),Published Confirmed,0,2.527093,2.18,7.32,734.0,M1.5 V,3709.0,0.469,0.471,51.9503
TOI-1470 c,TOI-1470,1,2,Transit,2023.0,Transiting Exoplanet Survey Satellite (TESS),Published Confirmed,0,18.08816,2.47,7.24,373.0,M1.5 V,3709.0,0.469,0.471,51.9503
TOI-1472 b,TOI-1472,1,2,Transit,2024.0,Transiting Exoplanet Survey Satellite (TESS),Published Confirmed,0,6.36381,4.15964583,16.5,811.14,,5133.0,0.8377,0.9154,121.84
TOI-1472 c,TOI-1472,1,2,Radial Velocity,2025.0,Multiple Observatories,Published Confirmed,0,15.5381747,3.334,21.13,662.0,,5100.0,0.84,0.87,121.84
TOI-1478 b,TOI-1478,1,1,Transit,2021.0,Transiting Exoplanet Survey Satellite (TESS),Published Confirmed,0,10.180249,11.88154,270.47333,918.0,,5597.0,1.048,0.947,152.892
TOI-150.01,TOI-150,1,1,Transit,2019.0,Transiting Exoplanet Survey Satellite (TESS),Published Confirmed,0,5.857487,14.067295,797.7533,1404.5,F,6255.0,1.526,1.351,336.267
TOI-1516 b,TOI-1516,1,1,Transit,2022.0,Transiting Exoplanet Survey Satellite (TESS),Published Confirmed,0,2.056014,15.24421375,1004.33776612,,F8 V,6520.0,1.14,1.14,247.054
TOI-1518 b,TOI-1518,1,1,Transit,2021.0,Multiple Observatories,Published Confirmed,0,1.902603,21.01683881,731.0053361,2492.0,F0,7300.0,1.95,1.79,225.888
TOI-157 b,TOI-157,1,1,Transit,2020.0,Transiting Exoplanet Survey Satellite (TESS),Published Confirmed,0,2.0845435,14.414774,375.0394,1588.0,G9 IV,5404.0,1.167,0.948,355.683
TOI-1601 b,TOI-1601,1,1,Transit,2021.0,Transiting Exoplanet Survey Satellite (TESS),Published Confirmed,0,5.33175,14.19902343,387.0,1493.97,,5982.0,2.195,1.5055,336.608
TOI-163 b,TOI-163,1,1,Transit,2019.0,Transiting Exoplanet Survey Satellite (TESS),Published Confirmed,0,4.231306,16.690201,387.7526,1669.0,F,6495.0,1.648,1.4352,411.719
TOI-1630.01,TOI-1630,1,1,Transit,2024.0,Transiting Exoplanet Survey Satellite (TESS),Published Confirmed,0,12.055734733,2.417,,,,5504.0,0.83,0.95,66.0929
TOI-1634 b,TOI-1634,2,2,Transit,2021.0,Transiting Exoplanet Survey Satellite (TESS),Published Confirmed,0,0.989343,1.79,4.91,924.0,M2,3550.0,0.45,0.502,35.2736
TOI-1634 c,TOI-1634,2,2,Radial Velocity,2022.0,Multiple Observatories,Published Confirmed,0,103.0,,,,,3472.0,0.45,0.451,35.2736
TOI-1648 b,TOI-1648,1,1,Transit,2025.0,Transiting Exoplanet Survey Satellite (TESS),Published Confirmed,0,7.331602,2.54,7.4,799.0,,4850.0,0.81,0.83,69.835
TOI-1659.01,TOI-1659,1,1,Transit,2024.0,Transiting Exoplanet Survey Satellite (TESS),Published Confirmed,0,5.877556328,2.255,,,,5977.0,1.006,1.1,122.494
TOI-1669 b,TOI-1669,1,2,Radial Velocity,2023.0,W. M. Keck Observatory,Published Confirmed,0,500.0,,191.0,,,5497.0,1.0561,0.9867,111.276
TOI-1669 c,TOI-1669,1,2,Transit,2024.0,Transiting Exoplanet Survey Satellite (TESS),Published Confirmed,0,2.6800535,2.2963977,13.0,1285.16,,5497.0,1.0561,0.9867,111.276
TOI-1670 b,TOI-1670,1,2,Transit,2022.0,Transiting Exoplanet Survey Satellite (TESS),Published Confirmed,0,10.98462,2.06,41.31769291,1062.0,F7 V,6170.0,1.316,1.21,168.067
TOI-1670 c,TOI-1670,1,2,Transit,2022.0,Transiting Exoplanet Survey Satellite (TESS),Published Confirmed,0,40.74976,11.06326395,200.23189641,684.0,F7 V,6170.0,1.316,1.21,168.067
TOI-1680 b,TOI-1680,1,1,Transit,2023.0,Transiting Exoplanet Survey Satellite (TESS),Published Confirmed,0,4.8026345,1.466,,404.0,M4.5+/-0.5,3225.0,0.2106,0.1798,37.2209
TOI-1683.01,TOI-1683,1,1,Transit,2024.0,Transiting Exoplanet Survey Satellite (TESS),Published Confirmed,0,3.0575356,2.6382,,929.25,,4402.0,0.7,0.694661,51.1884
TOI-1685 b,TOI-1685,1,1,Transit,2021.0,Transiting Exoplanet Survey Satellite (TESS),Published Confirmed,0,0.66913923,1.421,3.07,1000.0,M3 V,3470.0,0.462,0.466,37.6153
TOI-169 b,TOI-169,1,1,Transit,2020.0,Transiting Exoplanet Survey Satellite (TESS),Published Confirmed,0,2.2554477,12.172974,251.40353,1715.0,G1 V,5880.0,1.288,1.147,407.84
TOI-1691 b,TOI-1691,1,1,Transit,2024.0,Transiting Exoplanet Survey Satellite (TESS),Published Confirmed,0,16.7369,3.56505068,14.6,703.49,,5642.0,1.009,0.9581,111.445
TOI-1693 b,TOI-1693,1,1,Transit,2022.0,Transiting Exoplanet Survey Satellite (TESS),Published Confirmed,0,1.7666957,1.41,,764.0,,3499.0,0.46,0.49,30.7947
TOI-1694 b,TOI-1694,1,2,Transit,2023.0,Transiting Exoplanet Survey Satellite (TESS),Published Confirmed,0,3.770107,5.3422266,31.3,943.19,,5058.0,0.8036,0.853,124.68
TOI-1694 c,TOI-1694,1,2,Radial Velocity,2023.0,W. M. Keck Observatory,Published Confirmed,0,393.1,,297.0,,,5058.0,0.8036,0.853,124.68
TOI-1695 b,TOI-1695,1,1,Transit,2022.0,Transiting Exoplanet Survey Satellite (TESS),Published Confirmed,0,3.1342791,1.9,6.36,698.0,M1 V,3690.0,0.515,0.513,45.1309
TOI-1696 b,TOI-1696,1,1,Transit,2022.0,Transiting Exoplanet Survey Satellite (TESS),Published Confirmed,0,2.500311,3.09,48.8,489.0,M5V,3185.0,0.2775,0.255,64.9172
TOI-1710 b,TOI-1710,2,1,Transit,2022.0,Transiting Exoplanet Survey Satellite (TESS),Published Confirmed,0,24.283382,5.15,18.4,730.0,G5 V,5730.0,0.95,0.99,81.2271
TOI-1716.01,TOI-1716,1,1,Transit,2024.0,Transiting Exoplanet Survey Satellite (TESS),Published Confirmed,0,8.082376554,3.143,,,,5879.0,1.24,1.07,104.158
TOI-1718 b,TOI-1718,1,1,Transit,2026.0,Transiting Exoplanet Survey Satellite (TESS),Published Confirmed,0,5.58703768615,4.10824994,,,,5304.91,0.939285,,52.3044
TOI-172 b,TOI-172,1,1,Transit,2019.0,Transiting Exoplanet Survey Satellite (TESS),Published Confirmed,0,9.47725,10.816685,1722.6386,1198.0,,5645.0,1.777,1.128,342.831
TOI-1722 b,TOI-1722,1,1,Transit,2026.0,Transiting Exoplanet Survey Satellite (TESS),Published Confirmed,0,9.60523206943,4.38298108,,,,5999.55,1.09414,,136.419
TOI-1723 b,TOI-1723,1,1,Transit,2024.0,Transiting Exoplanet Survey Satellite (TESS),Published Confirmed,0,13.72641,3.29206019,10.4,782.98,,5743.0,1.0855,1.0378,100.727
TOI-1728 b,TOI-1728,1,1,Transit,2020.0,Transiting Exoplanet Survey Satellite (TESS),Published Confirmed,0,3.49151,5.05,26.78,767.0,M0,3980.0,0.6243,0.646,60.798
TOI-1732 b,TOI-1732,1,1,Transit,2026.0,Transiting Exoplanet Survey Satellite (TESS),Published Confirmed,0,4.11923678339,2.49549787,,,,4201.93,0.632571,,74.7599
TOI-1736 b,TOI-1736,1,2,Transit,2023.0,Transiting Exoplanet Survey Satellite (TESS),Published Confirmed,0,7.073091,3.05,11.9,1186.0,,5670.0,1.38,1.06,88.9482
TOI-1736 c,TOI-1736,1,2,Radial Velocity,2023.0,Haute-Provence Observatory,Published Confirmed,0,570.1,,2800.0,249.0,,5807.0,1.15,1.08,88.9482
TOI-1739 b,TOI-1739,1,1,Transit,2024.0,Transiting Exoplanet Survey Satellite (TESS),Published Confirmed,0,8.303342,1.695,,755.55,,4922.0,0.751,0.79,70.9819
TOI-1742 b,TOI-1742,1,1,Transit,2024.0,Transiting Exoplanet Survey Satellite (TESS),Published Confirmed,0,21.269084,2.36507598,9.7,694.09,,5815.0,1.131,1.0861,72.8871
TOI-1743 b,TOI-1743,1,1,Transit,2025.0,Transiting Exoplanet Survey Satellite (TESS),Published Confirmed,0,4.266046,1.83,,485.0,M4 V,3277.0,0.338,0.339,41.2758
TOI-1744.01,TOI-1744,1,1,Transit,2024.0,Transiting Exoplanet Survey Satellite (TESS),Published Confirmed,0,22.341702927,2.68,,,,6179.0,1.14,1.18,114.39
TOI-1749 b,TOI-1749,1,3,Transit,2021.0,Transiting Exoplanet Survey Satellite (TESS),Published Confirmed,0,2.38839,1.39,57.0,831.0,M0 V,3985.0,0.55,0.58,99.5561
TOI-1749 c,TOI-1749,1,3,Transit,2021.0,Transiting Exoplanet Survey Satellite (TESS),Published Confirmed,0,4.4929,2.12,14.0,673.0,M0 V,3985.0,0.55,0.58,99.5561
TOI-1749 d,TOI-1749,1,3,Transit,2021.0,Transiting Exoplanet Survey Satellite (TESS),Published Confirmed,0,9.0497,2.52,15.0,533.0,M0 V,3985.0,0.55,0.58,99.5561
TOI-1750 b,TOI-1750,1,1,Transit,2026.0,Transiting Exoplanet Survey Satellite (TESS),Published Confirmed,0,11.33727129656,2.78943837,,,,4683.75,0.768675,,162.46
TOI-1751 b,TOI-1751,1,1,Transit,2024.0,Transiting Exoplanet Survey Satellite (TESS),Published Confirmed,0,37.46852,2.9507845,19.5,651.64,,5970.0,1.3137,0.9382,113.335
TOI-1752 b,TOI-1752,1,2,Transit,2026.0,Transiting Exoplanet Survey Satellite (TESS),Published Confirmed,0,0.9351861,1.693,,1036.0,M1.0&plusmn0.5 V,3762.0,0.53,0.524,103.021
TOI-1752 c,TOI-1752,1,2,Transit,2026.0,Transiting Exoplanet Survey Satellite (TESS),Published Confirmed,0,32.71443,2.29,,291.0,M1.0&plusmn0.5 V,3762.0,0.53,0.524,103.021
TOI-1753 b,TOI-1753,1,1,Transit,2024.0,Transiting Exoplanet Survey Satellite (TESS),Published Confirmed,0,5.3846104,2.47852533,16.6,1005.43,,5621.0,0.9715,0.9483,226.671
TOI-1756 b,TOI-1756,1,1,Transit,2026.0,Transiting Exoplanet Survey Satellite (TESS),Published Confirmed,0,2.78301736297,1.94225664,,,,3891.86,0.562607,,86.7159
TOI-1758 b,TOI-1758,1,1,Transit,2024.0,Transiting Exoplanet Survey Satellite (TESS),Published Confirmed,0,20.705127,3.5573684,6.9,551.44,,5151.0,0.8155,0.8253,96.6215
TOI-1759 b,TOI-1759,1,1,Transit,2022.0,Transiting Exoplanet Survey Satellite (TESS),Published Confirmed,0,18.85019,3.14,10.8,443.0,M0.0 V,4065.0,0.597,0.606,40.0654
TOI-1768.01,TOI-1768,1,1,Transit,2024.0,Transiting Exoplanet Survey Satellite (TESS),Published Confirmed,0,7.337703649,3.453,,,,5994.0,1.1,1.1,157.597
TOI-1772.01,TOI-1772,1,1,Transit,2024.0,Transiting Exoplanet Survey Satellite (TESS),Published Confirmed,0,8.054246874,2.905,,,,5583.0,0.995,0.99,97.7562
TOI-1774.01,TOI-1774,1,2,Transit,2021.0,Transiting Exoplanet Survey Satellite (TESS),Published Confirmed,0,16.70988,2.78,8.5,824.0,,5746.0,1.1303,0.991,53.974
TOI-1775 b,TOI-1775,1,1,Transit,2024.0,Transiting Exoplanet Survey Satellite (TESS),Published Confirmed,0,10.2405549,8.04728896,96.0,707.89,,5284.0,0.8288,0.9218,149.234
TOI-1776 b,TOI-1776,1,1,Transit,2024.0,Transiting Exoplanet Survey Satellite (TESS),Published Confirmed,0,2.799868,1.21612741,1.4,1269.21,,5785.0,0.9356,0.9196,44.647
TOI-1777.01,TOI-1777,1,1,Transit,2024.0,Transiting Exoplanet Survey Satellite (TESS),Published Confirmed,0,14.650111974,2.246,,,,5859.0,0.98,1.06,79.7665
TOI-178 b,TOI-178,1,6,Transit,2021.0,Transiting Exoplanet Survey Satellite (TESS),Published Confirmed,0,1.914558,1.152,1.5,1040.0,K,4316.0,0.651,0.65,62.699
TOI-178 c,TOI-178,1,6,Transit,2021.0,Transiting Exoplanet Survey Satellite (TESS),Published Confirmed,0,3.23845,1.669,4.77,873.0,K,4316.0,0.651,0.65,62.699
TOI-178 d,TOI-178,1,6,Transit,2021.0,Transiting Exoplanet Survey Satellite (TESS),Published Confirmed,0,6.5577,2.572,3.01,690.0,K,4316.0,0.651,0.65,62.699
TOI-178 e,TOI-178,1,6,Transit,2021.0,Transiting Exoplanet Survey Satellite (TESS),Published Confirmed,0,9.961881,2.207,3.86,600.0,K,4316.0,0.651,0.65,62.699
TOI-178 f,TOI-178,1,6,Transit,2021.0,Multiple Observatories,Published Confirmed,0,15.231915,2.287,7.72,521.0,K,4316.0,0.651,0.65,62.699
TOI-178 g,TOI-178,1,6,Transit,2021.0,Transiting Exoplanet Survey Satellite (TESS),Published Confirmed,0,20.7095,2.87,3.94,470.0,K,4316.0,0.651,0.65,62.699
TOI-1782.01,TOI-1782,1,2,Transit,2024.0,Transiting Exoplanet Survey Satellite (TESS),Published Confirmed,0,4.987641028,2.368,,,,4336.0,0.669,0.68,95.2649
TOI-1782.02,TOI-1782,1,2,Transit,2024.0,Transiting Exoplanet Survey Satellite (TESS),Published Confirmed,0,1.829024227,1.839,,,,4336.0,0.669,0.68,95.2649
TOI-1789 b,TOI-1789,1,1,Transit,2021.0,Transiting Exoplanet Survey Satellite (TESS),Published Confirmed,0,3.208664,16.14093221,222.4798849,1927.0,F,5991.0,2.168,1.507,229.067
TOI-1794 b,TOI-1794,1,1,Transit,2024.0,Transiting Exoplanet Survey Satellite (TESS),Published Confirmed,0,8.765528,3.29701268,8.7,992.91,,5631.0,1.3162,0.9698,155.791
TOI-1798.01,TOI-1798,1,2,Transit,2024.0,Transiting Exoplanet Survey Satellite (TESS),Published Confirmed,0,8.02154,2.38506569,6.5,734.31,,5106.0,0.7911,0.8543,113.181
TOI-1798.02,TOI-1798,1,2,Transit,2024.0,Transiting Exoplanet Survey Satellite (TESS),Published Confirmed,0,0.4378146,1.39939037,5.6,1935.83,,5106.0,0.7911,0.8543,113.181
TOI-1799 b,TOI-1799,1,1,Transit,2024.0,Transiting Exoplanet Survey Satellite (TESS),Published Confirmed,0,7.085738,1.42238884,4.0,922.72,,5698.0,0.9536,0.9406,62.1274
TOI-1801 b,TOI-1801,2,1,Transit,2023.0,Transiting Exoplanet Survey Satellite (TESS),Published Confirmed,0,10.64387,2.079,5.738,493.7,M0.5+/-0.5 V,3863.0,0.547,0.556,30.6796
TOI-1803 b,TOI-1803,1,2,Transit,2025.0,Transiting Exoplanet Survey Satellite (TESS),Published Confirmed,0,6.293287,2.99,10.32,747.0,,4687.0,0.715,0.756,119.24
TOI-1803 c,TOI-1803,1,2,Transit,2025.0,Transiting Exoplanet Survey Satellite (TESS),Published Confirmed,0,12.885779,4.29,8.0,588.0,,4687.0,0.715,0.756,119.24
TOI-1806.01,TOI-1806,1,1,Transit,2024.0,Transiting Exoplanet Survey Satellite (TESS),Published Confirmed,0,15.1454693,3.4095367,,337.47,,3272.0,0.401575,0.392935,55.5211
TOI-1807 b,TOI-1807,1,1,Transit,2021.0,Transiting Exoplanet Survey Satellite (TESS),Published Confirmed,0,0.54937097,1.49681583,2.44,1694.1,,4914.0,0.746,0.8048,42.5775
TOI-181 b,TOI-181,1,1,Transit,2023.0,Transiting Exoplanet Survey Satellite (TESS),Published Confirmed,0,4.532,6.9559,46.1687,895.1,K,4994.0,0.745,0.822,96.2338
TOI-1811 b,TOI-1811,1,1,Transit,2023.0,Transiting Exoplanet Survey Satellite (TESS),Published Confirmed,0,3.7130765,11.14172682,308.9292116,962.2,,4766.0,0.769,0.817,128.23
TOI-1814 b,TOI-1814,1,1,Transit,2026.0,Transiting Exoplanet Survey Satellite (TESS),Published Confirmed,0,6.36861010462,5.18536642,,,,4872.84,2.3895,,362.522
TOI-1820 b,TOI-1820,1,1,Transit,2022.0,Transiting Exoplanet Survey Satellite (TESS),Published Confirmed,0,4.860674,12.778238,731.0053361,1375.0,,5734.0,1.51,1.04,248.504
TOI-1823 b,TOI-1823,1,1,Transit,2024.0,Transiting Exoplanet Survey Satellite (TESS),Published Confirmed,0,38.8,7.5406241,67.4,423.63,,4927.0,0.8049,0.8414,71.6456
TOI-1824 b,TOI-1824,1,1,Transit,2024.0,Transiting Exoplanet Survey Satellite (TESS),Published Confirmed,0,22.808533,2.7438269,16.0,528.67,,5165.0,0.8123,0.8801,59.4314
TOI-1836 b,TOI-1836,1,2,Transit,2024.0,Transiting Exoplanet Survey Satellite (TESS),Published Confirmed,0,20.380845,8.28055741,24.7,889.51,,6237.0,1.6454,1.2518,191.649
TOI-1836 c,TOI-1836,1,2,Transit,2024.0,Transiting Exoplanet Survey Satellite (TESS),Published Confirmed,0,1.7727471,2.59987579,8.0,2007.6,,6237.0,1.6454,1.2518,191.649
TOI-1839 b,TOI-1839,1,2,Transit,2026.0,Transiting Exoplanet Survey Satellite (TESS),Published Confirmed,0,1.42378440907,2.21895097,,,,5315.91,0.848099,,116.086
TOI-1839 c,TOI-1839,1,2,Transit,2026.0,Transiting Exoplanet Survey Satellite (TESS),Published Confirmed,0,4.02393854207,2.40867246,,,,5315.91,0.848099,,116.086
TOI-1842 b,TOI-1842,1,1,Transit,2021.0,Transiting Exoplanet Survey Satellite (TESS),Published Confirmed,0,9.5739181,12.3485023,89.4,1199.55,,6039.0,2.032,1.4643,223.465
TOI-1846 b,TOI-1846,1,1,Transit,2025.0,Transiting Exoplanet Survey Satellite (TESS),Published Confirmed,0,3.9306737,1.792,,568.1,,3568.0,0.397,0.418,47.2496
TOI-1853 b,TOI-1853,1,1,Transit,2023.0,Transiting Exoplanet Survey Satellite (TESS),Published Confirmed,0,1.2436258,3.46,73.2,1479.0,K2.5 V,4985.0,0.808,0.837,165.105
TOI-1855 b,TOI-1855,1,1,Transit,2024.0,Transiting Exoplanet Survey Satellite (TESS),Published Confirmed,0,1.36414864,18.49481816,360.09958513,1701.0,,5359.0,1.041,0.987,176.833
TOI-1859 b,TOI-1859,1,1,Transit,2023.0,Transiting Exoplanet Survey Satellite (TESS),Published Confirmed,0,63.48347,9.75181321,,,,6341.0,1.36,1.287,224.385
TOI-1860 b,TOI-1860,1,1,Transit,2022.0,Transiting Exoplanet Survey Satellite (TESS),Published Confirmed,0,1.0662107,1.31,,1885.0,G V,5752.0,0.94,0.99,45.864
TOI-1873 b,TOI-1873,1,1,Transit,2026.0,Transiting Exoplanet Survey Satellite (TESS),Published Confirmed,0,7.00572708834,2.86356397,,,,5597.99,0.971675,,182.014
TOI-1883 b,TOI-1883,1,1,Transit,2024.0,Transiting Exoplanet Survey Satellite (TESS),Published Confirmed,0,4.50638,5.65,,524.92,M,3477.0,0.494,0.492,115.369
TOI-1898 b,TOI-1898,1,1,Transit,2024.0,Transiting Exoplanet Survey Satellite (TESS),Published Confirmed,0,45.52234,9.39553231,129.0,674.54,,6241.0,1.6131,1.2484,79.6682
TOI-1899 b,TOI-1899,1,1,Transit,2020.0,Transiting Exoplanet Survey Satellite (TESS),Published Confirmed,0,29.02,12.89035,209.7678,362.0,M0,3841.0,0.607,0.627,128.438
TOI-1937 A b,TOI-1937 A,2,1,Transit,2023.0,Transiting Exoplanet Survey Satellite (TESS),Published Confirmed,0,0.94667944,13.97759893,638.83509807,2097.0,,5814.0,1.08,1.072,415.135
TOI-198 b,TOI-198,1,1,Transit,2023.0,Transiting Exoplanet Survey Satellite (TESS),Published Confirmed,0,10.215213,1.36,3.17,456.0,,3801.0,0.418,0.417,23.7262
TOI-199 b,TOI-199,1,2,Transit,2023.0,Transiting Exoplanet Survey Satellite (TESS),Published Confirmed,0,104.854,9.07927437,54.03082919,,G9 V,5255.0,0.82,0.936,102.27
TOI-199 c,TOI-199,1,2,Transit Timing Variations,2023.0,Multiple Observatories,Published Confirmed,0,273.69,,88.99195396,,G9 V,5255.0,0.82,0.936,102.27
TOI-1994 b,TOI-1994,1,1,Transit,2024.0,Transiting Exoplanet Survey Satellite (TESS),Published Confirmed,0,4.0337142,13.67495645,7024.0077947,2290.0,,7700.0,2.3,1.86,515.603
TOI-2000 b,TOI-2000,1,2,Transit,2023.0,Transiting Exoplanet Survey Satellite (TESS),Published Confirmed,0,3.09833,2.7,11.0,1488.0,,5611.0,1.134,1.082,175.713
TOI-2000 c,TOI-2000,1,2,Transit,2023.0,Transiting Exoplanet Survey Satellite (TESS),Published Confirmed,0,9.127055,8.14,81.7,1038.0,,5611.0,1.134,1.082,175.713
TOI-2005 b,TOI-2005,1,1,Transit,2025.0,Transiting Exoplanet Survey Satellite (TESS),Published Confirmed,0,17.305904,11.99360935,2034.1018048,,,7130.0,2.02,1.59,328.475
TOI-201 b,TOI-201,1,3,Transit,2021.0,Transiting Exoplanet Survey Satellite (TESS),Published Confirmed,0,52.97818,11.298672,133.4886,759.0,F6 V,6394.0,1.317,1.316,113.825
TOI-201 c,TOI-201,1,3,Transit Timing Variations,2025.0,Transiting Exoplanet Survey Satellite (TESS),Published Confirmed,0,2890.0,10.4,4990.0,,F,6423.0,1.31,1.32,113.825
TOI-201 d,TOI-201,1,3,Transit,2026.0,Transiting Exoplanet Survey Satellite (TESS),Published Confirmed,0,5.84889,1.39,5.8,,F,6423.0,1.31,1.32,113.825
TOI-2010 b,TOI-2010,1,1,Transit,2023.0,Transiting Exoplanet Survey Satellite (TESS),Published Confirmed,0,141.834025,11.81426566,408.7273314,400.2,F0,5929.0,1.079,1.112,109.19
TOI-2015 b,TOI-2015,1,2,Transit,2023.0,Transiting Exoplanet Survey Satellite (TESS),Published Confirmed,0,3.348968,3.39,16.4,512.0,M4,3194.0,0.333,0.342,47.3444
TOI-2015 c,TOI-2015,1,2,Transit Timing Variations,2025.0,Multiple Observatories,Published Confirmed,0,5.582796,,8.91,448.0,M4 +/- 0.5,3297.0,0.3273,0.3041,47.3444
TOI-2018 b,TOI-2018,1,1,Transit,2023.0,Transiting Exoplanet Survey Satellite (TESS),Published Confirmed,0,7.435583,2.268,9.2,,K V,4174.0,0.62,0.57,27.9956
TOI-2019 b,TOI-2019,1,1,Transit,2024.0,Transiting Exoplanet Survey Satellite (TESS),Published Confirmed,0,15.3444,5.33275337,34.4,917.46,,5626.0,1.7457,1.1832,198.007
TOI-2025 b,TOI-2025,1,1,Transit,2022.0,Transiting Exoplanet Survey Satellite (TESS),Published Confirmed,0,8.8720982,11.89272852,1144.1822652,1166.0,,5977.0,1.459,1.199,335.985
TOI-2031 A b,TOI-2031 A,2,1,Transit,2025.0,Transiting Exoplanet Survey Satellite (TESS),Published Confirmed,0,5.71548654,14.20177855,254.2627256,1358.0,,6490.0,1.241,1.174,276.105
TOI-2046 b,TOI-2046,1,1,Transit,2022.0,Transiting Exoplanet Survey Satellite (TESS),Published Confirmed,0,1.4971842,16.14093221,731.0053361,,F8 V,6250.0,1.21,1.13,289.668
TOI-2048 b,TOI-2048,1,1,Transit,2022.0,Transiting Exoplanet Survey Satellite (TESS),Published Confirmed,0,13.79019,2.61,,,G V,5185.0,0.79,0.83,116.567
TOI-205 b,TOI-205,1,1,Transit,2026.0,Transiting Exoplanet Survey Satellite (TESS),Published Confirmed,0,4.25300773815,2.50121142,,,,6302.74,1.45382,,177.759
TOI-206 b,TOI-206,1,1,Transit,2022.0,Transiting Exoplanet Survey Satellite (TESS),Published Confirmed,0,0.7363104,1.3,,910.0,,3383.0,0.35,0.35,47.7465
TOI-2068 b,TOI-2068,1,1,Transit,2024.0,Transiting Exoplanet Survey Satellite (TESS),Published Confirmed,0,7.768915,1.821,,520.62,,3710.0,0.535,0.559,52.9328
TOI-2071 b,TOI-2071,1,1,Transit,2026.0,Transiting Exoplanet Survey Satellite (TESS),Published Confirmed,0,5.67395386982,2.56484195,,,,5755.41,1.00286,,231.311
TOI-2076 b,TOI-2076,1,4,Transit,2021.0,Transiting Exoplanet Survey Satellite (TESS),Published Confirmed,0,10.35566,2.5,,870.0,K,5187.0,0.7622,0.85,41.9091
TOI-2076 c,TOI-2076,1,4,Transit,2021.0,Transiting Exoplanet Survey Satellite (TESS),Published Confirmed,0,21.01447,3.54,7.2,581.0,K V,,0.758,0.849,41.9091
TOI-2076 d,TOI-2076,1,4,Transit,2021.0,Transiting Exoplanet Survey Satellite (TESS),Published Confirmed,0,35.12803,3.27,7.3,490.0,K V,,0.758,0.849,41.9091
TOI-2076 e,TOI-2076,1,4,Transit,2025.0,Transiting Exoplanet Survey Satellite (TESS),Published Confirmed,0,3.0223753,1.301,4.7,1110.0,K V,,0.758,0.849,41.9091
TOI-2081 b,TOI-2081,1,1,Transit,2022.0,Transiting Exoplanet Survey Satellite (TESS),Published Confirmed,0,10.50534,2.04,,488.0,M1.0,3800.0,0.534,0.54,62.3446
TOI-2084 b,TOI-2084,2,1,Transit,2023.0,Transiting Exoplanet Survey Satellite (TESS),Published Confirmed,0,6.0784247,2.47,,527.0,M2+/-0.5,3551.0,0.475,0.453,114.549
TOI-2088 b,TOI-2088,1,1,Transit,2024.0,Transiting Exoplanet Survey Satellite (TESS),Published Confirmed,0,124.72997,3.6831179,37.0,300.33,,5081.0,0.8481,0.9027,126.46
TOI-209 b,TOI-209,1,1,Transit,2026.0,Transiting Exoplanet Survey Satellite (TESS),Published Confirmed,0,4.37943587445,2.3947209,,,,4806.66,0.742779,,113.387
TOI-2092 b,TOI-2092,1,1,Transit,2026.0,Transiting Exoplanet Survey Satellite (TESS),Published Confirmed,0,4.30325528074,2.94892961,,,,5842.06,1.0519,,176.759
TOI-2093 b,TOI-2093,1,2,Radial Velocity,2025.0,Calar Alto Observatory,Published Confirmed,0,12.836,,10.6,535.0,K5 V,4426.0,0.729,0.745,82.7982
TOI-2093 c,TOI-2093,1,2,Transit,2025.0,Transiting Exoplanet Survey Satellite (TESS),Published Confirmed,0,53.81149,2.3,15.8,329.0,K5 V,4426.0,0.729,0.745,82.7982
TOI-2094 b,TOI-2094,1,1,Transit,2026.0,Transiting Exoplanet Survey Satellite (TESS),Published Confirmed,0,18.793193,1.9,,276.0,M3 V,3435.0,0.384,0.425,50.0248
TOI-2095 b,TOI-2095,1,2,Transit,2023.0,Transiting Exoplanet Survey Satellite (TESS),Published Confirmed,0,17.66484,1.25,4.1,347.0,M2.5 V,3759.0,0.44,0.44,41.9176
TOI-2095 c,TOI-2095,1,2,Transit,2023.0,Transiting Exoplanet Survey Satellite (TESS),Published Confirmed,0,28.17232,1.33,7.4,297.0,M2.5 V,3759.0,0.44,0.44,41.9176
TOI-2096 b,TOI-2096,1,2,Transit,2023.0,Transiting Exoplanet Survey Satellite (TESS),Published Confirmed,0,3.1190633,1.243,,445.0,M4,3300.0,0.235,0.231,48.4809
TOI-2096 c,TOI-2096,1,2,Transit,2023.0,Transiting Exoplanet Survey Satellite (TESS),Published Confirmed,0,6.38784,1.914,,349.0,M4,3300.0,0.235,0.231,48.4809
TOI-2104 b,TOI-2104,1,1,Transit,2026.0,Transiting Exoplanet Survey Satellite (TESS),Published Confirmed,0,5.904370457,1.52898127,,,,4856.13,0.723757,,76.7418
TOI-2107 b,TOI-2107,1,1,Transit,2024.0,Transiting Exoplanet Survey Satellite (TESS),Published Confirmed,0,2.4545467,13.57407563,263.79757781,1397.0,,5627.0,0.932,0.961,236.705
TOI-2109 b,TOI-2109,1,1,Transit,2021.0,Transiting Exoplanet Survey Satellite (TESS),Published Confirmed,0,0.67247414,15.098497,1595.49860314,3646.0,F,6540.0,1.698,1.453,262.041
TOI-2120 b,TOI-2120,1,1,Transit,2024.0,Transiting Exoplanet Survey Satellite (TESS),Published Confirmed,0,5.7998164,2.122,6.8,384.0,,3131.0,0.245,0.211,32.1755
TOI-2128 b,TOI-2128,1,1,Transit,2024.0,Transiting Exoplanet Survey Satellite (TESS),Published Confirmed,0,16.34136,2.08874836,4.5,780.53,,5968.0,1.1174,1.0251,36.578
TOI-2133 b,TOI-2133,1,1,Transit,2026.0,Transiting Exoplanet Survey Satellite (TESS),Published Confirmed,0,3.8266472,2.37,,798.0,,4250.0,0.62,0.644,75.1973
TOI-2134 b,TOI-2134,1,2,Transit,2023.0,Transiting Exoplanet Survey Satellite (TESS),Published Confirmed,0,9.2292005,2.69,9.13,666.0,K5 V,4580.0,0.709,0.744,22.6202
TOI-2134 c,TOI-2134,1,2,Transit,2023.0,Transiting Exoplanet Survey Satellite (TESS),Published Confirmed,0,95.5,7.27,41.89,306.0,K5 V,4580.0,0.709,0.744,22.6202
TOI-2136 b,TOI-2136,1,1,Transit,2022.0,Transiting Exoplanet Survey Satellite (TESS),Published Confirmed,0,7.851928,2.19,6.37,395.0,M4.5 V,3342.0,0.34,0.34,33.3631
TOI-2141 b,TOI-2141,1,3,Transit,2023.0,Transiting Exoplanet Survey Satellite (TESS),Published Confirmed,0,18.261608,3.147,20.1,728.0,,5635.0,0.95,0.896,77.682
TOI-2141 c,TOI-2141,1,3,Radial Velocity,2025.0,Roque de los Muchachos Observatory,Published Confirmed,0,5.4624,,6.14,1095.0,,5635.0,0.95,0.896,77.682
TOI-2141 d,TOI-2141,1,3,Radial Velocity,2025.0,Roque de los Muchachos Observatory,Published Confirmed,0,60.45,,14.9,491.4,,5635.0,0.95,0.896,77.682
TOI-2145 b,TOI-2145,1,1,Transit,2023.0,Transiting Exoplanet Survey Satellite (TESS),Published Confirmed,0,10.26075,11.98240037,1671.77742082,1484.0,,6177.0,2.749,1.72,224.731
TOI-2152 A b,TOI-2152,3,1,Transit,2023.0,Transiting Exoplanet Survey Satellite (TESS),Published Confirmed,0,3.3773512,14.35870428,899.45439181,1802.0,F4 V,6630.0,1.612,1.516,303.006
TOI-2154 b,TOI-2154,1,1,Transit,2023.0,Transiting Exoplanet Survey Satellite (TESS),Published Confirmed,0,3.8240801,16.28664896,292.40213444,1580.0,,6280.0,1.396,1.233,296.46
TOI-2158 b,TOI-2158,1,1,Transit,2022.0,Transiting Exoplanet Survey Satellite (TESS),Published Confirmed,0,8.60077,10.76062147,260.61929374,1188.0,,5673.0,1.41,1.12,198.473
TOI-216.01,TOI-216,1,2,Transit,2019.0,Transiting Exoplanet Survey Satellite (TESS),Published Confirmed,0,34.556,11.29,200.0,497.0,,5026.0,0.838,0.874,177.945
TOI-216.02,TOI-216,1,2,Transit,2019.0,Transiting Exoplanet Survey Satellite (TESS),Published Confirmed,0,17.089,7.69,30.0,628.0,,5026.0,0.838,0.874,177.945
TOI-2169 A b,TOI-2169 A,2,1,Transit,2025.0,Transiting Exoplanet Survey Satellite (TESS),Published Confirmed,0,8.2148282,12.50922246,329.58805806,1364.0,,6270.0,1.82,1.42,351.487
TOI-2180 b,TOI-2180,1,1,Transit,2022.0,Transiting Exoplanet Survey Satellite (TESS),Published Confirmed,0,260.79,11.32107051,875.61726129,348.0,G5,5695.0,1.636,1.111,116.685
TOI-2184 b,TOI-2184,1,1,Transit,2022.0,Transiting Exoplanet Survey Satellite (TESS),Published Confirmed,0,6.90683,11.39953337,206.58846455,,,5966.0,2.9,1.53,788.317
TOI-2193 A b,TOI-2193 A,2,1,Transit,2022.0,Transiting Exoplanet Survey Satellite (TESS),Published Confirmed,0,2.1225735,19.83989584,298.75870258,1763.0,,5966.0,1.248,1.082,337.064
TOI-2194 b,TOI-2194,1,1,Transit,2023.0,Transiting Exoplanet Survey Satellite (TESS),Published Confirmed,0,15.337597,1.9892,,590.88,,4756.0,0.6909,0.74,19.5711
TOI-2196 b,TOI-2196,1,1,Transit,2022.0,Transiting Exoplanet Survey Satellite (TESS),Published Confirmed,0,1.1947268,3.51,26.0,1860.0,G V,5634.0,1.043,1.032,259.947
TOI-220 b,TOI-220,1,1,Transit,2021.0,Transiting Exoplanet Survey Satellite (TESS),Published Confirmed,0,10.695264,3.03,13.8,805.0,K0 V,5298.0,0.858,0.825,90.7402
TOI-2200 b,TOI-2200,1,1,Transit,2026.0,Transiting Exoplanet Survey Satellite (TESS),Published Confirmed,0,2.93602836512,6.96310517,,,,5036.17,0.826247,,251.245
TOI-2202 b,TOI-2202,1,2,Transit,2021.0,Transiting Exoplanet Survey Satellite (TESS),Published Confirmed,0,11.9101,11.32107051,310.83618205,,K8 V,5144.0,0.794,0.823,235.933
TOI-2202 c,TOI-2202,1,2,Transit Timing Variations,2021.0,Multiple Observatories,Published Confirmed,0,24.6744,,117.27868218,,K8 V,5144.0,0.794,0.823,235.933
TOI-2207 b,TOI-2207,1,1,Transit,2022.0,Transiting Exoplanet Survey Satellite (TESS),Published Confirmed,0,8.001968,11.1529358,203.41018048,1259.0,,6101.0,1.564,1.296,373.345
TOI-2211.01,TOI-2211,1,1,Transit,2024.0,Transiting Exoplanet Survey Satellite (TESS),Published Confirmed,0,3.092686757,1.561,,,,5253.0,0.834,0.9,70.2932
TOI-2227 b,TOI-2227,1,1,Transit,2026.0,Transiting Exoplanet Survey Satellite (TESS),Published Confirmed,0,4.22175815648,3.09885187,,,,5889.54,1.20847,,165.441
TOI-2236 b,TOI-2236,1,1,Transit,2022.0,Transiting Exoplanet Survey Satellite (TESS),Published Confirmed,0,3.5315902,14.36991326,502.16888306,1688.0,,6248.0,1.573,1.343,355.59
TOI-2257 b,TOI-2257,1,1,Transit,2021.0,Transiting Exoplanet Survey Satellite (TESS),Published Confirmed,0,35.189346,2.194,,256.0,M3,3430.0,0.313,0.328,57.7911
TOI-2260 b,TOI-2260,1,1,Transit,2022.0,Transiting Exoplanet Survey Satellite (TESS),Published Confirmed,0,0.3524728,1.62,,2609.0,G V,5534.0,0.94,0.99,101.251
TOI-2266 b,TOI-2266,1,1,Transit,2024.0,Transiting Exoplanet Survey Satellite (TESS),Published Confirmed,0,2.326318,1.54,,550.0,M5.0+0.5-0.5,3200.0,0.24,0.23,51.6004
TOI-2267 b,TOI-2267 A,2,3,Transit,2025.0,Transiting Exoplanet Survey Satellite (TESS),Published Confirmed,0,2.28909,1.0,,424.0,M5 V,3030.0,0.2075,0.171,
TOI-2267 c,TOI-2267 A,2,3,Transit,2025.0,Transiting Exoplanet Survey Satellite (TESS),Published Confirmed,0,3.4950412,1.14,,374.0,M5 V,3030.0,0.2075,0.171,
TOI-2267 d,TOI-2267 B,2,3,Transit,2025.0,Transiting Exoplanet Survey Satellite (TESS),Published Confirmed,0,2.0344671,1.77,,422.0,,,0.13,,
TOI-2274 b,TOI-2274,1,1,Transit,2024.0,Transiting Exoplanet Survey Satellite (TESS),Published Confirmed,0,2.67963,2.45,,771.46,M,3943.0,0.631,0.612,48.876
TOI-2285 b,TOI-2285,1,1,Transit,2021.0,Transiting Exoplanet Survey Satellite (TESS),Published Confirmed,0,27.26955,1.74,19.5,284.0,,3491.0,0.464,0.454,42.409
TOI-2295 b,TOI-2295,1,2,Transit,2024.0,Transiting Exoplanet Survey Satellite (TESS),Published Confirmed,0,30.033302,16.47720163,278.09985612,747.0,,5730.0,1.459,1.168,126.279
TOI-2295 c,TOI-2295,1,2,Radial Velocity,2024.0,Haute-Provence Observatory,Published Confirmed,0,966.5,,1783.01736327,234.9,,5730.0,1.459,1.168,126.279
TOI-2322 b,TOI-2322,1,2,Transit,2025.0,Transiting Exoplanet Survey Satellite (TESS),Published Confirmed,0,11.30717,0.994,2.31,603.1,K4,4664.0,0.662,0.703,59.861
TOI-2322 c,TOI-2322,1,2,Transit,2025.0,Transiting Exoplanet Survey Satellite (TESS),Published Confirmed,0,20.225528,1.874,18.1,496.8,K4,4664.0,0.662,0.703,59.861
TOI-2328 b,TOI-2328,1,1,Transit,2025.0,Transiting Exoplanet Survey Satellite (TESS),Published Confirmed,0,17.10197,9.97599282,50.85254512,842.0,,5525.0,0.9,0.95,231.782
TOI-2337 b,TOI-2337,1,1,Transit,2022.0,Transiting Exoplanet Survey Satellite (TESS),Published Confirmed,0,2.99432,10.08808263,508.5254512,,,4780.0,3.22,1.325,536.046
TOI-2338 b,TOI-2338,1,1,Transit,2023.0,Transiting Exoplanet Survey Satellite (TESS),Published Confirmed,0,22.65398,11.2089807,1900.61387386,799.0,,5581.0,1.05,0.99,313.996
TOI-2345 b,TOI-2345,1,2,Transit,2025.0,Transiting Exoplanet Survey Satellite (TESS),Published Confirmed,0,1.0528573,1.504,3.49,1478.0,K,4687.0,0.729,0.727,81.6541
TOI-2345 c,TOI-2345,1,2,Transit,2025.0,Transiting Exoplanet Survey Satellite (TESS),Published Confirmed,0,21.064302,2.451,7.27,544.0,K,4687.0,0.729,0.727,81.6541
TOI-2346 b,TOI-2346,1,1,Transit,2025.0,Transiting Exoplanet Survey Satellite (TESS),Published Confirmed,0,3.3312029,16.11851425,394.10722468,1689.0,,6480.0,1.38,1.271,437.484
TOI-2364 b,TOI-2364,1,1,Transit,2023.0,Transiting Exoplanet Survey Satellite (TESS),Published Confirmed,0,4.0197517,8.60849718,71.51139158,1091.0,,5306.0,0.886,0.954,219.614
TOI-2368 b,TOI-2368,1,1,Transit,2024.0,Transiting Exoplanet Survey Satellite (TESS),Published Confirmed,0,5.1750073,10.83908434,206.58846455,1000.0,,5360.0,0.846,0.897,210.915
TOI-237 b,TOI-237,1,1,Transit,2020.0,Transiting Exoplanet Survey Satellite (TESS),Published Confirmed,0,5.436098,1.44,,388.0,M4.5 V,3212.0,0.211,0.179,38.0749
TOI-2373 b,TOI-2373,1,1,Transit,2023.0,Transiting Exoplanet Survey Satellite (TESS),Published Confirmed,0,13.33668,10.42435205,2955.8041851,860.0,,5651.0,1.102,1.041,508.686
TOI-2374 b,TOI-2374,1,1,Transit,2024.0,Transiting Exoplanet Survey Satellite (TESS),Published Confirmed,0,4.31361,6.81,56.64,885.0,,4802.0,0.69,0.75,134.655
TOI-2379 b,TOI-2379,1,1,Transit,2024.0,Transiting Exoplanet Survey Satellite (TESS),Published Confirmed,0,5.4693827,11.72459381,1830.69162432,624.0,,3707.0,0.622,0.645,211.247
TOI-238 b,TOI-238,1,2,Transit,2024.0,Transiting Exoplanet Survey Satellite (TESS),Published Confirmed,0,1.273099,1.559,3.37,1378.0,K2 V,5059.0,0.756,0.781,80.5407
TOI-238 c,TOI-238,1,2,Radial Velocity,2024.0,Multiple Observatories,Published Confirmed,0,8.465651,2.18,6.7,696.0,K2V,5059.0,0.733,0.79,80.5407
TOI-2382 b,TOI-2382,1,1,Transit,2025.0,Transiting Exoplanet Survey Satellite (TESS),Published Confirmed,0,4.6612061,12.25141591,235.19302118,1426.0,,6033.0,1.417,1.26,434.92
TOI-2384 b,TOI-2384,1,1,Transit,2024.0,Transiting Exoplanet Survey Satellite (TESS),Published Confirmed,0,2.13570304,11.48920522,624.85064816,889.7,,3943.0,0.6113,0.635,191.51
TOI-2406 b,TOI-2406,1,1,Transit,2021.0,Transiting Exoplanet Survey Satellite (TESS),Published Confirmed,0,3.0766896,2.94,,447.0,M4 V,3100.0,0.204,0.162,55.419
TOI-2407 b,TOI-2407,1,1,Transit,2025.0,Transiting Exoplanet Survey Satellite (TESS),Published Confirmed,0,2.702969,4.26,,705.0,,3530.0,0.567,0.548,92.4366
TOI-2411 b,TOI-2411,1,1,Transit,2022.0,Transiting Exoplanet Survey Satellite (TESS),Published Confirmed,0,0.7826942,1.68,,1355.0,,4099.0,0.68,0.65,59.5362
TOI-2416 b,TOI-2416,1,1,Transit,2023.0,Transiting Exoplanet Survey Satellite (TESS),Published Confirmed,0,8.275479,9.86390302,953.485221,1080.0,,5808.0,1.236,1.118,557.733
TOI-2420 b,TOI-2420,1,1,Transit,2024.0,Transiting Exoplanet Survey Satellite (TESS),Published Confirmed,0,5.842641,15.02003414,294.62693329,1571.6,,,2.369,1.158,435.174
TOI-2421 b,TOI-2421,1,1,Transit,2022.0,Transiting Exoplanet Survey Satellite (TESS),Published Confirmed,0,4.3474032,10.36830715,105.83685953,1534.0,,5607.0,1.75,1.131,327.927
TOI-2427 b,TOI-2427,1,1,Transit,2022.0,Transiting Exoplanet Survey Satellite (TESS),Published Confirmed,0,1.3060011,1.8,,1117.0,,4072.0,0.65,0.64,28.5147
TOI-2431 b,TOI-2431,1,1,Transit,2026.0,Transiting Exoplanet Survey Satellite (TESS),Published Confirmed,0,0.22419578,1.534,6.2,2063.0,K7 V,4109.0,0.651,0.661,36.0559
TOI-244 b,TOI-244,1,1,Transit,2023.0,Transiting Exoplanet Survey Satellite (TESS),Published Confirmed,0,7.397225,1.52,2.68,458.0,M2.5 V,3433.0,0.426,0.428,22.0337
TOI-2443 b,TOI-2443,1,1,Transit,2023.0,Transiting Exoplanet Survey Satellite (TESS),Published Confirmed,0,15.66858,2.363,4.8,519.0,K5 V,4375.0,0.631,0.642,23.9258
TOI-2445 b,TOI-2445,1,1,Transit,2022.0,Transiting Exoplanet Survey Satellite (TESS),Published Confirmed,0,0.3711281,1.25,,1060.0,,3333.0,0.27,0.25,48.582
TOI-2447 b,TOI-2447,1,1,Transit,2024.0,Transiting Exoplanet Survey Satellite (TESS),Published Confirmed,0,69.33684,9.60609646,124.90656395,414.0,,5730.0,1.006,1.034,148.987
TOI-2449 b,TOI-2449,1,1,Transit,2025.0,Transiting Exoplanet Survey Satellite (TESS),Published Confirmed,0,106.14468,11.24,222.0,400.0,G,6021.0,1.065,1.079,156.786
TOI-2453 b,TOI-2453,1,1,Transit,2026.0,Transiting Exoplanet Survey Satellite (TESS),Published Confirmed,0,4.44143463188,3.24380341,,,,3720.23,0.502498,,81.9043
TOI-2458 b,TOI-2458,1,2,Transit,2024.0,Transiting Exoplanet Survey Satellite (TESS),Published Confirmed,0,3.73659,2.83,13.31,1509.4,F9-F9.5,6005.0,1.31,1.05,112.958
TOI-2458 c,TOI-2458,1,2,Radial Velocity,2024.0,La Silla Observatory,Published Confirmed,0,16.553,,10.22,,F9-F9.5,6005.0,1.31,1.05,112.958
TOI-2459 b,TOI-2459,1,1,Transit,2023.0,Transiting Exoplanet Survey Satellite (TESS),Published Confirmed,0,19.104718,2.9531,,445.01,,4195.0,0.6751,0.66,36.6113
TOI-2485 b,TOI-2485,1,1,Transit,2024.0,Transiting Exoplanet Survey Satellite (TESS),Published Confirmed,0,11.23479,12.1393261,766.60211768,1134.0,,,1.72,1.163,397.953
TOI-2497 b,TOI-2497,1,1,Transit,2023.0,Transiting Exoplanet Survey Satellite (TESS),Published Confirmed,0,10.655669,11.14172682,1531.93292174,1595.0,,7360.0,2.36,1.859,285.289
TOI-2498 b,TOI-2498,1,1,Transit,2023.0,Transiting Exoplanet Survey Satellite (TESS),Published Confirmed,0,3.738252,6.06,34.62,1443.0,,5905.0,1.26,1.12,275.265
TOI-251 b,TOI-251,1,1,Transit,2021.0,Transiting Exoplanet Survey Satellite (TESS),Published Confirmed,0,4.93777,2.74,317.83,,,5875.0,0.881,1.036,99.523
TOI-2518 b,TOI-2518,1,1,Transit,2026.0,Transiting Exoplanet Survey Satellite (TESS),Published Confirmed,0,6.89797425216,2.26838675,,,,5751.2,0.993374,,160.825
TOI-2524 b,TOI-2524,1,1,Transit,2023.0,Transiting Exoplanet Survey Satellite (TESS),Published Confirmed,0,7.18585,11.2089807,203.41018048,1100.0,,5831.0,1.119,1.007,438.842
TOI-2525 b,TOI-2525,1,2,Transit,2023.0,Transiting Exoplanet Survey Satellite (TESS),Published Confirmed,0,23.2856,8.67575106,26.69758619,,K8 V,5096.0,0.785,0.849,395.398
TOI-2525 c,TOI-2525,1,2,Transit,2023.0,Transiting Exoplanet Survey Satellite (TESS),Published Confirmed,0,49.2519,10.13291855,208.8132634,,K8 V,5096.0,0.785,0.849,395.398
TOI-2529 b,TOI-2529,1,1,Transit,2024.0,Transiting Exoplanet Survey Satellite (TESS),Published Confirmed,0,64.5949,11.54525012,743.71847238,636.0,,5802.0,1.7,1.11,296.271
TOI-2537 b,TOI-2537,1,2,Transit,2024.0,Transiting Exoplanet Survey Satellite (TESS),Published Confirmed,0,94.1022,11.25381662,415.40172795,338.0,,4870.0,0.771,0.771,184.986
TOI-2537 c,TOI-2537,1,2,Radial Velocity,2024.0,Multiple Observatories,Published Confirmed,0,1920.0,,2297.89938261,123.1,,4870.0,0.771,0.771,184.986
TOI-2545 b,TOI-2545,1,1,Transit,2022.0,Transiting Exoplanet Survey Satellite (TESS),Published Confirmed,0,7.994037,2.75,,,,5846.29,1.25324,1.055,107.118
TOI-2567 b,TOI-2567,1,1,Transit,2022.0,Transiting Exoplanet Survey Satellite (TESS),Published Confirmed,0,5.983944,10.92875618,63.88350981,1352.0,,5611.0,1.686,1.13,504.775
TOI-257 b,TOI-257,1,1,Transit,2021.0,Transiting Exoplanet Survey Satellite (TESS),Published Confirmed,0,18.38818,7.16253867,43.86032017,1027.0,,6095.0,1.867,1.407,76.9028
TOI-2570 b,TOI-2570,1,1,Transit,2022.0,Transiting Exoplanet Survey Satellite (TESS),Published Confirmed,0,2.9887615,13.64132951,260.61929374,1431.0,,5771.0,1.095,1.063,361.857
TOI-2580 b,TOI-2580,1,1,Transit,2024.0,Transiting Exoplanet Survey Satellite (TESS),Published Confirmed,0,3.39775,17.37392009,200.23189641,2410.0,F,6120.0,1.81,1.33,379.253
TOI-2583 A b,TOI-2583 A,2,1,Transit,2023.0,Transiting Exoplanet Survey Satellite (TESS),Published Confirmed,0,4.5207265,14.4595851,79.45710175,1456.0,,5936.0,1.477,1.215,566.189
TOI-2587 A b,TOI-2587 A,2,1,Transit,2023.0,Transiting Exoplanet Survey Satellite (TESS),Published Confirmed,0,5.45664,12.07207221,69.28659273,1445.0,,5760.0,1.726,1.15,373.675
TOI-2589 b,TOI-2589,1,1,Transit,2023.0,Transiting Exoplanet Survey Satellite (TESS),Published Confirmed,0,61.6277,12.10569916,1112.3994245,592.0,,5579.0,1.07,0.93,200.273
TOI-260 b,TOI-260,1,1,Transit,2024.0,Transiting Exoplanet Survey Satellite (TESS),Published Confirmed,0,13.475853,1.71,4.23,493.0,K8 V,4026.0,0.607,0.616,20.1852
TOI-261.01,TOI-261,1,2,Transit,2021.0,Transiting Exoplanet Survey Satellite (TESS),Published Confirmed,0,3.3639254,3.0449863,,1722.49,,5890.3,1.28018,0.496728,114.495
TOI-261.02,TOI-261,1,2,Transit,2021.0,Transiting Exoplanet Survey Satellite (TESS),Published Confirmed,0,13.04,2.52,,,,5890.3,1.28018,1.069,114.495
TOI-262 b,TOI-262,1,1,Transit,2023.0,Transiting Exoplanet Survey Satellite (TESS),Published Confirmed,0,11.14529,2.07,,584.0,K0 V,5310.0,0.853,0.913,43.932
TOI-2641 b,TOI-2641,1,1,Transit,2023.0,Transiting Exoplanet Survey Satellite (TESS),Published Confirmed,0,4.880974,18.10250383,122.6817651,1387.0,F9 V,6100.0,1.336,1.16,344.045
TOI-2654 b,TOI-2654,1,1,Transit,2026.0,Transiting Exoplanet Survey Satellite (TESS),Published Confirmed,0,2.96760425926,7.94454164,,,,4594.08,0.756095,,248.964
TOI-2669 b,TOI-2669,1,1,Transit,2022.0,Transiting Exoplanet Survey Satellite (TESS),Published Confirmed,0,6.2034,19.72780603,193.87532827,,,4800.0,4.1,1.19,393.443
TOI-269 b,TOI-269,1,1,Transit,2021.0,Transiting Exoplanet Survey Satellite (TESS),Published Confirmed,0,3.6977104,2.77,8.8,531.0,M2 V,3514.0,0.398,0.3917,57.0225
TOI-270 b,TOI-270,1,3,Transit,2019.0,Transiting Exoplanet Survey Satellite (TESS),Published Confirmed,0,3.3601538,1.206,1.58,581.0,M,3506.0,0.378,0.386,22.4793
TOI-270 c,TOI-270,1,3,Transit,2019.0,Transiting Exoplanet Survey Satellite (TESS),Published Confirmed,0,5.6605731,2.355,6.15,488.0,M,3506.0,0.378,0.386,22.4793
TOI-270 d,TOI-270,1,3,Transit,2019.0,Transiting Exoplanet Survey Satellite (TESS),Published Confirmed,0,11.379573,2.133,4.78,387.0,M,3506.0,0.378,0.386,22.4793
TOI-2714 b,TOI-2714,1,1,Transit,2024.0,Transiting Exoplanet Survey Satellite (TESS),Published Confirmed,0,2.499387,13.72,228.0,1603.0,,5665.0,1.25,1.07,597.873
TOI-2719 b,TOI-2719,1,1,Transit,2025.0,Transiting Exoplanet Survey Satellite (TESS),Published Confirmed,0,3.37594,5.98,,1710.0,,5762.0,1.69,1.02,588.368
TOI-2768 b,TOI-2768,1,1,Transit,2024.0,Transiting Exoplanet Survey Satellite (TESS),Published Confirmed,0,1.50801,2.63,,855.0,M,4008.0,0.657,0.63,78.4525
TOI-277 b,TOI-277,1,1,Transit,2022.0,Transiting Exoplanet Survey Satellite (TESS),Published Confirmed,0,3.994,2.65,,,,4031.0,0.362,0.16,64.6692
TOI-2796 b,TOI-2796,1,1,Transit,2023.0,Transiting Exoplanet Survey Satellite (TESS),Published Confirmed,0,4.8084983,17.26183028,139.84449908,1205.0,,5764.0,1.069,1.063,350.343
TOI-2803 A b,TOI-2803 A,2,1,Transit,2023.0,Transiting Exoplanet Survey Satellite (TESS),Published Confirmed,0,1.96229325,18.11371281,309.88269682,1893.0,,6280.0,1.245,1.118,494.818
TOI-2818 b,TOI-2818,1,1,Transit,2023.0,Transiting Exoplanet Survey Satellite (TESS),Published Confirmed,0,4.039709,15.27784069,225.65816897,1376.0,,5721.0,1.229,0.977,312.674
TOI-283 b,TOI-283,1,1,Transit,2025.0,Transiting Exoplanet Survey Satellite (TESS),Published Confirmed,0,17.61745,2.34,6.54,661.0,K,5213.0,0.85,0.8,82.7013
TOI-2842 b,TOI-2842,1,1,Transit,2023.0,Transiting Exoplanet Survey Satellite (TESS),Published Confirmed,0,3.5514058,12.84549188,117.59651059,1471.0,,5910.0,1.265,1.135,460.995
TOI-286 b,TOI-286,1,2,Transit,2024.0,Transiting Exoplanet Survey Satellite (TESS),Published Confirmed,0,4.5117244,1.42,4.53,979.0,K3 V,5152.0,0.78,0.832,59.2293
TOI-286 c,TOI-286,1,2,Transit,2024.0,Transiting Exoplanet Survey Satellite (TESS),Published Confirmed,0,39.361826,1.88,3.72,475.0,K3 V,5152.0,0.78,0.832,59.2293
TOI-2876 b,TOI-2876,1,1,Transit,2025.0,Transiting Exoplanet Survey Satellite (TESS),Published Confirmed,0,6.2996431,9.6397234,54.03082919,929.0,,5271.0,0.873,0.939,225.744
TOI-2886 b,TOI-2886,1,1,Transit,2025.0,Transiting Exoplanet Survey Satellite (TESS),Published Confirmed,0,1.60200105,18.6405349,444.9597698,1978.0,,6240.0,1.241,1.229,413.673
TOI-2969 b,TOI-2969,1,1,Transit,2025.0,Transiting Exoplanet Survey Satellite (TESS),Published Confirmed,0,1.8237146,12.32987877,368.68095212,1186.0,K3 V,4738.0,0.7,0.71,163.996
TOI-2977 b,TOI-2977,1,1,Transit,2023.0,Transiting Exoplanet Survey Satellite (TESS),Published Confirmed,0,2.3505614,13.15934334,533.95172376,1544.0,,5691.0,1.073,0.936,
TOI-2981 b,TOI-2981,1,1,Transit,2024.0,Transiting Exoplanet Survey Satellite (TESS),Published Confirmed,0,3.601501,13.4,638.0,1358.0,,5940.0,1.08,1.03,527.789
TOI-2986 b,TOI-2986,1,1,Transit,2025.0,Transiting Exoplanet Survey Satellite (TESS),Published Confirmed,0,3.2783662,9.292245,96.61983573,1622.0,,5906.0,1.458,1.122,563.149
TOI-2989 b,TOI-2989,1,1,Transit,2025.0,Transiting Exoplanet Survey Satellite (TESS),Published Confirmed,0,3.122832,12.55405838,953.485221,1001.0,K4 V,4672.0,0.76,0.77,195.795
TOI-2992 b,TOI-2992,1,1,Transit,2025.0,Transiting Exoplanet Survey Satellite (TESS),Published Confirmed,0,3.007812,13.75341932,1058.36859531,1726.0,,6000.0,1.545,1.21,542.026
TOI-3023 b,TOI-3023,1,1,Transit,2023.0,Transiting Exoplanet Survey Satellite (TESS),Published Confirmed,0,3.9014971,16.43236571,197.05361234,1596.0,,5760.0,1.668,1.12,389.916
TOI-3071 b,TOI-3071,1,1,Transit,2024.0,Transiting Exoplanet Survey Satellite (TESS),Published Confirmed,0,1.266938,7.16,68.2,2155.0,,6177.0,1.31,1.29,485.219
TOI-3082 b,TOI-3082,1,1,Transit,2023.0,Transiting Exoplanet Survey Satellite (TESS),Published Confirmed,0,1.926907,3.6621,,1032.78,,4263.0,0.6847,0.664,113.048
TOI-3135 b,TOI-3135,1,1,Transit,2025.0,Transiting Exoplanet Survey Satellite (TESS),Published Confirmed,0,3.7065585,13.65253849,327.36325921,1292.0,,5890.0,0.985,1.044,221.673
TOI-3160 A b,TOI-3160 A,2,1,Transit,2025.0,Transiting Exoplanet Survey Satellite (TESS),Published Confirmed,0,3.971281,13.7646283,378.21580433,1539.0,,6190.0,1.346,1.088,567.678
TOI-3235 b,TOI-3235,1,1,Transit,2023.0,Transiting Exoplanet Survey Satellite (TESS),Published Confirmed,0,2.59261842,11.39953337,211.35589065,604.0,M V,3388.8,0.3697,0.3939,72.811
TOI-3261 b,TOI-3261,1,1,Transit,2024.0,Transiting Exoplanet Survey Satellite (TESS),Published Confirmed,0,0.8831331,3.82,30.3,1722.0,K1.5+/-1,5068.0,0.849,0.861,300.141
TOI-3288 b,TOI-3288,2,1,Transit,2025.0,Transiting Exoplanet Survey Satellite (TESS),Published Confirmed,0,1.4338635,11.2089807,670.61793877,1059.0,K9 V,3933.0,0.67,0.64,200.5
TOI-329 b,TOI-329,1,1,Transit,2024.0,Transiting Exoplanet Survey Satellite (TESS),Published Confirmed,0,5.70439,4.94057819,40.4,1213.02,,5614.0,1.5326,1.0678,284.388
TOI-332 b,TOI-332,1,1,Transit,2023.0,Transiting Exoplanet Survey Satellite (TESS),Published Confirmed,0,0.777038,3.2,57.2,1871.0,K0 V,5251.0,0.87,0.88,222.852
TOI-3321 b,TOI-3321,1,1,Transit,2024.0,Transiting Exoplanet Survey Satellite (TESS),Published Confirmed,0,3.6525145,15.55806521,176.07693748,1616.0,,5850.0,1.549,1.041,285.895
TOI-333 b,TOI-333,1,1,Transit,2025.0,Transiting Exoplanet Survey Satellite (TESS),Published Confirmed,0,3.7852503,4.26,20.1,1445.0,,6241.0,1.1,1.2,352.269
TOI-3331 A b,TOI-3331 A,2,1,Transit,2022.0,Transiting Exoplanet Survey Satellite (TESS),Published Confirmed,0,2.0180231,12.97999965,721.47048389,1488.0,,5609.0,0.952,1.016,217.193
TOI-3353.01,TOI-3353,1,1,Transit,2024.0,Transiting Exoplanet Survey Satellite (TESS),Published Confirmed,0,4.6657965,2.6667555,,1264.36,,6365.0,1.0207,1.332089,78.7577
TOI-3362 b,TOI-3362,1,1,Transit,2021.0,Transiting Exoplanet Survey Satellite (TESS),Published Confirmed,0,18.09547,12.80065596,1598.3590588,,,6532.0,1.83,1.445,366.987
TOI-3364 b,TOI-3364,1,1,Transit,2023.0,Transiting Exoplanet Survey Satellite (TESS),Published Confirmed,0,5.8768918,12.22899794,530.77343969,1264.0,,5706.0,1.419,1.186,277.899
TOI-3464 b,TOI-3464,1,1,Transit,2025.0,Transiting Exoplanet Survey Satellite (TESS),Published Confirmed,0,3.6515568,13.7646283,397.28550875,1693.0,,6370.0,1.56,1.363,597.774
TOI-3474 b,TOI-3474,1,1,Transit,2025.0,Transiting Exoplanet Survey Satellite (TESS),Published Confirmed,0,3.8795105,14.67255574,193.87532827,1451.0,,6020.0,1.256,1.121,420.123
TOI-3486 b,TOI-3486,1,1,Transit,2025.0,Transiting Exoplanet Survey Satellite (TESS),Published Confirmed,0,2.21778105,10.5700688,99.16246298,1190.0,,4930.0,0.788,0.837,154.715
TOI-3493 b,TOI-3493,1,1,Transit,2025.0,Transiting Exoplanet Survey Satellite (TESS),Published Confirmed,0,8.1594667,3.22,8.97,1102.0,G1/2 V,5844.0,1.228,1.023,96.7224
TOI-3523 A b,TOI-3523 A,3,1,Transit,2025.0,Transiting Exoplanet Survey Satellite (TESS),Published Confirmed,0,2.30458952,15.9727975,435.42491759,1984.0,,6450.0,1.448,1.131,645.294
TOI-3540 A b,TOI-3540 A,2,1,Transit,2022.0,Transiting Exoplanet Survey Satellite (TESS),Published Confirmed,0,3.119999,23.53885947,375.03752026,1498.0,,5810.0,1.228,1.081,
TOI-3568 b,TOI-3568,1,1,Transit,2024.0,Transiting Exoplanet Survey Satellite (TESS),Published Confirmed,0,4.417965,5.3,26.4,899.0,,4969.0,0.719,0.78,197.906
TOI-3593 b,TOI-3593,1,1,Transit,2025.0,Transiting Exoplanet Survey Satellite (TESS),Published Confirmed,0,3.8212867,11.02963701,565.73456446,1170.0,,5550.0,0.918,1.015,226.63
TOI-3629 b,TOI-3629,1,1,Transit,2022.0,Transiting Exoplanet Survey Satellite (TESS),Published Confirmed,0,3.936551,8.29464572,82.63538582,690.0,M1,3870.0,0.6,0.63,130.091
TOI-3682 b,TOI-3682,1,1,Transit,2025.0,Transiting Exoplanet Survey Satellite (TESS),Published Confirmed,0,3.3462406,12.80065596,69.28659273,1657.0,,5703.0,1.735,1.32,404.211
TOI-3688 A b,TOI-3688 A,2,1,Transit,2023.0,Transiting Exoplanet Survey Satellite (TESS),Published Confirmed,0,3.246075,13.08088048,311.47183886,1534.0,,5950.0,1.302,1.199,396.378
TOI-3693 b,TOI-3693,1,1,Transit,2022.0,Transiting Exoplanet Survey Satellite (TESS),Published Confirmed,0,9.088516,12.59889431,324.18497514,801.0,,5321.0,0.791,0.867,176.436
TOI-3714 b,TOI-3714,2,1,Transit,2022.0,Transiting Exoplanet Survey Satellite (TESS),Published Confirmed,0,2.154849,11.32107051,222.4798849,750.0,M2,3660.0,0.51,0.53,112.71
TOI-375 b,TOI-375,1,3,Transit,2026.0,Transiting Exoplanet Survey Satellite (TESS),Published Confirmed,0,9.45469,10.77183045,236.78216321,1373.0,,5259.9,2.9,1.441,396.213
TOI-375 c,TOI-375,1,3,Radial Velocity,2026.0,Multiple Observatories,Published Confirmed,0,115.5,,669.34662514,596.0,,5259.9,2.9,1.441,396.213
TOI-375 d,TOI-375,1,3,Radial Velocity,2026.0,Multiple Observatories,Published Confirmed,0,297.9,,445.59542661,434.0,,5259.9,2.9,1.441,396.213
TOI-3757 b,TOI-3757,1,1,Transit,2022.0,Transiting Exoplanet Survey Satellite (TESS),Published Confirmed,0,3.438753,12.0,85.3,759.0,M0 V,3913.0,0.62,0.64,181.139
TOI-3785 b,TOI-3785,1,1,Transit,2023.0,Transiting Exoplanet Survey Satellite (TESS),Published Confirmed,0,4.6747373,5.14,14.95,582.0,M2 V,3576.0,0.5,0.52,79.7634
TOI-3807 b,TOI-3807,1,1,Transit,2023.0,Transiting Exoplanet Survey Satellite (TESS),Published Confirmed,0,2.8989727,18.49481816,330.54154328,1646.0,,5772.0,1.468,1.181,421.745
TOI-3819 b,TOI-3819,1,1,Transit,2023.0,Transiting Exoplanet Survey Satellite (TESS),Published Confirmed,0,3.2443141,13.13692538,352.78953177,1633.0,,5859.0,1.538,1.242,558.141
TOI-3837 b,TOI-3837,1,1,Transit,2025.0,Transiting Exoplanet Survey Satellite (TESS),Published Confirmed,0,11.88865,10.87271128,187.51876013,1178.0,,5905.0,1.2,0.89,311.705
TOI-3856 b,TOI-3856,1,1,Transit,2025.0,Transiting Exoplanet Survey Satellite (TESS),Published Confirmed,0,2.04360352,13.59649359,171.62733978,1544.0,,5622.0,1.055,1.096,314.443
TOI-3862 b,TOI-3862,1,1,Transit,2026.0,Transiting Exoplanet Survey Satellite (TESS),Published Confirmed,0,1.55745774,5.53,53.7,1539.0,,5300.0,0.92,0.9,249.02
TOI-3877 b,TOI-3877,1,1,Transit,2025.0,Transiting Exoplanet Survey Satellite (TESS),Published Confirmed,0,4.123596,11.67975789,99.7981198,1445.0,,5731.0,1.445,1.16,493.77
TOI-3884 b,TOI-3884,1,1,Transit,2022.0,Transiting Exoplanet Survey Satellite (TESS),Published Confirmed,0,4.5445697,6.0,16.5,463.0,M4,3269.0,0.3043,0.2813,43.1448
TOI-3894 b,TOI-3894,1,1,Transit,2024.0,Transiting Exoplanet Survey Satellite (TESS),Published Confirmed,0,4.33454,15.27784069,260.61929374,1531.0,,6000.0,1.502,1.138,417.365
TOI-3896 b,TOI-3896,1,1,Transit,2026.0,Transiting Exoplanet Survey Satellite (TESS),Published Confirmed,0,4.37730369667,3.14949237,,,,5110.91,0.747752,,181.653
TOI-3912 b,TOI-3912,1,1,Transit,2023.0,Transiting Exoplanet Survey Satellite (TESS),Published Confirmed,0,3.4936264,14.28024141,129.03833324,1512.0,,5725.0,1.392,1.088,465.992
TOI-3919 b,TOI-3919,1,1,Transit,2024.0,Transiting Exoplanet Survey Satellite (TESS),Published Confirmed,0,7.433234,12.31866979,1233.17421916,1198.0,,6100.0,1.319,1.208,604.591
TOI-3976 A b,TOI-3976 A,2,1,Transit,2023.0,Transiting Exoplanet Survey Satellite (TESS),Published Confirmed,0,6.607662,12.27383387,55.61997123,1295.0,,5975.0,1.501,1.254,516.087
TOI-3980 b,TOI-3980,1,1,Transit,2025.0,Transiting Exoplanet Survey Satellite (TESS),Published Confirmed,0,3.6089254,14.4595851,187.51876013,1621.0,,5840.0,1.626,1.24,486.721
TOI-3984 A b,TOI-3984 A,2,1,Transit,2023.0,Transiting Exoplanet Survey Satellite (TESS),Published Confirmed,0,4.353326,7.9,44.0,563.0,M4+/-0.5,3476.0,0.47,0.49,108.883
TOI-4010 b,TOI-4010,1,4,Transit,2023.0,Transiting Exoplanet Survey Satellite (TESS),Published Confirmed,0,1.348335,3.02,11.0,1441.0,K V,4960.0,0.83,0.88,177.504
TOI-4010 c,TOI-4010,1,4,Transit,2023.0,Transiting Exoplanet Survey Satellite (TESS),Published Confirmed,0,5.414654,5.93,20.31,907.0,K V,4960.0,0.83,0.88,177.504
TOI-4010 d,TOI-4010,1,4,Transit,2023.0,Transiting Exoplanet Survey Satellite (TESS),Published Confirmed,0,14.70886,6.18,38.15,650.0,K V,4960.0,0.83,0.88,177.504
TOI-4010 e,TOI-4010,1,4,Radial Velocity,2023.0,Roque de los Muchachos Observatory,Published Confirmed,0,762.0,,692.0,174.0,K V,4960.0,0.83,0.88,177.504
TOI-4029 b,TOI-4029,1,1,Transit,2026.0,Transiting Exoplanet Survey Satellite (TESS),Published Confirmed,0,5.88498234631,6.73756618,,,,5662.53,1.17834,,274.436
TOI-4030 b,TOI-4030,1,1,Transit,2026.0,Transiting Exoplanet Survey Satellite (TESS),Published Confirmed,0,2.50900199461,5.8462559,,,,5640.37,0.991737,,571.615
TOI-406 c,TOI-406,1,2,Transit,2024.0,Transiting Exoplanet Survey Satellite (TESS),Published Confirmed,0,3.307441,1.32,2.08,584.0,M3,3392.0,0.41,0.408,31.0597
TOI-406.01,TOI-406,1,2,Transit,2024.0,Transiting Exoplanet Survey Satellite (TESS),Published Confirmed,0,13.175682,2.08,6.57,368.0,M3,3392.0,0.41,0.408,31.0597
TOI-4087 b,TOI-4087,1,1,Transit,2023.0,Transiting Exoplanet Survey Satellite (TESS),Published Confirmed,0,3.1774835,13.04725353,232.01473711,1458.0,,6060.0,1.112,1.178,301.676
TOI-411 b,HD 22946,1,3,Transit,2022.0,Transiting Exoplanet Survey Satellite (TESS),Published Confirmed,0,4.040295,1.362,13.71,1241.0,,6169.0,1.117,1.098,62.7792
TOI-411 c,HD 22946,1,3,Transit,2022.0,Transiting Exoplanet Survey Satellite (TESS),Published Confirmed,0,9.573096,2.74,,1033.0,F7/F8V,6040.0,1.157,1.104,62.7792
TOI-4127 b,TOI-4127,1,1,Transit,2023.0,Transiting Exoplanet Survey Satellite (TESS),Published Confirmed,0,56.39879,12.28504285,731.0053361,605.1,F V,6096.0,1.293,1.23,319.632
TOI-4137 b,TOI-4137,1,1,Transit,2022.0,Transiting Exoplanet Survey Satellite (TESS),Published Confirmed,0,3.8016122,13.57407563,457.67290608,1570.0,,6202.0,1.438,1.313,334.993
TOI-4145 A b,TOI-4145 A,2,1,Transit,2023.0,Transiting Exoplanet Survey Satellite (TESS),Published Confirmed,0,4.0664428,13.30506009,136.66621501,1074.0,,5281.0,0.859,0.905,205.387
TOI-4153 b,TOI-4153,1,1,Transit,2024.0,Transiting Exoplanet Survey Satellite (TESS),Published Confirmed,0,4.6174141,16.11851425,365.50266805,1669.0,,6860.0,1.605,1.572,423.84
TOI-4155 b,TOI-4155,1,1,Transit,2025.0,Transiting Exoplanet Survey Satellite (TESS),Published Confirmed,0,3.320729,3.21,,1255.0,,5724.0,0.95,1.16,240.737
TOI-4156 b,TOI-4156,1,2,Transit,2026.0,Transiting Exoplanet Survey Satellite (TESS),Published Confirmed,0,4.46189034133,2.53823825,,,,5971.64,1.03963,,213.719
TOI-4156 c,TOI-4156,1,2,Transit,2026.0,Transiting Exoplanet Survey Satellite (TESS),Published Confirmed,0,12.82282706375,2.92303762,,,,5971.64,1.03963,,213.719
TOI-4184 b,TOI-4184,1,1,Transit,2023.0,Transiting Exoplanet Survey Satellite (TESS),Published Confirmed,0,4.9019804,2.43,,412.0,M5.5+/-0.5,3238.0,0.2347,0.2109,69.3649
TOI-4201 b,TOI-4201,1,1,Transit,2023.0,Transiting Exoplanet Survey Satellite (TESS),Published Confirmed,0,3.5819194,13.67495645,788.21444936,725.0,M1.0+/-0.5,3794.0,0.63,0.61,189.011
TOI-421 b,TOI-421,2,2,Transit,2020.0,Transiting Exoplanet Survey Satellite (TESS),Published Confirmed,0,5.197576,2.64,6.7,922.0,G9 V,5291.0,0.866,0.833,74.7969
TOI-421 c,TOI-421,2,2,Transit,2020.0,Transiting Exoplanet Survey Satellite (TESS),Published Confirmed,0,16.067541,5.09,14.1,635.0,G9 V,5291.0,0.866,0.833,74.7969
TOI-4214 b,TOI-4214,1,1,Transit,2025.0,Transiting Exoplanet Survey Satellite (TESS),Published Confirmed,0,3.4913885,10.68215861,165.27077164,1642.0,,6370.0,1.434,1.382,346.881
TOI-4308 b,TOI-4308,1,1,Transit,2023.0,Transiting Exoplanet Survey Satellite (TESS),Published Confirmed,0,9.151201,2.4189,,763.05,,5243.0,0.7934,0.9,108.932
TOI-431 b,TOI-431,1,3,Transit,2021.0,Transiting Exoplanet Survey Satellite (TESS),Published Confirmed,0,0.490047,1.28,3.07,1862.0,,4850.0,0.731,0.78,32.5686
TOI-431 c,TOI-431,1,3,Radial Velocity,2021.0,La Silla Observatory,Published Confirmed,0,4.8494,,2.83,867.0,,4850.0,0.731,0.78,32.5686
TOI-431 d,TOI-431,1,3,Transit,2021.0,Transiting Exoplanet Survey Satellite (TESS),Published Confirmed,0,12.46103,3.29,9.9,633.0,,4850.0,0.731,0.78,32.5686
TOI-4329 b,TOI-4329,1,1,Transit,2022.0,Transiting Exoplanet Survey Satellite (TESS),Published Confirmed,0,2.9223,16.81347105,143.02278315,,,6000.0,2.31,1.538,717.128
TOI-4336 A b,TOI-4336 A,3,2,Transit,2024.0,Transiting Exoplanet Survey Satellite (TESS),Published Confirmed,0,16.336351,2.137,3.33,309.4,M3.5 V,3307.0,0.326,0.306,22.5455
TOI-4336 A c,TOI-4336 A,3,2,Transit,2026.0,Multiple Observatories,Published Confirmed,0,7.587266,1.251,1.55,399.5,M3.5 V,3307.0,0.326,0.306,22.5455
TOI-4342 b,TOI-4342,1,2,Transit,2023.0,Transiting Exoplanet Survey Satellite (TESS),Published Confirmed,0,5.5382592,2.329,7.3,639.0,M0 V,3866.0,0.598,0.587,61.5204
TOI-4342 c,TOI-4342,1,2,Transit,2023.0,Transiting Exoplanet Survey Satellite (TESS),Published Confirmed,0,10.688662,2.349,4.8,514.0,M0 V,3866.0,0.598,0.587,61.5204
TOI-4363 b,TOI-4363,1,1,Transit,2026.0,Transiting Exoplanet Survey Satellite (TESS),Published Confirmed,0,2.11867592279,1.76689273,,,,4278.45,0.69132,,77.7751
TOI-4364 b,TOI-4364,1,1,Transit,2025.0,Transiting Exoplanet Survey Satellite (TESS),Published Confirmed,0,5.424019,2.01,,488.0,M4 V,3528.0,0.4684,0.487,43.9662
TOI-4377 b,TOI-4377,1,1,Transit,2023.0,Transiting Exoplanet Survey Satellite (TESS),Published Confirmed,0,4.378081,15.10970598,304.1617855,,,4974.0,3.52,1.36,455.82
TOI-4379 b,TOI-4379,1,1,Transit,2024.0,Transiting Exoplanet Survey Satellite (TESS),Published Confirmed,0,3.25352,16.69017226,353.74301699,,,6020.0,1.976,1.372,645.158
TOI-4405 b,TOI-4405,1,1,Transit,2026.0,Transiting Exoplanet Survey Satellite (TESS),Published Confirmed,0,5.92143995316,2.55505441,,,,4467.38,0.687025,,155.501
TOI-4406 b,TOI-4406,1,1,Transit,2023.0,Transiting Exoplanet Survey Satellite (TESS),Published Confirmed,0,30.08364,11.2089807,95.3485221,904.0,,6219.0,1.29,1.19,261.834
TOI-4438 b,TOI-4438,1,1,Transit,2024.0,Transiting Exoplanet Survey Satellite (TESS),Published Confirmed,0,7.44628,2.52,5.4,435.0,M3.5 V,3422.0,0.372,0.368,30.0346
TOI-444 b,TOI-444,1,1,Transit,2023.0,Transiting Exoplanet Survey Satellite (TESS),Published Confirmed,0,17.9636,2.77,,609.0,K1/2 V,5225.0,0.779,0.96,57.3973
TOI-4443.01,TOI-4443,1,1,Transit,2024.0,Transiting Exoplanet Survey Satellite (TESS),Published Confirmed,0,1.8498567,1.7193265,,1638.82,,5834.0,1.01733,1.049133,56.0739
TOI-4463 A b,TOI-4463 A,2,1,Transit,2023.0,Transiting Exoplanet Survey Satellite (TESS),Published Confirmed,0,2.8807198,13.26022417,252.35575516,1395.0,,5640.0,1.062,1.056,173.117
TOI-4465 b,TOI-4465,1,1,Transit,2025.0,Transiting Exoplanet Survey Satellite (TESS),Published Confirmed,0,101.94054,14.01122587,1872.00931723,427.0,G V,5545.0,1.014,0.93,121.139
TOI-4479 b,TOI-4479,1,1,Transit,2022.0,Transiting Exoplanet Survey Satellite (TESS),Published Confirmed,0,1.1589,2.82,,861.0,M3.0,3400.0,0.451,0.452,80.6532
TOI-4487 A b,TOI-4487 A,2,1,Transit,2025.0,Transiting Exoplanet Survey Satellite (TESS),Published Confirmed,0,3.9540709,14.60530185,397.28550875,1639.0,,6206.0,1.634,1.378,479.145
TOI-4495 b,TOI-4495,1,2,Transit,2026.0,Transiting Exoplanet Survey Satellite (TESS),Published Confirmed,0,2.56699,2.483,7.7,1735.0,,6210.0,1.309,1.247,132.214
TOI-4495 c,TOI-4495,1,2,Transit,2024.0,Transiting Exoplanet Survey Satellite (TESS),Published Confirmed,0,5.18553,4.03,23.2,1365.0,,6210.0,1.309,1.247,132.214
TOI-4504 b,TOI-4504,1,3,Transit,2024.0,Transiting Exoplanet Survey Satellite (TESS),Published Confirmed,0,2.42614,2.691,,,K1 V,5315.0,0.92,0.89,342.605
TOI-4504 c,TOI-4504,1,3,Transit,2024.0,Transiting Exoplanet Survey Satellite (TESS),Published Confirmed,0,82.97213,11.09689089,1197.32317485,,K1 V,5315.0,0.92,0.89,342.605
TOI-4504 d,TOI-4504,1,3,Transit Timing Variations,2024.0,Multiple Observatories,Published Confirmed,0,40.5634,,450.23572136,,K1 V,5315.0,0.92,0.89,342.605
TOI-4507 b,TOI-4507,1,1,Transit,2025.0,Transiting Exoplanet Survey Satellite (TESS),Published Confirmed,0,104.61611,8.2,20.0,,F,6260.0,1.04,1.11,178.26
TOI-451 b,TOI-451,2,3,Transit,2020.0,Transiting Exoplanet Survey Satellite (TESS),Published Confirmed,0,1.8587033,1.84,4.7,1474.0,G8 V,5490.0,0.85,0.93,123.739
TOI-451 c,TOI-451,2,3,Transit,2020.0,Transiting Exoplanet Survey Satellite (TESS),Published Confirmed,0,9.192463,2.93,3.7,865.0,G8 V,5490.0,0.85,0.93,123.739
TOI-451 d,TOI-451,2,3,Transit,2020.0,Transiting Exoplanet Survey Satellite (TESS),Published Confirmed,0,16.364962,3.93,10.2,714.0,G8 V,5490.0,0.85,0.93,123.739
TOI-4511 b,TOI-4511,1,1,Transit,2026.0,Transiting Exoplanet Survey Satellite (TESS),Published Confirmed,0,10.98090968596,2.75304932,,,,5418.77,1.00145,,121.832
TOI-4513 b,TOI-4513,1,1,Transit,2026.0,Transiting Exoplanet Survey Satellite (TESS),Published Confirmed,0,9.76042253684,2.34587608,,,,5623.93,0.796628,,102.609
TOI-4515 b,TOI-4515,1,1,Transit,2024.0,Transiting Exoplanet Survey Satellite (TESS),Published Confirmed,0,15.266446,12.17,637.0,705.0,G8/G9,5433.0,0.86,0.949,193.499
TOI-4527.01,TOI-4527,1,1,Transit,2024.0,Transiting Exoplanet Survey Satellite (TESS),Published Confirmed,0,0.3994445,0.9086617,,1362.93,,3702.0,0.485948,0.483901,18.1037
TOI-4529 b,TOI-4529,1,1,Transit,2026.0,Transiting Exoplanet Survey Satellite (TESS),Published Confirmed,0,5.879577,1.77,4.9,511.0,M1.5 V,3697.0,0.48,0.482,28.384
TOI-4551 b,TOI-4551,1,1,Transit,2023.0,Transiting Exoplanet Survey Satellite (TESS),Published Confirmed,0,9.95581,11.85910158,473.56432643,,,4896.0,3.55,1.31,215.986
TOI-4552 b,TOI-4552,1,1,Transit,2026.0,Transiting Exoplanet Survey Satellite (TESS),Published Confirmed,0,0.30110032,1.11,1.83,1122.0,M4.5 V,3258.0,0.2869,0.2619,27.2684
TOI-4559 b,TOI-4559,1,1,Transit,2024.0,Transiting Exoplanet Survey Satellite (TESS),Published Confirmed,0,3.965991,1.415,,554.16,,3558.0,0.374,0.392,31.6354
TOI-4561 b,TOI-4561,1,1,Transit,2026.0,Transiting Exoplanet Survey Satellite (TESS),Published Confirmed,0,8.93547936706,1.77789214,,,,5537.93,0.851957,,179.008
TOI-4562 b,TOI-4562,1,2,Transit,2023.0,Transiting Exoplanet Survey Satellite (TESS),Published Confirmed,0,225.11781,12.53,732.0,318.0,F7 V,6096.0,1.152,1.192,339.605
TOI-4562 c,TOI-4562,1,2,Transit Timing Variations,2024.0,Multiple Observatories,Published Confirmed,0,3990.0,,1833.86990839,,F7 V,6096.0,1.152,1.192,339.605
TOI-4578 b,TOI-4578,1,1,Transit,2026.0,Transiting Exoplanet Survey Satellite (TESS),Published Confirmed,0,8.62392630369,2.26974262,,,,5951.32,0.878735,,182.249
TOI-4582 b,TOI-4582,1,1,Transit,2023.0,Transiting Exoplanet Survey Satellite (TESS),Published Confirmed,0,31.034,10.53644186,168.44905571,,,5190.0,2.5,1.34,383.846
TOI-4588 b,TOI-4588,1,1,Transit,2026.0,Kepler,Published Confirmed,0,13.11893914,,,,,7800.0,1.57458,1.85,225.181
TOI-4600 b,TOI-4600,1,2,Transit,2023.0,Transiting Exoplanet Survey Satellite (TESS),Published Confirmed,0,82.6869,6.8,959.84178914,347.0,K V,5170.0,0.81,0.89,216.056
TOI-4600 c,TOI-4600,1,2,Transit,2023.0,Transiting Exoplanet Survey Satellite (TESS),Published Confirmed,0,482.8191,9.42,2946.26933289,191.0,K V,5170.0,0.81,0.89,216.056
TOI-4602.01,TOI-4602,1,1,Transit,2024.0,Transiting Exoplanet Survey Satellite (TESS),Published Confirmed,0,3.9812091,2.550449,,1380.27,,6011.9,1.15664,1.116795,63.0637
TOI-4603 b,TOI-4603,1,1,Transit,2023.0,Transiting Exoplanet Survey Satellite (TESS),Published Confirmed,0,7.24599,11.67975789,4096.80816623,1677.0,F,6264.0,2.738,1.765,225.643
TOI-4633 c,TOI-4633,2,1,Transit,2024.0,Transiting Exoplanet Survey Satellite (TESS),Published Confirmed,0,271.9445,3.2,123.0,,G V,5800.0,1.05,1.1,95.2016
TOI-4638.01,TOI-4638,1,1,Transit,2024.0,Transiting Exoplanet Survey Satellite (TESS),Published Confirmed,0,10.283918787,2.933,,,,5700.0,0.895,1.02,168.248
TOI-4640 b,TOI-4640,1,1,Transit,2026.0,Transiting Exoplanet Survey Satellite (TESS),Published Confirmed,0,2.68566015238,2.84326517,,,,5743.01,1.06715,,245.089
TOI-4641 b,TOI-4641,1,1,Transit,2023.0,Transiting Exoplanet Survey Satellite (TESS),Published Confirmed,0,22.09341,8.18255591,1229.99593509,,,6560.0,1.72,1.41,86.3501
TOI-4662 b,TOI-4662,1,1,Transit,2026.0,Transiting Exoplanet Survey Satellite (TESS),Published Confirmed,0,4.70343764575,2.87998299,,,,4520.41,0.69375,,111.047
TOI-4666 b,TOI-4666,1,1,Transit,2025.0,Transiting Exoplanet Survey Satellite (TESS),Published Confirmed,0,2.9089165,12.53164042,155.41809102,695.0,M2&plusmn;0.5,3793.0,0.585,0.576,154.749
TOI-469.01,TOI-469,1,3,Transit,2021.0,Transiting Exoplanet Survey Satellite (TESS),Published Confirmed,0,13.63083,3.36,5.8,755.0,,5240.0,0.97,0.94,68.192
TOI-470 b,TOI-470,1,1,Transit,2023.0,Transiting Exoplanet Survey Satellite (TESS),Published Confirmed,0,12.19148,4.34,,660.0,G,5190.0,0.831,0.87,130.46
TOI-4734 b,TOI-4734,1,1,Transit,2025.0,Transiting Exoplanet Survey Satellite (TESS),Published Confirmed,0,6.235633,10.9175472,61.65871096,1468.0,,6070.0,1.857,1.391,563.068
TOI-4747 b,TOI-4747,1,1,Transit,2026.0,Transiting Exoplanet Survey Satellite (TESS),Published Confirmed,0,5.21924158592,3.95803201,,,,5595.08,0.988751,,304.615
TOI-4773 b,TOI-4773,1,1,Transit,2025.0,Transiting Exoplanet Survey Satellite (TESS),Published Confirmed,0,1.7452851,15.22179579,1687.66884117,2255.0,,6740.0,1.55,1.452,492.888
TOI-4791 b,TOI-4791,1,1,Transit,2023.0,Transiting Exoplanet Survey Satellite (TESS),Published Confirmed,0,4.28088,12.44196858,734.18362017,1472.0,,6058.0,1.409,1.242,328.802
TOI-4794 b,TOI-4794,1,1,Transit,2025.0,Transiting Exoplanet Survey Satellite (TESS),Published Confirmed,0,3.5658116,14.35870428,308.29355479,1673.0,,6390.0,1.451,1.25,543.008
TOI-480 b,TOI-480,1,1,Transit,2024.0,Transiting Exoplanet Survey Satellite (TESS),Published Confirmed,0,6.866196,2.85372018,20.8,1198.94,,6174.0,1.4877,1.2793,54.5306
TOI-481 b,TOI-481,1,1,Transit,2020.0,Transiting Exoplanet Survey Satellite (TESS),Published Confirmed,0,10.33111,11.09691,486.2799,1370.0,G,5735.0,1.66,1.14,179.366
TOI-4860 b,TOI-4860,1,1,Transit,2023.0,Transiting Exoplanet Survey Satellite (TESS),Published Confirmed,0,1.5227591,8.7,86.7,694.0,M3.5 V,3260.0,0.358,0.34,80.1423
TOI-4898 b,TOI-4898,1,1,Transit,2026.0,Transiting Exoplanet Survey Satellite (TESS),Published Confirmed,0,2.76520470167,3.7197954,,,,4201.57,0.639344,,98.5958
TOI-4914 b,TOI-4914,1,1,Transit,2024.0,Transiting Exoplanet Survey Satellite (TESS),Published Confirmed,0,10.60057,12.87,227.0,894.0,,5805.0,1.0,1.03,299.89
TOI-4930 b,TOI-4930,1,1,Transit,2026.0,Transiting Exoplanet Survey Satellite (TESS),Published Confirmed,0,6.78130241498,6.93277225,,,,5624.72,1.15926,,413.757
TOI-4940 b,TOI-4940,1,1,Transit,2025.0,Transiting Exoplanet Survey Satellite (TESS),Published Confirmed,0,25.867811,6.61,89.0,643.0,G8 V,5504.0,1.163,1.012,345.659
TOI-4961 b,TOI-4961,1,1,Transit,2025.0,Transiting Exoplanet Survey Satellite (TESS),Published Confirmed,0,7.479182,12.34108775,572.0911326,919.0,,5380.0,0.912,0.912,213.073
TOI-4994 b,TOI-4994,1,1,Transit,2024.0,Transiting Exoplanet Survey Satellite (TESS),Published Confirmed,0,21.491984,8.54124329,88.99195396,717.6,,5640.0,1.055,1.005,329.304
TOI-500 b,TOI-500,1,4,Transit,2022.0,Transiting Exoplanet Survey Satellite (TESS),Published Confirmed,0,0.548177,1.166,1.42,1617.0,K6 V,4440.0,0.678,0.74,47.3924
TOI-500 c,TOI-500,1,4,Radial Velocity,2022.0,La Silla Observatory,Published Confirmed,0,6.6356,,5.03,,K6 V,4440.0,0.678,0.74,47.3924
TOI-500 d,TOI-500,1,4,Radial Velocity,2022.0,La Silla Observatory,Published Confirmed,0,26.233,,33.12,,K6 V,4440.0,0.678,0.74,47.3924
TOI-500 e,TOI-500,1,4,Radial Velocity,2022.0,La Silla Observatory,Published Confirmed,0,61.3,,15.05,,K6 V,4440.0,0.678,0.74,47.3924
TOI-5005 b,TOI-5005,1,1,Transit,2024.0,Transiting Exoplanet Survey Satellite (TESS),Published Confirmed,0,6.3085044,6.25,32.7,1040.0,G2 V,5749.0,0.93,0.97,207.891
TOI-5007 b,TOI-5007,1,1,Transit,2026.0,Transiting Exoplanet Survey Satellite (TESS),Published Confirmed,0,2.543371,11.07447293,211.03806225,774.0,M1&plusmn;0.5,3793.0,0.656,0.632,203.352
TOI-5027 b,TOI-5027,1,1,Transit,2025.0,Transiting Exoplanet Survey Satellite (TESS),Published Confirmed,0,10.24368,10.76062147,642.01338214,1056.0,,5909.0,0.92,1.02,204.429
TOI-5076 b,TOI-5076,2,1,Transit,2024.0,Transiting Exoplanet Survey Satellite (TESS),Published Confirmed,0,23.445,3.2,16.0,615.0,K2 V,5070.0,0.78,0.8,82.857
TOI-5082.01,TOI-5082,1,1,Transit,2024.0,Transiting Exoplanet Survey Satellite (TESS),Published Confirmed,0,4.240122,2.54811,,1164.91,,5670.0,0.93,0.99665,43.1406
TOI-5108 b,TOI-5108,1,1,Transit,2025.0,Transiting Exoplanet Survey Satellite (TESS),Published Confirmed,0,6.753581,6.6,32.0,1180.0,,5808.0,1.29,1.1,130.919
TOI-5110 b,TOI-5110,1,1,Transit,2024.0,Transiting Exoplanet Survey Satellite (TESS),Published Confirmed,0,30.158577,11.98240037,921.7023803,976.0,,6160.0,2.333,1.469,392.259
TOI-512 b,TOI-512,1,1,Transit,2025.0,Transiting Exoplanet Survey Satellite (TESS),Published Confirmed,0,7.18886,1.54,3.57,1009.0,,5277.0,0.89,0.74,67.3975
TOI-5126 b,TOI-5126,1,2,Transit,2023.0,Transiting Exoplanet Survey Satellite (TESS),Published Confirmed,0,5.4588385,4.74,,1442.0,F V,6150.0,1.241,1.24,160.414
TOI-5126 c,TOI-5126,1,2,Transit,2023.0,Transiting Exoplanet Survey Satellite (TESS),Published Confirmed,0,17.8999,3.86,,971.0,F V,6150.0,1.241,1.24,160.414
TOI-5143 c,TOI-5143,1,1,Transit,2025.0,Transiting Exoplanet Survey Satellite (TESS),Published Confirmed,0,5.2097118,16.25302201,,,K V,5183.0,0.852,0.864,181.38
TOI-5153 b,TOI-5153,1,1,Transit,2022.0,Transiting Exoplanet Survey Satellite (TESS),Published Confirmed,0,20.33003,11.88151954,1036.12060682,906.0,F8 V,6300.0,1.4,1.24,390.484
TOI-5159 b,TOI-5159,1,1,Transit,2026.0,Transiting Exoplanet Survey Satellite (TESS),Published Confirmed,0,5.83639428843,1.54732112,,,,5156.16,0.854084,,55.1788
TOI-5160 b,TOI-5160,1,1,Transit,2026.0,Transiting Exoplanet Survey Satellite (TESS),Published Confirmed,0,4.280773256,2.39729851,,,,5622.14,1.03315,,151.465
TOI-5174 b,TOI-5174,1,1,Transit,2022.0,Transiting Exoplanet Survey Satellite (TESS),Published Confirmed,0,12.214286,5.351,,,,5643.77,1.09457,1.0,197.243
TOI-5181 A b,TOI-5181 A,2,1,Transit,2025.0,Transiting Exoplanet Survey Satellite (TESS),Published Confirmed,0,3.8922295,13.34989601,330.54154328,1585.0,,6060.0,1.53,1.25,480.155
TOI-519 b,TOI-519,1,1,Transit,2021.0,Transiting Exoplanet Survey Satellite (TESS),Published Confirmed,0,1.2652328,11.99363,4449.62,760.0,M3.5,3350.0,0.373,0.369,115.557
TOI-5205 b,TOI-5205,1,1,Transit,2023.0,Transiting Exoplanet Survey Satellite (TESS),Published Confirmed,0,1.630757,11.6,343.0,737.0,M4.0,3430.0,0.394,0.392,86.4493
TOI-521 b,TOI-521,1,1,Transit,2025.0,Transiting Exoplanet Survey Satellite (TESS),Published Confirmed,0,1.54285047,1.98,5.3,794.0,M3,3544.0,0.421,0.42,60.9425
TOI-5210 b,TOI-5210,1,1,Transit,2025.0,Transiting Exoplanet Survey Satellite (TESS),Published Confirmed,0,4.5661061,10.72699453,81.99972901,1286.0,,5723.0,1.209,1.105,302.086
TOI-5218 b,TOI-5218,1,1,Transit,2024.0,Transiting Exoplanet Survey Satellite (TESS),Published Confirmed,0,4.291452,9.86,657.0,783.0,,4230.0,0.708,0.739,377.483
TOI-5232 b,TOI-5232,1,1,Transit,2024.0,Transiting Exoplanet Survey Satellite (TESS),Published Confirmed,0,4.0966692,12.778238,743.71847238,1772.0,,6500.0,1.785,1.389,609.388
TOI-5238 b,TOI-5238,1,1,Transit,2022.0,Transiting Exoplanet Survey Satellite (TESS),Published Confirmed,0,4.872171,5.22,,,,5631.0,1.02283,1.0,290.646
TOI-5261 b,TOI-5261,1,1,Transit,2025.0,Transiting Exoplanet Survey Satellite (TESS),Published Confirmed,0,4.1509768,11.60129502,3651.84839643,1244.0,,5790.0,1.021,1.037,377.054
TOI-5292 A b,TOI-5292 A,1,1,Transit,2026.0,Transiting Exoplanet Survey Satellite (TESS),Published Confirmed,0,2.02191,12.64373023,412.85910069,809.0,M0&plusmn;0.5,3919.0,0.611,0.596,337.095
TOI-5293 A b,TOI-5293 A,2,1,Transit,2023.0,Transiting Exoplanet Survey Satellite (TESS),Published Confirmed,0,2.930289,11.9,170.4,675.0,M3+/-1,3586.0,0.52,0.54,162.229
TOI-530 b,TOI-530,1,1,Transit,2021.0,Transiting Exoplanet Survey Satellite (TESS),Published Confirmed,0,6.387597,9.30345398,127.1313628,565.0,M0.5 V,3659.0,0.54,0.53,148.762
TOI-5300 b,TOI-5300,1,1,Transit,2025.0,Transiting Exoplanet Survey Satellite (TESS),Published Confirmed,0,2.262196,9.86390302,190.6970442,1043.0,K4 V,4610.0,0.65,0.67,162.51
TOI-5301 b,TOI-5301,1,1,Transit,2024.0,Transiting Exoplanet Survey Satellite (TESS),Published Confirmed,0,5.858857,13.5292397,1080.6165838,1682.0,,6240.0,2.19,1.483,629.161
TOI-5319 b,TOI-5319,1,1,Transit,2024.0,Transiting Exoplanet Survey Satellite (TESS),Published Confirmed,0,4.07853,2.83,,695.0,M,3580.0,0.485,0.5,61.171
TOI-532 b,TOI-532,1,1,Transit,2021.0,Transiting Exoplanet Survey Satellite (TESS),Published Confirmed,0,2.3266508,5.82,61.5,867.0,,3927.0,0.612,0.639,135.047
TOI-5322 b,TOI-5322,1,1,Transit,2025.0,Transiting Exoplanet Survey Satellite (TESS),Published Confirmed,0,5.4233207,16.6117094,184.02264765,1350.0,,5692.0,1.462,0.998,476.899
TOI-5335 b,TOI-5335,1,1,Transit,2026.0,Transiting Exoplanet Survey Satellite (TESS),Published Confirmed,0,3.61365988443,4.02422162,,,,5528.92,0.916633,,331.289
TOI-5340 b,TOI-5340,1,1,Transit,2025.0,Transiting Exoplanet Survey Satellite (TESS),Published Confirmed,0,4.9394392,15.07607904,270.15414595,1566.0,,5990.0,1.842,1.35,532.629
TOI-5344 b,TOI-5344,1,1,Transit,2023.0,Transiting Exoplanet Survey Satellite (TESS),Published Confirmed,0,3.792622,9.7,135.0,679.0,,3770.0,0.563,0.59,138.367
TOI-5349 b,TOI-5349,1,1,Transit,2026.0,Transiting Exoplanet Survey Satellite (TESS),Published Confirmed,0,3.317921,10.2,127.4,719.0,M1+/-0.5,3751.0,0.58,0.61,188.336
TOI-5350 b,TOI-5350,1,1,Transit,2025.0,Transiting Exoplanet Survey Satellite (TESS),Published Confirmed,0,7.581367,12.41955062,2094.48920213,1195.0,,6220.0,1.263,1.167,277.419
TOI-5380 b,TOI-5380,1,1,Transit,2026.0,Transiting Exoplanet Survey Satellite (TESS),Published Confirmed,0,3.77229247873,3.48093238,,,,6400.78,1.5621,,286.781
TOI-5386 A b,TOI-5386 A,2,1,Transit,2025.0,Transiting Exoplanet Survey Satellite (TESS),Published Confirmed,0,3.62156552,14.70618268,155.10026262,1488.0,,6094.0,1.245,1.165,394.486
TOI-5388.01,TOI-5388,1,1,Transit,2024.0,Transiting Exoplanet Survey Satellite (TESS),Published Confirmed,0,2.5946748,0.99,2.2,488.0,M3.0 V,3440.0,0.3,0.292,18.5226
TOI-5398 b,TOI-5398,1,2,Transit,2022.0,Transiting Exoplanet Survey Satellite (TESS),Published Confirmed,0,10.590547,10.3,58.7,947.0,G V,6000.0,1.051,1.146,130.855
TOI-5398 c,TOI-5398,1,2,Transit,2023.0,Transiting Exoplanet Survey Satellite (TESS),Published Confirmed,0,4.77271,3.52,11.8,1242.0,G V,6000.0,1.051,1.146,130.855
TOI-540 b,TOI-540,1,1,Transit,2020.0,Transiting Exoplanet Survey Satellite (TESS),Published Confirmed,0,1.2391491,0.903,,611.0,M V,3216.0,0.1895,0.159,14.0022
TOI-5422 b,TOI-5422,1,1,Transit,2026.0,Transiting Exoplanet Survey Satellite (TESS),Published Confirmed,0,5.377219,9.10169233,8899.195396,1369.0,,5820.0,1.474,1.066,346.141
TOI-544 b,TOI-544,1,2,Transit,2022.0,Transiting Exoplanet Survey Satellite (TESS),Published Confirmed,0,1.548352,2.018,2.89,999.0,,4169.0,0.623,0.631,41.1166
TOI-544 c,TOI-544,1,2,Radial Velocity,2023.0,La Silla Observatory,Published Confirmed,0,50.089,,21.5,,,4169.0,0.623,0.631,41.1166
TOI-5486 b,TOI-5486,1,1,Transit,2026.0,Transiting Exoplanet Survey Satellite (TESS),Published Confirmed,0,2.02470073205,3.96824928,,,,3750.17,0.553216,,89.6811
TOI-5489 b,TOI-5489,1,2,Transit,2025.0,Transiting Exoplanet Survey Satellite (TESS),Published Confirmed,0,3.15222,1.4,,624.0,,3547.0,0.42,0.41,45.0907
TOI-5489 c,TOI-5489,1,2,Transit,2025.0,Transiting Exoplanet Survey Satellite (TESS),Published Confirmed,0,4.92126,1.28,,536.0,,3547.0,0.42,0.41,45.0907
TOI-5502 b,TOI-5502,1,1,Transit,2026.0,Transiting Exoplanet Survey Satellite (TESS),Published Confirmed,0,11.62592988285,4.1287378,,,,6088.71,1.32375,,248.654
TOI-5515 b,TOI-5515,1,1,Transit,2026.0,Transiting Exoplanet Survey Satellite (TESS),Published Confirmed,0,8.59225810839,2.65362762,,,,5483.65,0.835682,,135.459
TOI-5532 b,TOI-5532,1,1,Transit,2026.0,Transiting Exoplanet Survey Satellite (TESS),Published Confirmed,0,5.6539659431,2.52763693,,,,4208.45,0.662052,,90.9985
TOI-5542 b,TOI-5542,1,1,Transit,2022.0,Transiting Exoplanet Survey Satellite (TESS),Published Confirmed,0,75.12375,11.30986153,419.53349724,441.0,G3 V,5700.0,1.058,0.89,348.849
TOI-5573 b,TOI-5573,1,1,Transit,2025.0,Transiting Exoplanet Survey Satellite (TESS),Published Confirmed,0,8.79758977,9.75,112.0,528.0,,3790.0,0.594,0.619,186.562
TOI-558 b,TOI-558,1,1,Transit,2021.0,Transiting Exoplanet Survey Satellite (TESS),Published Confirmed,0,14.574071,12.17295304,1147.36054927,1061.0,F V,6466.0,1.496,1.349,402.63
TOI-559 b,TOI-559,1,1,Transit,2021.0,Transiting Exoplanet Survey Satellite (TESS),Published Confirmed,0,6.9839095,12.22899794,1910.14872607,1180.0,G V,5925.0,1.233,1.026,233.266
TOI-5592 b,TOI-5592,1,1,Transit,2025.0,Transiting Exoplanet Survey Satellite (TESS),Published Confirmed,0,2.6085846,17.14974047,285.72773789,1789.0,,6237.0,1.393,1.194,597.026
TOI-5595 b,TOI-5595,1,1,Transit,2026.0,Transiting Exoplanet Survey Satellite (TESS),Published Confirmed,0,5.99002553853,4.73740402,,,,4417.3,0.743344,,136.955
TOI-5599 b,TOI-5599,1,1,Transit,2026.0,Transiting Exoplanet Survey Satellite (TESS),Published Confirmed,0,5.43691503941,7.1888212,,,,6137.02,1.91334,,547.948
TOI-5605 b,TOI-5605,1,1,Transit,2026.0,Transiting Exoplanet Survey Satellite (TESS),Published Confirmed,0,5.91340454843,2.52611303,,,,4583.79,0.736044,,95.0735
TOI-561 b,TOI-561,1,4,Transit,2020.0,Transiting Exoplanet Survey Satellite (TESS),Published Confirmed,0,0.4465688,1.425,2.0,2310.0,G9 V,5372.0,0.843,0.806,85.799
TOI-561 c,TOI-561,1,4,Transit,2020.0,Transiting Exoplanet Survey Satellite (TESS),Published Confirmed,0,10.778831,2.91,5.39,800.0,G9 V,5372.0,0.843,0.806,85.799
TOI-561 d,TOI-561,1,4,Transit,2020.0,Transiting Exoplanet Survey Satellite (TESS),Published Confirmed,1,25.7124,2.82,13.2,598.0,G9 V,5372.0,0.843,0.806,85.799
TOI-561 e,TOI-561,1,4,Transit,2020.0,Transiting Exoplanet Survey Satellite (TESS),Published Confirmed,1,77.03,2.55,12.6,415.0,G9 V,5372.0,0.843,0.806,85.799
TOI-5614 b,TOI-5614,1,1,Transit,2026.0,Transiting Exoplanet Survey Satellite (TESS),Published Confirmed,0,4.17221328949,3.21759316,,,,4553.0,0.734919,,223.016
TOI-5616 b,TOI-5616,1,1,Transit,2024.0,Transiting Exoplanet Survey Satellite (TESS),Published Confirmed,0,2.002849,10.78,624.0,939.0,,3996.0,0.646,0.666,390.415
TOI-5624 b,TOI-5624,1,5,Transit,2026.0,Transiting Exoplanet Survey Satellite (TESS),Published Confirmed,0,3.3903473,2.314,9.4,1136.0,,5327.0,0.82,0.858,101.913
TOI-5624 c,TOI-5624,1,5,Transit,2026.0,Transiting Exoplanet Survey Satellite (TESS),Published Confirmed,0,7.885385,2.474,4.8,857.0,,5327.0,0.82,0.858,101.913
TOI-5624 d,TOI-5624,1,5,Transit,2026.0,Transiting Exoplanet Survey Satellite (TESS),Published Confirmed,0,13.731468,3.584,4.9,712.6,,5327.0,0.82,0.858,101.913
TOI-5624 e,TOI-5624,1,5,Transit,2026.0,Transiting Exoplanet Survey Satellite (TESS),Published Confirmed,0,21.489936,3.247,8.9,613.8,,5327.0,0.82,0.858,101.913
TOI-5624 f,TOI-5624,1,5,Transit Timing Variations,2026.0,Multiple Observatories,Published Confirmed,0,45.37,,13.0,478.5,,5327.0,0.82,0.858,101.913
TOI-5630 b,TOI-5630,1,1,Transit,2026.0,Transiting Exoplanet Survey Satellite (TESS),Published Confirmed,0,3.22118452536,2.37117553,,,,5385.64,0.933361,,134.047
TOI-5634 A b,TOI-5634 A,2,1,Transit,2024.0,Transiting Exoplanet Survey Satellite (TESS),Published Confirmed,0,2.2035373,10.42,588.0,837.0,,3896.0,0.54,0.556,306.144
TOI-564 b,TOI-564,1,1,Transit,2020.0,Transiting Exoplanet Survey Satellite (TESS),Published Confirmed,0,1.651144,11.43318,464.98529,1714.0,,5640.0,1.088,0.998,199.581
TOI-5678 b,TOI-5678,1,1,Transit,2023.0,Transiting Exoplanet Survey Satellite (TESS),Published Confirmed,0,47.73022,4.91,20.0,513.0,G7 V,5485.0,0.938,0.905,165.393
TOI-5688 A b,TOI-5688 A,2,1,Transit,2024.0,Transiting Exoplanet Survey Satellite (TESS),Published Confirmed,0,2.94815527,10.3,124.0,742.0,,3713.0,0.57,0.6,226.318
TOI-5704 b,TOI-5704,1,1,Transit,2023.0,Transiting Exoplanet Survey Satellite (TESS),Published Confirmed,0,3.771116,3.2274,,949.07,,4590.0,0.7575,0.73,89.637
TOI-5713 b,TOI-5713,1,1,Transit,2024.0,Transiting Exoplanet Survey Satellite (TESS),Published Confirmed,0,10.441989,1.77,,347.2,M3.5+/-0.5,3225.0,0.2992,0.2653,40.8668
TOI-5716 b,TOI-5716,1,1,Transit,2025.0,Transiting Exoplanet Survey Satellite (TESS),Published Confirmed,0,6.7663,0.96,,400.0,,3436.0,0.22,0.19,39.4122
TOI-5720 b,TOI-5720,1,1,Transit,2024.0,Transiting Exoplanet Survey Satellite (TESS),Published Confirmed,0,1.4344555,1.09,4.3,708.0,M3.5 +/- 1.0,3325.0,0.383,0.383,35.8256
TOI-5726.01,TOI-5726,1,1,Transit,2024.0,Transiting Exoplanet Survey Satellite (TESS),Published Confirmed,0,5.491125215,2.554,,,,5874.0,1.106,1.06,108.848
TOI-5728 b,TOI-5728,1,1,Transit,2025.0,Transiting Exoplanet Survey Satellite (TESS),Published Confirmed,0,11.49761,1.31,,382.0,,3419.0,0.37,0.36,54.7045
TOI-5734 b,TOI-5734,1,1,Transit,2026.0,Transiting Exoplanet Survey Satellite (TESS),Published Confirmed,0,6.1841876,2.1,9.1,688.0,K3-K4 V,4750.0,0.639,0.724,32.5102
TOI-5736 b,TOI-5736,1,1,Transit,2025.0,Transiting Exoplanet Survey Satellite (TESS),Published Confirmed,0,0.64899,1.56,,1311.0,,3949.0,0.58,0.57,92.3604
TOI-5777 b,TOI-5777,1,1,Transit,2026.0,Transiting Exoplanet Survey Satellite (TESS),Published Confirmed,0,6.91716177373,3.09551273,,,,4408.03,0.671912,,114.277
TOI-5786 b,TOI-5786,2,1,Transit,2025.0,Transiting Exoplanet Survey Satellite (TESS),Published Confirmed,0,12.779107,8.54,73.0,1040.0,,6235.0,1.36,1.23,192.475
TOI-5788 b,TOI-5788,1,2,Transit,2026.0,Transiting Exoplanet Survey Satellite (TESS),Published Confirmed,0,6.340758,1.528,3.72,910.0,,5615.0,0.87,0.87,97.614
TOI-5788 c,TOI-5788,1,2,Transit,2026.0,Transiting Exoplanet Survey Satellite (TESS),Published Confirmed,0,16.213362,2.272,6.4,667.0,,5615.0,0.87,0.87,97.614
TOI-5789 b,TOI-5789,1,4,Radial Velocity,2026.0,Multiple Observatories,Published Confirmed,0,2.76369,,2.12,1201.0,K1 V,5185.0,0.833,0.821,20.4581
TOI-5789 c,TOI-5789,1,4,Transit,,Transiting Exoplanet Survey Satellite (TESS),Published Confirmed,0,12.927748,2.86,5.0,718.0,K1 V,5185.0,0.833,0.821,20.4581
TOI-5789 d,TOI-5789,1,4,Radial Velocity,2026.0,Multiple Observatories,Published Confirmed,0,29.65,,4.29,545.0,K1 V,5185.0,0.833,0.821,20.4581
TOI-5789 e,TOI-5789,1,4,Radial Velocity,2026.0,Multiple Observatories,Published Confirmed,0,62.98,,11.61,424.0,K1 V,5185.0,0.833,0.821,20.4581
TOI-5795 b,TOI-5795,1,1,Transit,2025.0,Transiting Exoplanet Survey Satellite (TESS),Published Confirmed,0,6.1406325,5.62,23.66,1136.78,G3 V,5715.0,1.082,0.901,156.53
TOI-5799 b,TOI-5799,1,2,Transit,2024.0,Transiting Exoplanet Survey Satellite (TESS),Published Confirmed,0,4.164507,1.733,,505.0,M2 V,3452.0,0.321,0.325,27.8123
TOI-5799 c,TOI-5799,1,2,Transit,2025.0,Transiting Exoplanet Survey Satellite (TESS),Published Confirmed,0,14.010449,1.76,,337.0,M2 V,3452.0,0.321,0.325,27.8123
TOI-5800 b,TOI-5800,1,1,Transit,2025.0,Transiting Exoplanet Survey Satellite (TESS),Published Confirmed,0,2.627882,2.68,10.8,1119.0,K3 V,4830.0,0.8,0.79,42.9052
TOI-5803 b,TOI-5803,1,1,Transit,2023.0,Transiting Exoplanet Survey Satellite (TESS),Published Confirmed,0,5.38305,3.2732,,678.87,,5134.0,0.7625,0.87,84.0126
TOI-5817 b,TOI-5817,2,1,Transit,2025.0,Transiting Exoplanet Survey Satellite (TESS),Published Confirmed,0,15.61031,3.08,10.3,950.0,G2 IV-V,5770.0,1.427,0.97,80.7542
TOI-5882 b,TOI-5882,1,1,Transit,2025.0,Transiting Exoplanet Survey Satellite (TESS),Published Confirmed,0,7.148973,11.83668362,7720.05200603,1537.0,,6060.0,2.334,1.549,416.104
TOI-5916 b,TOI-5916,1,1,Transit,2026.0,Transiting Exoplanet Survey Satellite (TESS),Published Confirmed,0,2.367128,11.35469745,226.61165419,683.0,M2&plusmn;0.5,3613.0,0.48,0.477,199.724
TOI-5926 b,TOI-5926,1,1,Transit,2026.0,Transiting Exoplanet Survey Satellite (TESS),Published Confirmed,0,3.81122794237,7.56807148,,,,5388.92,0.890046,,275.103
TOI-5938 b,TOI-5938,1,1,Transit,2026.0,Transiting Exoplanet Survey Satellite (TESS),Published Confirmed,0,2.260424,3.82,,1077.0,,4650.0,0.712,0.744,114.035
TOI-6000 b,TOI-6000,1,1,Transit,2025.0,Transiting Exoplanet Survey Satellite (TESS),Published Confirmed,0,0.448959,0.94,,1120.0,,3419.0,0.38,0.37,75.7664
TOI-6002 b,TOI-6002,1,1,Transit,2024.0,Transiting Exoplanet Survey Satellite (TESS),Published Confirmed,0,10.904821,1.65,,321.4,M3.5+/-0.5,3229.0,0.2432,0.2101,32.0266
TOI-6008 b,TOI-6008,1,1,Transit,2024.0,Transiting Exoplanet Survey Satellite (TESS),Published Confirmed,0,0.8574347,1.03,4.0,707.0,M5.0,3075.0,0.242,0.23,23.1008
TOI-6016 b,TOI-6016,1,1,Transit,2024.0,Transiting Exoplanet Survey Satellite (TESS),Published Confirmed,0,4.023687,13.67495645,371.85923619,1890.0,F,6110.0,1.51,1.31,364.715
TOI-6029 b,TOI-6029,1,1,Transit,2024.0,Transiting Exoplanet Survey Satellite (TESS),Published Confirmed,0,5.7987,14.39233122,519.64944544,,,6223.0,2.338,1.548,603.119
TOI-6034 b,TOI-6034,2,1,Transit,2024.0,Transiting Exoplanet Survey Satellite (TESS),Published Confirmed,0,2.576184,11.92,254.0,714.0,,3635.0,0.489,0.514,117.992
TOI-6038 A b,TOI-6038 A,2,1,Transit,2025.0,Transiting Exoplanet Survey Satellite (TESS),Published Confirmed,0,5.8267311,6.41,78.5,1439.0,,6110.0,1.648,1.291,179.147
TOI-6041 b,TOI-6041,1,2,Transit,2025.0,Transiting Exoplanet Survey Satellite (TESS),Published Confirmed,0,26.04945,4.55,28.9,605.6,G7,5445.0,0.879,0.885,72.4731
TOI-6041 c,TOI-6041,1,2,Radial Velocity,2025.0,Multiple Observatories,Published Confirmed,0,88.0,,77.9,403.5,G7,5445.0,0.879,0.885,72.4731
TOI-6054.01,TOI-6054,1,2,Transit,2024.0,Transiting Exoplanet Survey Satellite (TESS),Published Confirmed,0,7.501428,2.64,12.5,1360.0,,6047.0,1.662,1.107,79.407
TOI-6054.02,TOI-6054,1,2,Transit,2024.0,Transiting Exoplanet Survey Satellite (TESS),Published Confirmed,0,12.563636,2.82,9.3,1143.0,,6047.0,1.662,1.107,79.407
TOI-6080 b,TOI-6080,1,1,Transit,2026.0,Transiting Exoplanet Survey Satellite (TESS),Published Confirmed,0,8.05562348084,3.32424168,,,,5775.46,1.06221,,188.183
TOI-6086 b,TOI-6086,1,1,Transit,2024.0,Transiting Exoplanet Survey Satellite (TESS),Published Confirmed,0,1.3888725,1.18,,634.0,M3.0,3200.0,0.259,0.254,31.4566
TOI-6109 b,TOI-6109,1,2,Transit,2025.0,Transiting Exoplanet Survey Satellite (TESS),Published Confirmed,0,5.690476,4.8704,,,G3,5660.0,1.021,1.03,151.738
TOI-6109 c,TOI-6109,1,2,Transit,2025.0,Transiting Exoplanet Survey Satellite (TESS),Published Confirmed,0,8.538878,4.8326,,,G3,5660.0,1.021,1.03,151.738
TOI-6130 b,TOI-6130,1,1,Transit,2024.0,Transiting Exoplanet Survey Satellite (TESS),Published Confirmed,0,2.392679,14.3474953,333.71982735,1750.0,F,6110.0,1.51,1.31,220.882
TOI-615 b,TOI-615,1,1,Transit,2023.0,Transiting Exoplanet Survey Satellite (TESS),Published Confirmed,0,4.6615983,18.97680433,138.25535705,1666.0,F2 V,6850.0,1.732,1.449,360.408
TOI-620 b,TOI-620,1,1,Transit,2022.0,Transiting Exoplanet Survey Satellite (TESS),Published Confirmed,0,5.0988179,3.76,,603.6,M2.5 V,3708.0,0.55,0.577,33.0231
TOI-622 b,TOI-622,1,1,Transit,2023.0,Transiting Exoplanet Survey Satellite (TESS),Published Confirmed,0,6.402513,9.2362001,96.30200732,1388.0,F6 V,6400.0,1.415,1.313,123.297
TOI-6223 b,TOI-6223,1,1,Transit,2025.0,Transiting Exoplanet Survey Satellite (TESS),Published Confirmed,0,3.855219,5.07,,714.0,M0 V,3895.0,0.576,0.582,133.122
TOI-6255 b,TOI-6255,1,1,Transit,2024.0,Transiting Exoplanet Survey Satellite (TESS),Published Confirmed,0,0.23818244,1.079,1.44,,,3421.0,0.37,0.353,20.3167
TOI-628 b,TOI-628,1,1,Transit,2021.0,Transiting Exoplanet Survey Satellite (TESS),Published Confirmed,0,3.4095675,11.88154,2011.8639,1586.0,,6250.0,1.345,1.311,178.68
TOI-6281 b,TOI-6281,1,1,Transit,2026.0,Transiting Exoplanet Survey Satellite (TESS),Published Confirmed,0,1.05426244177,1.92416074,,,,4533.23,0.874219,,57.7451
TOI-6303 b,TOI-6303,1,1,Transit,2025.0,Transiting Exoplanet Survey Satellite (TESS),Published Confirmed,0,9.485236,11.59,2493.0,541.0,,3977.0,0.609,0.644,152.219
TOI-6324 b,TOI-6324,1,1,Transit,2025.0,Transiting Exoplanet Survey Satellite (TESS),Published Confirmed,0,0.279221,1.059,1.17,1216.0,,3247.0,0.293,0.269,20.5488
TOI-6330 b,TOI-6330,1,1,Transit,2025.0,Transiting Exoplanet Survey Satellite (TESS),Published Confirmed,0,6.8500246,10.89,3179.0,495.0,,3539.0,0.49,0.531,139.042
TOI-6383 A b,TOI-6383 A,2,1,Transit,2024.0,Transiting Exoplanet Survey Satellite (TESS),Published Confirmed,0,1.79058695,11.29,331.0,745.0,M3,3444.0,0.457,0.458,171.319
TOI-6393 b,TOI-6393,1,1,Transit,2026.0,Transiting Exoplanet Survey Satellite (TESS),Published Confirmed,0,9.53176110329,2.75958542,,,,5008.2,0.766023,,186.229
TOI-640 b,TOI-640,1,1,Transit,2021.0,Transiting Exoplanet Survey Satellite (TESS),Published Confirmed,0,5.003777,19.2794468,181.16219199,1816.0,,6460.0,2.082,1.536,341.997
TOI-6420 b,TOI-6420,1,1,Transit,2025.0,Transiting Exoplanet Survey Satellite (TESS),Published Confirmed,0,6.961508,11.93756445,2606.1929374,1213.0,,6020.0,1.312,1.165,634.712
TOI-6448 b,TOI-6448,1,1,Transit,2025.0,Transiting Exoplanet Survey Satellite (TESS),Published Confirmed,0,14.844261,8.47398941,,745.0,,5910.0,0.897,1.03,386.879
TOI-6478 b,TOI-6478,2,1,Transit,2025.0,Transiting Exoplanet Survey Satellite (TESS),Published Confirmed,0,34.005019,4.6,,204.4,M4.0+/-0.5,3230.0,0.234,0.23,38.6057
TOI-654.01,TOI-654,1,1,Transit,2024.0,Transiting Exoplanet Survey Satellite (TESS),Published Confirmed,0,1.527561,2.378,8.71,794.0,M2 V,3521.0,0.43,0.419,57.7553
TOI-6628 b,TOI-6628,1,1,Transit,2025.0,Transiting Exoplanet Survey Satellite (TESS),Published Confirmed,0,18.18424,10.98480109,235.19302118,833.0,,5463.0,1.01,0.97,320.527
TOI-663 b,TOI-663,1,3,Transit,2024.0,Transiting Exoplanet Survey Satellite (TESS),Published Confirmed,0,2.598902,2.27,4.45,674.0,M1 V,3681.0,0.512,0.514,64.2308
TOI-663 c,TOI-663,1,3,Transit,2024.0,Transiting Exoplanet Survey Satellite (TESS),Published Confirmed,0,4.6955507,2.26,3.65,553.0,M1 V,3681.0,0.512,0.514,64.2308
TOI-663 d,TOI-663,1,3,Transit,2024.0,Transiting Exoplanet Survey Satellite (TESS),Published Confirmed,0,7.1027268,1.92,5.2,482.0,M1 V,3681.0,0.512,0.514,64.2308
TOI-6651 b,TOI-6651,1,1,Transit,2024.0,Transiting Exoplanet Survey Satellite (TESS),Published Confirmed,0,5.056973,5.09,61.0,1493.0,,5940.0,1.721,1.323,212.128
TOI-6677 b,TOI-6677,1,1,Transit,2026.0,Transiting Exoplanet Survey Satellite (TESS),Published Confirmed,0,5.45060661625,5.83507112,,,,6572.28,1.57167,,340.52
TOI-669 b,TOI-669,1,1,Transit,2023.0,Transiting Exoplanet Survey Satellite (TESS),Published Confirmed,0,3.94515,2.6,9.8,1235.0,,5600.0,0.99,0.9,142.867
TOI-6692 b,TOI-6692,1,1,Transit,2026.0,Transiting Exoplanet Survey Satellite (TESS),Published Confirmed,0,131.125,11.67975789,197.05361234,467.0,,5890.0,1.385,1.047,312.903
TOI-6695 b,TOI-6695,1,2,Transit,2025.0,Transiting Exoplanet Survey Satellite (TESS),Published Confirmed,0,80.389,9.52763359,66.74396547,599.0,F5V-G0V,6400.0,1.517,1.338,282.536
TOI-6695 c,TOI-6695,1,2,Radial Velocity,2025.0,Multiple Observatories,Published Confirmed,0,242.4,,460.85119015,415.0,F5V-G0V,6400.0,1.517,1.338,282.536
TOI-6699 b,TOI-6699,1,1,Transit,2026.0,Transiting Exoplanet Survey Satellite (TESS),Published Confirmed,0,5.32005926761,2.32645266,,,,4705.1,0.75309,,85.8463
TOI-6707 b,TOI-6707,1,1,Transit,2026.0,Transiting Exoplanet Survey Satellite (TESS),Published Confirmed,0,3.83479363758,5.72673066,,,,6289.49,1.58202,,641.467
TOI-6716 b,TOI-6716,1,1,Transit,2026.0,Transiting Exoplanet Survey Satellite (TESS),Published Confirmed,0,4.7185898,0.982,,369.0,M4,3110.0,0.231,0.223,18.8873
TOI-672 b,TOI-672,1,1,Transit,2023.0,Transiting Exoplanet Survey Satellite (TESS),Published Confirmed,0,3.633581,5.31,50.9,699.5,M0 V,3810.0,0.54,0.54,66.9071
TOI-674 b,TOI-674,1,1,Transit,2021.0,Transiting Exoplanet Survey Satellite (TESS),Published Confirmed,0,1.977143,5.25,23.6,635.0,M2 V,3514.0,0.42,0.42,46.0851
TOI-677 b,TOI-677,1,1,Transit,2020.0,Transiting Exoplanet Survey Satellite (TESS),Published Confirmed,0,11.2366,13.11453,392.83788,1252.0,F8,6295.0,1.28,1.181,141.812
TOI-682.01,TOI-682,1,1,Transit,2021.0,Transiting Exoplanet Survey Satellite (TESS),Published Confirmed,0,6.84,4.39,,,,5085.0,1.08433,0.85,83.1548
TOI-6894 b,TOI-6894,1,1,Transit,2025.0,Transiting Exoplanet Survey Satellite (TESS),Published Confirmed,0,3.37077196,9.5836785,53.39517238,417.9,,3007.0,0.2276,0.207,73.8131
TOI-6954 b,TOI-6954,1,1,Transit,2026.0,Transiting Exoplanet Survey Satellite (TESS),Published Confirmed,0,4.02074127419,3.63524486,,,,5170.87,0.947112,,190.042
TOI-697 b,TOI-697,1,1,Transit,2026.0,Transiting Exoplanet Survey Satellite (TESS),Published Confirmed,0,8.60788713593,2.35859364,,,,5681.95,0.968149,,93.7714
TOI-700 b,TOI-700,1,4,Transit,2020.0,Transiting Exoplanet Survey Satellite (TESS),Published Confirmed,0,9.97701,1.01,,,M2 V,3480.0,0.42,0.416,31.1265
TOI-700 c,TOI-700,1,4,Transit,2020.0,Transiting Exoplanet Survey Satellite (TESS),Published Confirmed,0,16.051098,2.63,,,M2 V,3480.0,0.42,0.416,31.1265
TOI-700 d,TOI-700,1,4,Transit,2020.0,Transiting Exoplanet Survey Satellite (TESS),Published Confirmed,0,37.426,1.19,,,M2 V,3480.0,0.42,0.416,31.1265
TOI-700 e,TOI-700,1,4,Transit,2023.0,Transiting Exoplanet Survey Satellite (TESS),Published Confirmed,0,27.80978,0.953,,,M2.5 V,3459.0,0.421,0.415,31.1265
TOI-7008 b,TOI-7008,1,1,Transit,2026.0,Transiting Exoplanet Survey Satellite (TESS),Published Confirmed,0,0.84069041367,4.94735276,,,,5116.06,0.95255,,410.467
TOI-7009 b,TOI-7009,1,1,Transit,2026.0,Transiting Exoplanet Survey Satellite (TESS),Published Confirmed,0,2.3206612,3.71,,872.0,,4080.0,0.564,0.583,184.12
TOI-7041 b,TOI-7041,1,1,Transit,2025.0,Transiting Exoplanet Survey Satellite (TESS),Published Confirmed,0,9.691,11.43316031,114.41822652,,,4700.0,4.1,1.07,439.52
TOI-712 b,TOI-712,1,3,Transit,2022.0,Transiting Exoplanet Survey Satellite (TESS),Published Confirmed,0,9.531361,2.049,,650.0,K4.5 V,4622.0,0.674,0.732,58.6212
TOI-712 c,TOI-712,1,3,Transit,2022.0,Transiting Exoplanet Survey Satellite (TESS),Published Confirmed,0,51.69906,2.701,,369.9,K4.5 V,4622.0,0.674,0.732,58.6212
TOI-712 d,TOI-712,1,3,Transit,2022.0,Transiting Exoplanet Survey Satellite (TESS),Published Confirmed,0,84.8396,2.474,,313.6,K4.5 V,4622.0,0.674,0.732,58.6212
TOI-7149 b,TOI-7149,1,1,Transit,2025.0,Transiting Exoplanet Survey Satellite (TESS),Published Confirmed,0,2.65206166,13.2,224.0,593.0,M4 V,3363.0,0.351,0.344,126.126
TOI-715 b,TOI-715,1,1,Transit,2023.0,Transiting Exoplanet Survey Satellite (TESS),Published Confirmed,0,19.288004,1.55,,234.0,M4,3075.0,0.24,0.225,42.4048
TOI-7155 b,TOI-7155,1,1,Transit,2026.0,Transiting Exoplanet Survey Satellite (TESS),Published Confirmed,0,3.89489711981,2.40821473,,,,4673.03,0.670748,,144.751
TOI-7166 b,TOI-7166,1,1,Transit,2025.0,Transiting Exoplanet Survey Satellite (TESS),Published Confirmed,0,12.920616,2.39,,329.0,M4.5 V,3093.0,0.245,0.221,35.4153
TOI-733 b,TOI-733,1,1,Transit,2023.0,Transiting Exoplanet Survey Satellite (TESS),Published Confirmed,0,4.884765,1.992,5.72,1055.8,G,5585.0,0.949,0.956,75.2092
TOI-7333 b,TOI-7333,1,1,Transit,2026.0,Transiting Exoplanet Survey Satellite (TESS),Published Confirmed,0,6.26449803661,2.09469416,,,,4586.87,0.666066,,157.217
TOI-7384 b,TOI-7384,1,1,Transit,2026.0,Transiting Exoplanet Survey Satellite (TESS),Published Confirmed,0,6.2340258,3.56,,378.0,M4,3185.0,0.319,0.318,66.7902
TOI-7510 b,TOI-7510,1,3,Transit,2025.0,Transiting Exoplanet Survey Satellite (TESS),Published Confirmed,0,11.530869,7.31,18.1,878.0,G3,5720.0,1.035,1.063,249.006
TOI-7510 c,TOI-7510,1,3,Transit,2025.0,Transiting Exoplanet Survey Satellite (TESS),Published Confirmed,0,22.5687423,10.81,131.0,702.0,G3,5720.0,1.035,1.063,249.006
TOI-7510 d,TOI-7510,1,3,Transit,2025.0,Transiting Exoplanet Survey Satellite (TESS),Published Confirmed,0,48.864468,10.52,190.0,542.4,G3,5720.0,1.035,1.063,249.006
TOI-756 b,TOI-756,1,2,Transit,2025.0,Transiting Exoplanet Survey Satellite (TESS),Published Confirmed,0,1.2392495,2.81,9.83,934.0,M1 V,3657.0,0.505,0.505,86.1759
TOI-756 c,TOI-756,1,2,Radial Velocity,2025.0,La Silla Observatory,Published Confirmed,0,149.4,,1287.20504835,194.0,M1 V,3657.0,0.505,0.505,86.1759
TOI-757 b,TOI-757,1,1,Transit,2024.0,Transiting Exoplanet Survey Satellite (TESS),Published Confirmed,0,17.46819,2.5,10.5,641.0,K0 V,5278.0,0.78,0.8,60.3418
TOI-762 A b,TOI-762 A,2,1,Transit,2024.0,Transiting Exoplanet Survey Satellite (TESS),Published Confirmed,0,3.4716826,8.33948164,79.77493016,555.4,,3266.0,0.425,0.442,98.4458
TOI-763 b,TOI-763,1,2,Transit,2020.0,Transiting Exoplanet Survey Satellite (TESS),Published Confirmed,0,5.6057,2.28,9.79,1038.0,G,5450.0,0.897,0.917,95.1274
TOI-763 c,TOI-763,1,2,Transit,2020.0,Transiting Exoplanet Survey Satellite (TESS),Published Confirmed,0,12.2737,2.63,9.32,800.0,G,5450.0,0.897,0.917,95.1274
TOI-771 b,TOI-771,1,2,Transit,2024.0,Transiting Exoplanet Survey Satellite (TESS),Published Confirmed,0,2.3260155,1.36,2.47,543.0,M3,3370.0,0.232,0.22,25.2788
TOI-771 c,TOI-771,1,2,Radial Velocity,2025.0,Paranal Observatory,Published Confirmed,0,7.61,,2.87,365.0,M3,3370.0,0.232,0.22,25.2788
TOI-776 b,TOI-776,1,2,Transit,2020.0,Transiting Exoplanet Survey Satellite (TESS),Published Confirmed,0,8.24661,1.85,4.0,514.0,M1 V,3709.0,0.538,0.544,27.1701
TOI-776 c,TOI-776,1,2,Transit,2020.0,Transiting Exoplanet Survey Satellite (TESS),Published Confirmed,0,15.6653,2.02,5.3,415.0,M1 V,3709.0,0.538,0.544,27.1701
TOI-778 b,TOI-778,1,1,Transit,2023.0,Transiting Exoplanet Survey Satellite (TESS),Published Confirmed,0,4.633611,15.4,878.0,1561.0,F3 V,6643.0,1.71,1.4,161.743
TOI-782 b,TOI-782,1,1,Transit,2024.0,Transiting Exoplanet Survey Satellite (TESS),Published Confirmed,0,8.0240015,2.734,19.1,435.0,,3370.0,0.413,0.397,52.5122
TOI-784 b,HD 307842,1,1,Transit,2023.0,Transiting Exoplanet Survey Satellite (TESS),Published Confirmed,0,2.7970365,1.93,9.67,,G,5558.0,0.907,0.91,64.5997
TOI-799 b,TOI-799,1,1,Transit,2026.0,Transiting Exoplanet Survey Satellite (TESS),Published Confirmed,0,5.54519139676,2.06631784,,,,5662.81,0.915519,,158.526
TOI-808 b,TOI-808,1,1,Transit,2026.0,Transiting Exoplanet Survey Satellite (TESS),Published Confirmed,0,9.73944854026,2.20344362,,,,5078.2,0.833198,,98.1848
TOI-813 b,TOI-813,1,1,Transit,2020.0,Transiting Exoplanet Survey Satellite (TESS),Published Confirmed,0,83.8911,6.71,,610.0,G0 IV,5907.0,1.94,1.32,263.145
TOI-815 b,TOI-815,2,2,Transit,2024.0,Transiting Exoplanet Survey Satellite (TESS),Published Confirmed,0,11.197259,2.94,7.6,686.0,K3 V,4869.0,0.77,0.776,59.7117
TOI-815 c,TOI-815,2,2,Transit,2024.0,Transiting Exoplanet Survey Satellite (TESS),Published Confirmed,0,34.976145,2.62,23.5,469.0,K3 V,4869.0,0.77,0.776,59.7117
TOI-824 b,TOI-824,1,1,Transit,2020.0,Transiting Exoplanet Survey Satellite (TESS),Published Confirmed,0,1.392978,2.926,18.467,1253.0,K4 V,4600.0,0.695,0.71,63.9262
TOI-833 b,TOI-833,1,1,Transit,2022.0,Transiting Exoplanet Survey Satellite (TESS),Published Confirmed,0,1.0418777,1.27,,1118.0,,3920.0,0.6,0.61,41.7148
TOI-836 b,TOI-836,1,2,Transit,2023.0,Transiting Exoplanet Survey Satellite (TESS),Published Confirmed,0,3.81673,1.704,4.53,871.0,K V,4552.0,0.665,0.678,27.5024
TOI-836.01,TOI-836,1,2,Transit,2021.0,Transiting Exoplanet Survey Satellite (TESS),Published Confirmed,0,8.59545,2.587,9.6,665.0,K V,4552.0,0.665,0.678,27.5024
TOI-837 b,TOI-837,1,1,Transit,2020.0,Transiting Exoplanet Survey Satellite (TESS),Published Confirmed,0,8.3249113,9.16894621,120.45696625,995.3,F9/G0,5995.0,1.052,1.142,142.488
TOI-849 b,TOI-849,1,1,Transit,2020.0,Transiting Exoplanet Survey Satellite (TESS),Published Confirmed,0,0.76552414,3.444,39.09,,G,5373.8,0.919,0.929,225.734
TOI-858 B b,TOI-858 B,2,1,Transit,2023.0,Transiting Exoplanet Survey Satellite (TESS),Published Confirmed,0,3.2797178,14.06727078,349.6112477,1529.0,G0,5842.0,1.308,1.081,250.489
TOI-871 b,TOI-871,1,1,Transit,2024.0,Transiting Exoplanet Survey Satellite (TESS),Published Confirmed,0,14.362565,1.664,,621.0,,4929.0,0.719,0.758,68.0473
TOI-880 c,TOI-880,1,2,Transit,2025.0,Transiting Exoplanet Survey Satellite (TESS),Published Confirmed,0,6.3872703,4.95,,805.0,K,5050.0,0.83,0.87,60.6679
TOI-880.02,TOI-880,1,2,Transit,2024.0,Transiting Exoplanet Survey Satellite (TESS),Published Confirmed,0,2.57571,2.19,,1085.0,K,5050.0,0.83,0.87,60.6679
TOI-883 b,TOI-883,1,1,Transit,2026.0,Transiting Exoplanet Survey Satellite (TESS),Published Confirmed,0,10.05771848538,7.17166228,,,,5713.15,1.01477,,102.637
TOI-892 b,TOI-892,1,1,Transit,2020.0,Transiting Exoplanet Survey Satellite (TESS),Published Confirmed,0,10.62656,11.99363,301.9385,1397.0,F,6261.0,1.39,1.28,340.543
TOI-904 b,TOI-904,1,2,Transit,2023.0,Transiting Exoplanet Survey Satellite (TESS),Published Confirmed,0,10.8772,2.426,,429.43,,3770.2,0.527,0.557,46.0891
TOI-904 c,TOI-904,1,2,Transit,2023.0,Transiting Exoplanet Survey Satellite (TESS),Published Confirmed,0,83.9997,2.167,,217.26,,3770.2,0.527,0.557,46.0891
TOI-905 b,TOI-905,1,1,Transit,2020.0,Transiting Exoplanet Survey Satellite (TESS),Published Confirmed,0,3.739494,13.125739,211.99261,1192.0,,5570.0,0.918,0.968,158.649
TOI-907.01,TOI-907,1,1,Transit,2024.0,Transiting Exoplanet Survey Satellite (TESS),Published Confirmed,0,4.5849129,9.6158851,,1846.6,,6272.0,2.059789,1.069357,312.529
TOI-908 b,TOI-908,1,1,Transit,2023.0,Transiting Exoplanet Survey Satellite (TESS),Published Confirmed,0,3.183792,3.186,16.137,1317.0,G V,5626.0,1.028,0.95,175.748
TOI-912 b,TOI-912,1,1,Transit,2025.0,Transiting Exoplanet Survey Satellite (TESS),Published Confirmed,0,4.6780691,1.93,5.1,551.0,M3,3572.0,0.419,0.418,26.1072
TOI-913 b,TOI-913,1,1,Transit,2023.0,Transiting Exoplanet Survey Satellite (TESS),Published Confirmed,0,11.098644,2.4528,,712.01,,4969.0,0.7325,0.82,65.1769
TOI-921 b,TOI-921,1,1,Transit,2026.0,Transiting Exoplanet Survey Satellite (TESS),Published Confirmed,0,5.12871907628,3.53409617,,,,6011.66,1.14165,,294.015
TOI-929 b,TOI-929,1,1,Transit,2026.0,Transiting Exoplanet Survey Satellite (TESS),Published Confirmed,0,5.83015366944,2.68983343,,,,4457.16,0.717414,,114.421
TOI-938 b,TOI-938,1,1,Transit,2026.0,Transiting Exoplanet Survey Satellite (TESS),Published Confirmed,0,8.80733882211,4.82401567,,,,5829.42,0.985134,,215.034
TOI-941 b,TOI-941,1,1,Transit,2026.0,Transiting Exoplanet Survey Satellite (TESS),Published Confirmed,0,8.51460888787,6.51165317,,,,5745.88,1.1849,,263.386
TOI-942 b,TOI-942,1,2,Transit,2020.0,Transiting Exoplanet Survey Satellite (TESS),Published Confirmed,0,4.3263,4.242,16.0,,K2.5 V,4969.0,0.893,0.88,152.601
TOI-942 c,TOI-942,1,2,Transit,2020.0,Transiting Exoplanet Survey Satellite (TESS),Published Confirmed,0,10.1605,4.793,37.0,,K2.5 V,4969.0,0.893,0.88,152.601
TOI-954 b,TOI-954,1,1,Transit,2020.0,Transiting Exoplanet Survey Satellite (TESS),Published Confirmed,0,3.6849729,9.550068,55.30242,1526.0,,5710.0,1.892,1.201,238.768
TOI-969 b,TOI-969,1,2,Transit,2022.0,Transiting Exoplanet Survey Satellite (TESS),Published Confirmed,0,1.8237305,2.765,9.1,941.0,K V,4435.0,0.671,0.734,77.2554
TOI-969 c,TOI-969,1,2,Radial Velocity,2022.0,Multiple Observatories,Published Confirmed,0,1700.0,,3591.4609991,96.4,K V,4435.0,0.671,0.734,77.2554
TRAPPIST-1 b,TRAPPIST-1,1,7,Transit,2016.0,La Silla Observatory,Published Confirmed,0,1.51087081,1.086,0.85,400.1,,2559.0,0.117,0.0802,
TRAPPIST-1 c,TRAPPIST-1,1,7,Transit,2016.0,La Silla Observatory,Published Confirmed,0,2.4218233,1.056,1.38,341.9,,2559.0,0.117,0.0802,
TRAPPIST-1 d,TRAPPIST-1,1,7,Transit,2016.0,La Silla Observatory,Published Confirmed,0,4.049219,0.804,0.388,286.0,M8.0 V,2566.0,0.1192,0.0898,
TRAPPIST-1 e,TRAPPIST-1,1,7,Transit,2017.0,Multiple Observatories,Published Confirmed,0,6.099615,0.918,0.62,251.3,,2559.0,0.117,0.0802,
TRAPPIST-1 f,TRAPPIST-1,1,7,Transit,2017.0,Multiple Observatories,Published Confirmed,0,9.20669,1.045,0.68,219.0,,2559.0,0.117,0.0802,
TRAPPIST-1 g,TRAPPIST-1,1,7,Transit,2017.0,Multiple Observatories,Published Confirmed,0,12.35294,1.127,1.34,198.6,,2559.0,0.117,0.0802,
TRAPPIST-1 h,TRAPPIST-1,1,7,Transit,2017.0,Multiple Observatories,Published Confirmed,0,18.772866,0.755,0.326,,,2566.0,0.1192,0.0898,
TWA 7 b,TWA 7,1,1,Imaging,2025.0,James Webb Space Telescope (JWST),Published Confirmed,0,,,108.06165838,316.0,,,,0.46,33.9958
TYC 0434-04538-1 b,TYC 0434-04538-1,1,1,Radial Velocity,2021.0,Multiple Observatories,Published Confirmed,0,193.2,,1938.763,,,4679.0,9.99,1.04,613.422
TYC 1422-614-1 b,TYC 1422-614-1,1,2,Radial Velocity,2014.0,Multiple Observatories,Published Confirmed,0,198.4,,794.5,,,4806.0,6.85,1.15,672.41
TYC 1422-614-1 c,TYC 1422-614-1,1,2,Radial Velocity,2014.0,Multiple Observatories,Published Confirmed,0,559.3,,3178.0,,,4806.0,6.85,1.15,672.41
TYC 2187-512-1 b,TYC 2187-512-1,1,1,Radial Velocity,2022.0,Calar Alto Observatory,Published Confirmed,0,691.9,,104.88337431,,M1.0 V,3734.0,0.495,0.498,15.4744
TYC 3318-01333-1 b,TYC 3318-01333-1,1,1,Radial Velocity,2018.0,Multiple Observatories,Published Confirmed,0,562.0,,1086.9786,,,4776.0,5.9,1.19,490.61
TYC 3667-1280-1 b,TYC 3667-1280-1,1,1,Radial Velocity,2016.0,McDonald Observatory,Published Confirmed,0,26.468,,1716.282,1350.0,,5130.0,6.26,1.87,477.516
TYC 4282-00605-1 b,TYC 4282-00605-1,1,1,Radial Velocity,2017.0,Roque de los Muchachos Observatory,Published Confirmed,0,101.54,,3426.2074,,,4300.0,16.21,0.97,464.128
TYC 8998-760-1 b,TYC 8998-760-1,1,2,Imaging,2020.0,Paranal Observatory,Published Confirmed,0,,,4449.62,,K3 IV,4573.0,,1.0,94.6177
TYC 8998-760-1 c,TYC 8998-760-1,1,2,Imaging,2020.0,Paranal Observatory,Published Confirmed,0,,12.3299,1906.98,1240.0,,,,1.0,94.6177
Teegarden's Star b,Teegarden's Star,1,3,Radial Velocity,2019.0,Calar Alto Observatory,Published Confirmed,0,4.91,,1.05,,M7.0 V,2904.0,0.107,0.089,3.83078
Teegarden's Star c,Teegarden's Star,1,3,Radial Velocity,2019.0,Calar Alto Observatory,Published Confirmed,0,11.416,,1.05,209.0,,3034.0,0.12,0.097,3.83078
Teegarden's Star d,Teegarden's Star,1,3,Radial Velocity,2024.0,Multiple Observatories,Published Confirmed,0,26.13,,0.82,159.0,,3034.0,0.12,0.097,3.83078
TrES-1 b,TrES-1,2,1,Transit,2004.0,TrES,Published Confirmed,0,3.0300728,12.318691,241.86863,1147.0,,5226.0,0.818,0.892,159.658
TrES-2 b,TrES-2,2,1,Transit,2006.0,TrES,Published Confirmed,0,2.47061323,13.372337,383.30298,1466.0,,5850.0,0.964,0.991,215.32
TrES-3 b,TrES-3,1,1,Transit,2007.0,TrES,Published Confirmed,0,1.3061864,14.627745,607.0553,1630.0,,5650.0,0.818,0.929,231.337
TrES-4 b,TrES-4,2,1,Transit,2007.0,TrES,Published Confirmed,0,3.55392771,20.602142,157.00802,1795.0,,6295.0,1.81,1.45,515.98
TrES-5 b,TrES-5,1,1,Transit,2011.0,TrES,Published Confirmed,0,1.48224686,13.383546,568.9157,1480.0,,5171.0,0.868,0.901,360.313
UCAC3 113-933 b,UCAC3 113-933,1,1,Imaging,2024.0,Multiple Observatories,Published Confirmed,0,,,6674.396547,,M0,,,0.61,52.5829
UCAC4 328-061594 b,UCAC4 328-061594,1,1,Imaging,2024.0,Multiple Observatories,Published Confirmed,0,,,6674.396547,,DC,,,1.19,39.9089
UKIRT-2017-BLG-001L b,UKIRT-2017-BLG-001L,1,1,Microlensing,2018.0,Mauna Kea Observatory,Published Confirmed,0,,,407.0,,,,,0.81,6300.0
USco CTIO 108 b,USco CTIO 108,1,1,Imaging,2008.0,Teide Observatory,Published Confirmed,0,,,4449.62,,M7,2700.0,,0.06,144.019
USco1556 b,USco1556 A,1,1,Imaging,2019.0,Multiple Observatories,Published Confirmed,0,,,4767.45,2240.0,M3.0 V,3410.0,,0.33,140.635
USco1621 b,USco1621 A,1,1,Imaging,2019.0,Multiple Observatories,Published Confirmed,0,,,5085.28,2270.0,M2.5 V,3460.0,,0.36,137.901
UZ For b,UZ For,2,2,Eclipse Timing Variations,2011.0,Multiple Observatories,Published Confirmed,0,5840.0,,2002.2,,,,,0.7,
UZ For c,UZ For,2,2,Eclipse Timing Variations,2011.0,Multiple Observatories,Published Confirmed,0,1916.25,,2447.2,,,,,0.7,
V0391 Peg b,V0391 Peg,1,1,Pulsation Timing Variations,2007.0,Multiple Observatories,Published Confirmed,0,1170.0,,1017.056,,,29300.0,0.23,0.5,1195.98
V1298 Tau b,V1298 Tau,3,4,Transit,2019.0,K2,Published Confirmed,0,24.140006,9.41,13.1,666.0,,4970.0,1.32,1.1,108.199
V1298 Tau c,V1298 Tau,3,4,Transit,2019.0,K2,Published Confirmed,0,8.249164,5.08,4.7,953.0,,4970.0,1.32,1.1,108.199
V1298 Tau d,V1298 Tau,3,4,Transit,2019.0,K2,Published Confirmed,0,12.401394,6.53,6.0,831.0,,4970.0,1.32,1.1,108.199
V1298 Tau e,V1298 Tau,3,4,Transit,2019.0,K2,Published Confirmed,0,40.2,8.23860081,368.68095212,,K1,5050.0,1.278,1.17,108.199
V2376 Ori b,V2376 Ori,1,1,Imaging,2025.0,Multiple Observatories,Published Confirmed,0,,87.20586985,6356.56814,2100.0,M,,,0.45,
V830 Tau b,V830 Tau,1,1,Radial Velocity,2016.0,Multiple Observatories,Published Confirmed,1,4.927,,222.481,,,4250.0,2.0,1.0,130.111
VHS J125601.92-125723.9 b,VHS J125601.92-125723.9,2,1,Imaging,2015.0,Paranal Observatory,Published Confirmed,0,5800000.0,14.57167491,3813.940884,1153.0,,,,,
WASP-1 b,WASP-1,2,1,Transit,2007.0,SuperWASP,Published Confirmed,0,2.5199464,16.735037,311.4734,1830.0,,6213.0,1.465,1.265,393.072
WASP-10 b,WASP-10,1,1,Transit,2008.0,SuperWASP,Published Confirmed,0,3.0927616,12.106,1001.12,1370.0,,4675.0,0.698,0.75,140.998
WASP-100 b,WASP-100,2,1,Transit,2014.0,SuperWASP,Published Confirmed,0,2.849375,18.94,645.17,2190.0,F2,6900.0,,1.57,364.411
WASP-101 b,WASP-101,1,1,Transit,2014.0,SuperWASP,Published Confirmed,0,3.585722,15.8,158.91,1560.0,F6,6400.0,1.29,1.34,201.224
WASP-102 b,WASP-102,1,1,Transit,2025.0,SuperWASP,Published Confirmed,0,2.709813,14.90794433,197.68926915,1671.0,,5990.0,1.375,1.08,535.689
WASP-103 b,WASP-103,1,1,Transit,2014.0,SuperWASP,Published Confirmed,0,0.925542,17.127,473.547,2508.0,F8 V,6110.0,1.436,1.22,375.647
WASP-104 b,WASP-104,2,1,Transit,2014.0,SuperWASP,Published Confirmed,0,1.7554137,12.745,404.263,1516.0,G8,5475.0,0.963,1.076,185.932
WASP-105 b,WASP-105,1,1,Transit,2017.0,SuperWASP-South,Published Confirmed,0,7.87288,10.76064,572.094,900.0,K2,5070.0,0.9,0.89,169.272
WASP-106 b,WASP-106,1,1,Transit,2014.0,SuperWASP,Published Confirmed,0,9.289715,12.162,611.797,1140.0,F9,6055.0,1.393,1.192,352.181
WASP-107 b,WASP-107,1,2,Transit,2017.0,SuperWASP-South,Published Confirmed,0,5.72149,10.53646,38.1396,770.0,K6,4430.0,0.66,0.69,64.7414
WASP-107 c,WASP-107,1,2,Radial Velocity,2020.0,Multiple Observatories,Published Confirmed,0,1088.0,,115.0,,,4425.0,0.67,0.683,64.7414
WASP-108 b,WASP-108,1,1,Transit,2020.0,Transiting Exoplanet Survey Satellite (TESS),Published Confirmed,0,2.676,14.39233122,283.50293904,1590.0,,6000.0,1.215,1.167,258.777
WASP-11 b,WASP-11,3,1,Transit,2008.0,SuperWASP,Published Confirmed,0,3.72247967,11.09691,156.37236,992.0,K3 V,4900.0,0.772,0.806,124.73
WASP-110 b,WASP-110,1,1,Transit,2021.0,Paranal Observatory,Published Confirmed,0,3.7784022,13.19297028,154.78243421,1158.0,,5392.0,0.853,0.814,274.96
WASP-113 b,WASP-113,1,1,Transit,2016.0,SuperWASP-North,Published Confirmed,0,4.54216874538,15.793481,150.96925,1496.0,G1,5890.0,1.608,1.318,435.156
WASP-114 b,WASP-114,2,1,Transit,2016.0,SuperWASP-North,Published Confirmed,0,1.5487743,15.008851,562.24127,2043.0,G0,5940.0,1.43,1.289,523.337
WASP-116 b,WASP-116,1,1,Transit,2025.0,SuperWASP,Published Confirmed,0,6.6132,13.67495645,203.41018048,1414.0,,6250.0,1.426,1.25,559.243
WASP-117 b,WASP-117,1,1,Transit,2014.0,SuperWASP,Published Confirmed,0,10.02165,11.444,87.5585,1001.0,F9,6038.0,1.17,1.129,157.963
WASP-118 b,WASP-118,1,1,Transit,2016.0,SuperWASP,Published Confirmed,0,4.0460435,16.14096,163.36462,1729.0,F6,6410.0,1.696,1.32,376.658
WASP-119 b,WASP-119,1,1,Transit,2016.0,SuperWASP-South,Published Confirmed,0,2.49979,15.6926,390.9309,1600.0,G5,5650.0,1.2,1.02,302.448
WASP-12 b,WASP-12,3,1,Transit,2008.0,SuperWASP,Published Confirmed,0,1.0914199,20.389171,448.1403,2601.0,,6300.0,1.57,1.35,427.246
WASP-120 b,WASP-120,1,1,Transit,2016.0,SuperWASP,Published Confirmed,0,3.6112706,16.510857,1541.4755,1880.0,F5,6450.0,1.87,1.393,381.174
WASP-121 b,WASP-121,1,1,Transit,2016.0,SuperWASP,Published Confirmed,0,1.2749255,20.904785,375.99289,2358.0,F6 V,6459.0,1.458,1.353,269.898
WASP-123 b,WASP-123,2,1,Transit,2016.0,SuperWASP,Published Confirmed,0,2.9776412,14.773462,285.72917,1520.0,G5,5740.0,1.285,1.166,197.996
WASP-124 b,WASP-124,1,1,Transit,2016.0,SuperWASP-South,Published Confirmed,0,3.37265,13.89916,190.698,1400.0,F9,6050.0,1.02,1.07,448.637
WASP-126 b,WASP-126,1,2,Transit,2016.0,SuperWASP-South,Published Confirmed,0,3.2888,10.76064,88.9924,1480.0,G2,5800.0,1.27,1.12,216.526
WASP-126 c,WASP-126,1,2,Transit Timing Variations,2019.0,Transiting Exoplanet Survey Satellite (TESS),Published Confirmed,0,7.63,,64.2,,,5800.0,1.27,1.12,216.526
WASP-127 b,WASP-127,2,1,Transit,2016.0,SuperWASP,Published Confirmed,0,4.178062,15.35633,57.2094,1400.0,,5620.0,1.39,1.08,159.507
WASP-129 b,WASP-129,2,1,Transit,2016.0,SuperWASP-South,Published Confirmed,0,5.748145,10.42437,317.83,1100.0,G1,5900.0,0.9,1.0,301.462
WASP-13 b,WASP-13,1,1,Transit,2009.0,SuperWASP,Published Confirmed,0,4.353011,17.127352,162.72896,1531.0,,5826.0,1.657,1.22,227.537
WASP-130 b,WASP-130,1,1,Transit,2016.0,SuperWASP-South,Published Confirmed,0,11.55098,9.97601,390.9309,833.0,G6,5625.0,0.96,1.04,172.256
WASP-131 b,WASP-131,1,1,Transit,2016.0,SuperWASP-South,Published Confirmed,0,5.322023,13.67498,85.8141,1460.0,G0,6030.0,1.53,1.06,200.075
WASP-132 b,WASP-132,1,3,Transit,2016.0,SuperWASP-South,Published Confirmed,0,7.1335164,10.09929161,136.0305582,682.0,K4 V,4686.0,0.758,0.789,122.91
WASP-132 c,WASP-132,1,3,Transit,2022.0,Transiting Exoplanet Survey Satellite (TESS),Published Confirmed,0,1.01153624,1.841,6.26,1329.0,K4 V,4686.0,0.758,0.789,122.91
WASP-132 d,WASP-132,1,3,Radial Velocity,2024.0,Multiple Observatories,Published Confirmed,0,1816.6,,1639.99458012,107.0,K4 V,4686.0,0.758,0.789,122.91
WASP-133 b,WASP-133,1,1,Transit,2016.0,SuperWASP-South,Published Confirmed,0,2.176423,13.56289,368.6828,1790.0,G4,5700.0,1.44,1.16,559.084
WASP-135 b,WASP-135,1,1,Transit,2015.0,SuperWASP,Published Confirmed,0,1.4013794,14.5717,603.877,,G5 V,5675.0,0.96,0.98,298.214
WASP-136 b,WASP-136,1,1,Transit,2016.0,SuperWASP,Published Confirmed,0,5.215357,15.46842,479.9233,1742.0,,6260.0,2.21,1.41,275.587
WASP-138 b,WASP-138,1,1,Transit,2016.0,SuperWASP,Published Confirmed,0,3.634433,12.21781,387.7526,1590.0,,6272.0,1.36,1.22,414.234
WASP-139 b,WASP-139,2,1,Transit,2016.0,SuperWASP-South,Published Confirmed,0,5.924262,8.9672,37.18611,910.0,K0,5310.0,0.8,0.92,212.472
WASP-14 b,WASP-14,3,1,Transit,2008.0,SuperWASP,Published Confirmed,0,2.2437655,13.89916,2412.3297,1872.0,,6475.0,1.318,1.3,161.997
WASP-140 b,WASP-140,2,1,Transit,2016.0,SuperWASP-South,Published Confirmed,0,2.2359835,16.14096,775.5052,1320.0,K0,5260.0,0.87,0.9,117.598
WASP-141 b,WASP-141,1,1,Transit,2016.0,SuperWASP-South,Published Confirmed,0,3.310651,13.56289,854.9627,1540.0,F9,5900.0,1.37,1.25,516.543
WASP-142 b,WASP-142,1,1,Transit,2016.0,SuperWASP-South,Published Confirmed,0,2.052868,17.14977,266.9772,2000.0,F8,6010.0,1.64,1.33,730.933
WASP-144 b,WASP-144,1,1,Transit,2018.0,SuperWASP-South,Published Confirmed,0,2.2783152,9.52765,139.8452,1260.0,K2 V,5200.0,0.81,0.81,355.513
WASP-145 A b,WASP-145 A,2,1,Transit,2018.0,SuperWASP-South,Published Confirmed,0,1.7690381,10.0881,282.8687,1200.0,K2 V,4900.0,0.68,0.76,91.299
WASP-147 b,WASP-147,1,1,Transit,2018.0,SuperWASP-South,Published Confirmed,0,4.60273,12.498035,87.40325,1404.0,G4,5702.0,1.429,1.044,436.098
WASP-148 b,WASP-148,1,2,Transit,2020.0,SuperWASP-North,Published Confirmed,0,8.80381,8.092898,92.48853,940.0,G,5460.0,1.03,1.0,246.353
WASP-148 c,WASP-148,1,2,Radial Velocity,2020.0,Haute-Provence Observatory,Published Confirmed,0,34.516,,127.132,590.0,G,5460.0,1.03,1.0,246.353
WASP-149 b,WASP-149,1,1,Transit,2025.0,SuperWASP,Published Confirmed,0,1.332813,15.24421375,314.96795134,1855.0,,5750.0,1.08,1.05,211.73
WASP-15 b,WASP-15,1,1,Transit,2009.0,SuperWASP,Published Confirmed,0,3.75209748,15.782272,188.15536,1676.0,,6405.0,1.522,1.305,282.091
WASP-150 b,WASP-150,1,1,Transit,2020.0,SuperWASP-North,Published Confirmed,0,5.644207,11.99363,2688.8418,1460.0,F8,6218.0,1.651,1.394,527.995
WASP-151 b,WASP-151,1,1,Transit,2017.0,SuperWASP-South,Published Confirmed,0,4.533471,12.66617,98.5273,1290.0,G1,5871.0,1.14,1.077,453.099
WASP-153 b,WASP-153,1,1,Transit,2017.0,SuperWASP,Published Confirmed,0,3.332609,17.37395,123.9537,1700.0,G0,5914.0,1.73,1.336,610.176
WASP-154 b,WASP-154,1,1,Transit,2025.0,SuperWASP,Published Confirmed,0,3.811678,10.76062147,198.96058278,994.0,,4774.0,0.823,0.8,215.501
WASP-155 b,WASP-155,1,1,Transit,2025.0,SuperWASP,Published Confirmed,0,3.110413,13.45077684,276.8285425,1468.0,,5660.0,1.24,1.09,399.63
WASP-156 b,WASP-156,1,1,Transit,2017.0,SuperWASP,Published Confirmed,0,3.836169,5.71659,40.68224,970.0,K3,4910.0,0.76,0.842,122.066
WASP-157 b,WASP-157,1,1,Transit,2016.0,SuperWASP,Published Confirmed,0,3.9516205,11.937585,182.43442,1339.0,G2 V,5838.0,1.134,1.26,334.037
WASP-158 b,WASP-158,1,1,Transit,2018.0,SuperWASP-South,Published Confirmed,0,3.656333,11.99363,886.7457,1590.0,F6 V,6350.0,1.39,1.38,524.993
WASP-159 b,WASP-159,1,1,Transit,2018.0,SuperWASP-South,Published Confirmed,0,3.840401,15.46842,174.8065,1850.0,F9,6120.0,2.11,1.41,715.383
WASP-16 b,WASP-16,1,1,Transit,2009.0,SuperWASP,Published Confirmed,0,3.1186068,13.652562,264.43456,1389.0,,5630.0,1.087,0.98,194.134
WASP-160 B b,WASP-160 B,2,1,Transit,2018.0,SuperWASP-South,Published Confirmed,0,3.7684952,12.21781,88.35674,1119.0,K0 V,5298.0,0.868,0.87,288.326
WASP-161 b,WASP-161,1,1,Transit,2018.0,SuperWASP-South,Published Confirmed,0,5.4060425,12.811887,791.3967,1557.0,,6400.0,1.712,1.39,343.08
WASP-162 b,WASP-162,1,1,Transit,2018.0,SuperWASP-South,Published Confirmed,0,9.62468,11.209,1652.716,910.0,K0,5300.0,1.11,0.95,310.841
WASP-163 b,WASP-163,1,1,Transit,2018.0,SuperWASP-South,Published Confirmed,0,1.6096884,13.473218,594.3421,1638.0,,5500.0,1.015,0.97,261.386
WASP-164 b,WASP-164,1,1,Transit,2018.0,SuperWASP-South,Published Confirmed,0,1.7771255,12.643752,676.9779,1610.0,G2 V,5806.0,0.932,0.946,327.506
WASP-165 b,WASP-165,1,1,Transit,2018.0,SuperWASP-South,Published Confirmed,0,3.465509,14.12334,209.13214,1624.0,G6,5599.0,1.75,1.248,602.236
WASP-166 b,WASP-166,1,1,Transit,2019.0,WASP-South,Published Confirmed,0,5.44354,7.06167,32.10083,1270.0,F9 V,6050.0,1.22,1.19,114.173
WASP-167 b,WASP-167,1,1,Transit,2017.0,Multiple Observatories,Published Confirmed,0,2.0219596,17.71022,2542.64,2329.0,F1 V,7000.0,1.79,1.59,423.552
WASP-168 b,WASP-168,2,1,Transit,2018.0,SuperWASP-South,Published Confirmed,0,4.153658,16.8135,133.4886,1340.0,F9 V,6000.0,1.12,1.08,303.941
WASP-169 b,WASP-169,1,1,Transit,2019.0,WASP-South,Published Confirmed,0,5.6114118,14.616536,178.30263,1604.0,F8,6110.0,2.011,1.337,627.066
WASP-17 b,WASP-17,1,1,Transit,2009.0,SuperWASP,Published Confirmed,0,3.735433,22.261074,143.97699,,F4,6650.0,1.579,1.2,405.908
WASP-170 b,WASP-170,1,1,Transit,2018.0,SuperWASP-South,Published Confirmed,0,2.34478022,12.285064,508.528,1422.0,,5600.0,0.938,0.93,305.603
WASP-171 b,WASP-171,1,1,Transit,2019.0,WASP-South,Published Confirmed,0,3.8186244,10.98482,344.52772,1642.0,G0,5965.0,1.637,1.171,757.84
WASP-172 b,WASP-172,1,1,Transit,2018.0,SuperWASP-South,Published Confirmed,0,5.477433,17.59813,149.3801,1740.0,F1 V,6900.0,1.91,1.49,538.11
WASP-173 A b,WASP-173 A,2,1,Transit,2018.0,SuperWASP-South,Published Confirmed,0,1.38665318,13.4508,1172.7927,1880.0,G3,5800.0,1.11,1.05,232.98
WASP-174 b,WASP-174,1,1,Transit,2018.0,SuperWASP-South,Published Confirmed,0,4.2337,14.5717,413.179,1490.0,F6 V,6400.0,1.31,1.3,410.149
WASP-175 b,WASP-175,1,1,Transit,2019.0,WASP-South,Published Confirmed,0,3.0652907,13.540472,314.6517,1571.0,F7,6229.0,1.204,1.212,539.36
WASP-176 b,WASP-176,1,1,Transit,2020.0,SuperWASP-North,Published Confirmed,0,3.899052,16.869545,271.74465,1721.0,F9,5941.0,1.925,1.345,568.42
WASP-177 b,WASP-177,1,1,Transit,2019.0,SuperWASP,Published Confirmed,0,3.071722,17.71022,161.45764,1142.0,K2,5017.0,0.885,0.876,176.818
WASP-178 b,WASP-178,1,1,Transit,2019.0,WASP-South,Published Confirmed,0,3.3448285,20.28829,527.5978,2470.0,A1 IV-V,9360.0,1.67,2.07,427.678
WASP-18 b,WASP-18,2,2,Transit,2009.0,SuperWASP,Published Confirmed,0,0.94145223,13.89913607,3241.8497514,2429.0,,6432.0,1.319,1.294,123.483
WASP-18 c,WASP-18,2,2,Transit Timing Variations,2019.0,Transiting Exoplanet Survey Satellite (TESS),Published Confirmed,1,2.1558,,55.2,,,6400.0,1.23,1.22,123.483
WASP-180 A b,WASP-180 A,2,1,Transit,2019.0,SuperWASP,Published Confirmed,0,3.409264,13.89916,286.047,1540.0,F7 V,6600.0,1.19,1.3,253.985
WASP-181 b,WASP-181,1,1,Transit,2019.0,SuperWASP,Published Confirmed,0,4.5195064,13.271456,95.03117,1186.0,G2,5839.0,0.965,1.04,437.495
WASP-182 b,WASP-182,1,1,Transit,2019.0,WASP-South,Published Confirmed,0,3.3769848,9.52765,47.03884,1479.0,G5,5638.0,1.34,1.076,327.602
WASP-183 b,WASP-183,1,1,Transit,2019.0,SuperWASP,Published Confirmed,0,4.1117771,16.47723,159.55066,1111.0,G9,5313.0,0.871,0.784,325.377
WASP-184 b,WASP-184,1,1,Transit,2019.0,WASP-South,Published Confirmed,0,5.1817,14.90797,181.1631,1480.0,G0 V,6000.0,1.65,1.23,663.231
WASP-185 b,WASP-185,1,1,Transit,2019.0,WASP-South,Published Confirmed,0,9.38755,14.01125,311.4734,1160.0,G0 V,5900.0,1.5,1.12,279.35
WASP-186 b,WASP-186,1,1,Transit,2020.0,SuperWASP,Published Confirmed,0,5.026799,12.44199,1341.2426,,F,6361.0,1.47,1.22,278.514
WASP-187 b,WASP-187,1,1,Transit,2020.0,SuperWASP,Published Confirmed,0,5.147878,18.38276,254.264,,F,6150.0,2.83,1.54,371.414
WASP-188 b,WASP-188,1,1,Transit,2025.0,SuperWASP,Published Confirmed,0,5.748916,14.81827249,458.6263913,1666.0,,6850.0,1.83,1.5,675.281
WASP-189 b,WASP-189,1,1,Transit,2020.0,CHaracterising ExOPlanets Satellite (CHEOPS),Published Confirmed,0,2.724033,18.14733975,632.47852993,3353.0,,8000.0,2.36,2.03,99.731
WASP-19 b,WASP-19,1,1,Transit,2009.0,SuperWASP,Published Confirmed,0,0.78883942,15.636555,354.06262,2067.0,,5440.0,1.004,0.904,268.325
WASP-190 b,WASP-190,1,1,Transit,2019.0,WASP-South,Published Confirmed,0,5.367753,12.89035,317.83,1500.0,F6 IV-V,6400.0,1.6,1.35,542.251
WASP-192 b,WASP-192,1,1,Transit,2019.0,WASP-South,Published Confirmed,0,2.8786765,13.78707,731.009,1620.0,G0 V,5910.0,1.32,1.09,508.885
WASP-193 b,WASP-193,2,1,Transit,2023.0,WASP-South,Published Confirmed,0,6.2463345,16.40994774,44.17814857,1254.0,F9,6078.0,1.239,1.059,362.087
WASP-194 b,WASP-194,1,1,Transit,2025.0,SuperWASP,Published Confirmed,0,3.183387,15.47960235,373.13054982,1693.0,,6405.0,1.409,1.29,476.831
WASP-195 b,WASP-195,1,1,Transit,2025.0,SuperWASP,Published Confirmed,0,5.051928,10.31226224,33.05415433,1522.0,,6300.0,1.578,1.3,484.852
WASP-197 b,WASP-197,1,1,Transit,2025.0,SuperWASP,Published Confirmed,0,5.167228,14.44837612,403.32424848,1665.0,,6050.0,2.112,1.36,483.675
WASP-2 b,WASP-2,2,1,Transit,2007.0,SuperWASP,Published Confirmed,0,2.15222144,11.915167,279.6904,1286.0,,5170.0,0.823,0.851,153.242
WASP-20 b,WASP-20,2,1,Transit,2015.0,SuperWASP,Published Confirmed,0,4.8996284,16.388,98.841,1379.0,F9,5940.0,1.392,1.2,211.877
WASP-21 b,WASP-21,1,1,Transit,2010.0,SuperWASP,Published Confirmed,0,4.322506,14.156967,93.75985,1340.0,,5800.0,1.186,0.98,258.426
WASP-22 b,WASP-22,1,1,Transit,2010.0,SuperWASP,Published Confirmed,0,3.53269,12.55408,177.9848,1430.0,G1 V,6000.0,1.13,1.1,317.652
WASP-23 b,WASP-23,1,1,Transit,2010.0,SuperWASP,Published Confirmed,0,2.94443,10.783058,279.37257,,,5150.0,0.765,0.78,207.49
WASP-24 b,WASP-24,3,1,Transit,2010.0,SuperWASP,Published Confirmed,0,2.3412217,14.605327,352.47347,1772.0,,6107.0,1.317,1.168,322.114
WASP-25 b,WASP-25,1,1,Transit,2010.0,SuperWASP,Published Confirmed,0,3.7648337,13.80946422,179.25522155,1217.0,,5697.0,0.884,0.962,211.416
WASP-26 b,WASP-26,2,1,Transit,2010.0,SuperWASP,Published Confirmed,0,2.7566,14.79585452,324.18497514,1660.0,G0,5950.0,1.34,1.12,252.759
WASP-28 b,WASP-28,1,1,Transit,2014.0,SuperWASP,Published Confirmed,0,3.40884,15.177,285.717,1473.0,F8,6084.0,1.123,1.011,348.494
WASP-29 b,WASP-29,1,1,Transit,2010.0,SuperWASP,Published Confirmed,0,3.922727,8.878,77.547,,,4800.0,0.808,0.825,87.5953
WASP-3 b,WASP-3,3,1,Transit,2007.0,SuperWASP,Published Confirmed,0,1.846835,16.297886,654.7298,2028.0,,6400.0,1.377,1.26,231.161
WASP-31 b,WASP-31,1,1,Transit,2010.0,SuperWASP,Published Confirmed,0,3.4,17.37395,152.5584,1580.0,,6217.0,1.26867,1.2,383.829
WASP-32 b,WASP-32,1,1,Transit,2010.0,SuperWASP,Published Confirmed,0,2.718659,13.227,1144.14,,,6100.0,1.11,1.1,275.994
WASP-33 b,WASP-33,2,1,Transit,2010.0,SuperWASP,Published Confirmed,0,1.21987,17.855937,665.21819,2781.7,,7430.0,1.444,1.495,121.944
WASP-34 b,WASP-34,1,1,Transit,2010.0,SuperWASP,Published Confirmed,0,4.3176782,13.675,187.51,1250.0,,5700.0,0.93,1.01,132.096
WASP-35 b,WASP-35,1,1,Transit,2011.0,SuperWASP,Published Confirmed,0,3.16158,14.5717,225.6593,,,5990.0,1.08,1.05,202.218
WASP-36 b,WASP-36,2,1,Transit,2011.0,SuperWASP,Published Confirmed,0,1.53736596,14.874343,750.39663,1733.0,,5959.0,0.985,1.081,386.346
WASP-37 b,WASP-37,1,1,Transit,2010.0,SuperWASP,Published Confirmed,0,3.577469,13.00244,546.6676,,,5800.0,1.003,0.93,392.791
WASP-38 b,WASP-38,1,1,Transit,2010.0,SuperWASP,Published Confirmed,0,6.87188,13.78707,1093.3352,,,6180.0,1.52,1.76,136.24
WASP-39 b,WASP-39,1,1,Transit,2011.0,SuperWASP,Published Confirmed,0,4.0552941,14.336311,89.31023,1166.0,,5485.0,0.939,0.913,213.982
WASP-4 b,WASP-4,1,1,Transit,2007.0,SuperWASP,Published Confirmed,0,1.3382315,15.367539,409.68287,1662.0,,5500.0,0.914,0.94,267.206
WASP-41 b,WASP-41,1,2,Transit,2012.0,SuperWASP,Published Confirmed,0,3.05240154,13.204202,310.51991,1242.0,,5546.0,0.886,0.987,163.371
WASP-41 c,WASP-41,1,2,Radial Velocity,2015.0,La Silla Observatory,Published Confirmed,0,421.0,,1010.6994,241.0,,5545.0,0.87,0.93,163.371
WASP-42 b,WASP-42,1,1,Transit,2012.0,SuperWASP,Published Confirmed,0,4.9816819,12.576498,167.49641,1021.0,,5315.0,0.892,0.951,177.291
WASP-43 b,WASP-43,1,1,Transit,2011.0,SuperWASP,Published Confirmed,0,0.813473978,11.276254,635.02434,1426.7,,4500.0,0.6506,0.688,86.7467
WASP-44 b,WASP-44,1,1,Transit,2011.0,SuperWASP,Published Confirmed,0,2.423804,12.3299,276.5121,1337.0,G8 V,5420.0,0.906,0.935,364.512
WASP-45 b,WASP-45,2,1,Transit,2011.0,SuperWASP,Published Confirmed,0,3.126096,11.119328,318.46566,1170.0,K2 V,5100.0,0.917,0.904,211.196
WASP-46 b,WASP-46,1,1,Transit,2011.0,SuperWASP,Published Confirmed,0,1.43036763,13.159366,607.0553,1636.0,G6 V,5600.0,0.858,0.828,375.31
WASP-47 b,WASP-47,1,4,Transit,2012.0,SuperWASP,Published Confirmed,0,4.159152,12.251,357.0,1146.0,,5476.0,1.144,1.01,264.78
WASP-47 c,WASP-47,1,4,Radial Velocity,2015.0,La Silla Observatory,Published Confirmed,0,592.5,,394.0,219.3,,5476.0,1.144,1.01,264.78
WASP-47 d,WASP-47,1,4,Transit,2015.0,K2,Published Confirmed,0,9.03101,3.58,13.3,885.0,,5476.0,1.144,1.01,264.78
WASP-47 e,WASP-47,1,4,Transit,2015.0,K2,Published Confirmed,0,0.78957,1.79,7.06,1992.0,,5476.0,1.144,1.01,264.78
WASP-48 b,WASP-48,1,1,Transit,2011.0,SuperWASP,Published Confirmed,0,2.14363544,15.65,288.0,1956.0,,6000.0,1.519,1.062,454.144
WASP-49 b,WASP-49,2,1,Transit,2012.0,SuperWASP,Published Confirmed,0,2.7817362,13.428382,126.81417,1400.0,G6 V,5600.0,1.038,1.003,194.553
WASP-5 b,WASP-5,1,1,Transit,2008.0,SuperWASP,Published Confirmed,0,1.6284296,12.218,502.15,1753.0,G4 V,5880.0,1.026,0.972,309.137
WASP-50 b,WASP-50,1,1,Transit,2011.0,SuperWASP,Published Confirmed,0,1.9551,13.069694,466.828704,1394.84,,5400.0,0.843,0.892,184.848
WASP-52 b,WASP-52,1,1,Transit,2012.0,SuperWASP,Published Confirmed,0,1.7497798,14.24,146.2,1315.0,K2 V,5000.0,0.79,0.87,174.818
WASP-53 b,WASP-53,1,2,Transit,2017.0,Multiple Facilities,Published Confirmed,0,3.3098443,12.038466,677.61356,1053.0,,4953.0,0.798,0.839,201.338
WASP-53 c,WASP-53,1,2,Radial Velocity,2017.0,Multiple Facilities,Published Confirmed,0,2840.0,,5196.5205,,,4953.0,0.798,0.839,201.338
WASP-54 b,WASP-54,2,1,Transit,2012.0,SuperWASP,Published Confirmed,0,3.6936411,18.528,202.131,1759.0,F9,6100.0,1.828,1.213,251.303
WASP-55 b,WASP-55,2,1,Transit,2012.0,SuperWASP,Published Confirmed,0,4.465631,14.72860064,186.2474465,1342.0,,6096.0,1.09,1.071,297.462
WASP-56 b,WASP-56,2,1,Transit,2012.0,SuperWASP,Published Confirmed,0,4.617101,12.24,181.473,1216.0,G6,5600.0,1.112,1.017,321.084
WASP-57 b,WASP-57,1,1,Transit,2012.0,SuperWASP,Published Confirmed,0,2.838971,10.267,213.573,1251.0,G6,5600.0,0.836,0.954,398.276
WASP-58 b,WASP-58,2,1,Transit,2012.0,SuperWASP,Published Confirmed,0,5.01718,15.36,282.86,1270.0,G2 V,5800.0,1.17,0.94,290.404
WASP-59 b,WASP-59,1,1,Transit,2012.0,SuperWASP,Published Confirmed,0,7.919585,8.687,274.276,670.0,K5 V,4650.0,0.613,0.719,115.936
WASP-6 b,WASP-6,1,1,Transit,2009.0,SuperWASP,Published Confirmed,0,3.36,13.67498,158.915,1150.0,,5380.72,0.817705,0.93,197.119
WASP-60 b,WASP-60,1,1,Transit,2012.0,SuperWASP,Published Confirmed,0,4.3050011,9.64,163.358,1320.0,G1 V,5900.0,1.14,1.078,431.052
WASP-61 b,WASP-61,1,1,Transit,2012.0,SuperWASP,Published Confirmed,0,3.855898,13.56289,654.7298,1624.4,,6250.0,1.39,1.27,488.66
WASP-62 b,WASP-62,1,1,Transit,2012.0,SuperWASP,Published Confirmed,0,4.41194,15.02006,184.3414,1475.3,,6230.0,1.29,1.28,175.631
WASP-63 b,WASP-63,1,1,Transit,2012.0,SuperWASP,Published Confirmed,0,4.37809,14.90797,107.74437,,,5550.0,1.76,1.1,290.684
WASP-64 b,WASP-64,2,1,Transit,2012.0,SuperWASP,Published Confirmed,0,1.5732918,14.247,403.945,1689.0,G7,5400.0,1.058,1.004,369.926
WASP-65 b,WASP-65,1,1,Transit,2013.0,SuperWASP,Published Confirmed,0,2.3114243,12.464,492.62,1480.0,G6,5600.0,1.01,0.93,273.703
WASP-66 b,WASP-66,1,1,Transit,2012.0,SuperWASP,Published Confirmed,0,4.086052,15.58051,753.2571,,,6600.0,1.75,1.3,500.258
WASP-67 b,WASP-67,1,1,Transit,2012.0,SuperWASP,Published Confirmed,0,4.61,12.229,129.034,1003.0,,,0.817,0.829,189.469
WASP-68 b,WASP-68,2,1,Transit,2014.0,SuperWASP,Published Confirmed,0,5.084298,13.9,301.93,1490.0,G0,5911.0,1.69,1.24,226.399
WASP-69 b,WASP-69,1,1,Transit,2014.0,SuperWASP,Published Confirmed,0,3.86813881,11.21,82.58,971.0,K,4792.0,0.801,0.83,49.9605
WASP-7 b,WASP-7,1,1,Transit,2008.0,SuperWASP,Published Confirmed,0,4.9546416,14.90797,305.1168,1487.0,,6400.0,1.432,1.276,162.303
WASP-70 A b,WASP-70 A,2,1,Transit,2014.0,SuperWASP,Published Confirmed,0,3.7130203,13.047,187.512,1387.0,G4,5763.0,1.215,1.106,222.355
WASP-71 b,WASP-71,1,1,Transit,2012.0,SuperWASP,Published Confirmed,0,2.9036747,16.37,712.545,2049.0,F8,6059.0,2.26,1.559,362.715
WASP-72 b,WASP-72,1,1,Transit,2012.0,SuperWASP,Published Confirmed,0,2.2167421,14.24,491.3763,2210.0,F7,6250.0,1.98,1.386,434.754
WASP-73 b,WASP-73,1,1,Transit,2014.0,SuperWASP,Published Confirmed,0,4.08722,13.002,597.5,1790.0,F9,6036.0,2.07,1.34,316.678
WASP-74 b,WASP-74,1,1,Transit,2015.0,SuperWASP,Published Confirmed,0,2.13775,17.48604,301.9385,1910.0,F9,5970.0,1.64,1.48,149.216
WASP-75 b,WASP-75,2,1,Transit,2013.0,SuperWASP,Published Confirmed,0,2.484193,14.235,340.06,1710.0,F9,6100.0,1.26,1.14,294.001
WASP-76 b,WASP-76,2,1,Transit,2016.0,SuperWASP,Published Confirmed,0,1.809886,20.51247,292.4036,2160.0,F7,6250.0,1.73,1.46,194.459
WASP-77 A b,WASP-77 A,2,1,Transit,2012.0,SuperWASP,Published Confirmed,0,1.3600309,13.56,559.36,,G8 V,5500.0,0.955,1.002,105.166
WASP-78 b,WASP-78,1,1,Transit,2012.0,SuperWASP,Published Confirmed,0,2.17517632,19.055,282.857,2350.0,,6100.0,2.2,1.33,754.258
WASP-79 b,WASP-79,1,1,Transit,2012.0,SuperWASP,Published Confirmed,0,3.662392,17.14974047,270.15414595,1716.2,F5,6600.0,1.51,1.39,246.69
WASP-8 b,WASP-8,2,2,Transit,2010.0,SuperWASP,Published Confirmed,0,8.15872,12.66617,807.2882,,,5600.0,1.03,1.34,89.9606
WASP-8 c,WASP-8,2,2,Radial Velocity,2013.0,SuperWASP,Published Confirmed,0,4323.0,,3003.37,,,,,1.04,89.9606
WASP-80 b,WASP-80,1,1,Transit,2012.0,SuperWASP,Published Confirmed,0,3.06785234,11.197791,170.99254,825.0,,4143.0,0.586,0.577,49.7876
WASP-81 b,WASP-81,1,1,Transit,2017.0,Multiple Facilities,Published Confirmed,0,2.7164762,16.017661,231.69807,1623.0,,5870.0,1.283,1.08,398.505
WASP-82 b,WASP-82,1,1,Transit,2015.0,SuperWASP,Published Confirmed,0,2.705782,18.71903,394.1092,2190.0,F5,6490.0,2.18,1.63,275.664
WASP-83 b,WASP-83,1,1,Transit,2015.0,SuperWASP,Published Confirmed,0,4.971252,11.65736,95.349,1120.0,G8,5510.0,1.05,1.11,271.103
WASP-84 b,WASP-84,1,2,Transit,2014.0,SuperWASP,Published Confirmed,0,8.5234865,10.559,220.565,797.0,K0,5314.0,0.748,0.842,100.588
WASP-84 c,WASP-84,1,2,Transit,2023.0,Transiting Exoplanet Survey Satellite (TESS),Published Confirmed,0,1.4468849,1.95,15.2,1329.0,K0,,0.768,0.853,100.588
WASP-85 A b,WASP-85 A,2,1,Transit,2016.0,K2,Published Confirmed,0,2.6556777,13.89916,402.05495,1452.0,G5 V,6112.0,0.935,1.09,141.887
WASP-87 b,WASP-87,2,1,Transit,2016.0,Anglo-Australian Telescope,Published Confirmed,0,1.682795,15.524465,692.8694,,,6450.0,1.627,1.204,298.392
WASP-88 b,WASP-88,1,1,Transit,2014.0,SuperWASP,Published Confirmed,0,4.954,19.055,177.98,1772.0,F6,6431.0,2.08,1.45,523.756
WASP-89 b,WASP-89,1,1,Transit,2015.0,SuperWASP,Published Confirmed,0,3.3564227,11.65736,1875.197,1120.0,K3,5130.0,0.88,0.92,290.946
WASP-90 b,WASP-90,1,1,Transit,2016.0,SuperWASP,Published Confirmed,0,3.916243,18.27067,200.2329,1840.0,F6,6430.0,1.98,1.55,466.433
WASP-91 b,WASP-91,1,1,Transit,2017.0,SuperWASP-South,Published Confirmed,0,2.798581,11.54527,425.8922,1160.0,K3,4920.0,0.86,0.84,149.942
WASP-92 b,WASP-92,1,1,Transit,2016.0,SuperWASP,Published Confirmed,0,2.1746742,16.376349,255.85315,1871.0,F7,6280.0,1.341,1.19,575.889
WASP-93 b,WASP-93,1,1,Transit,2016.0,SuperWASP,Published Confirmed,0,2.7325321,17.900773,467.2101,1942.0,F4,6700.0,1.524,1.334,370.284
WASP-94 A b,WASP-94 A,2,2,Transit,2014.0,SuperWASP,Published Confirmed,0,3.9501907,19.28,143.653,1604.0,F8,6153.0,1.62,1.45,211.211
WASP-94 B b,WASP-94 B,2,2,Radial Velocity,2014.0,SuperWASP,Published Confirmed,0,2.00839,,196.411,,F9,6040.0,1.35,1.24,208.696
WASP-95 b,WASP-95,1,1,Transit,2014.0,SuperWASP,Published Confirmed,0,2.184673,13.56,359.13,1570.0,G2,5630.0,1.13,1.11,137.544
WASP-96 b,WASP-96,1,1,Transit,2014.0,SuperWASP,Published Confirmed,0,3.4252602,13.45,152.55,1285.0,G8,5540.0,1.05,1.06,352.464
WASP-97 b,WASP-97,1,1,Transit,2014.0,SuperWASP,Published Confirmed,0,2.07276,12.67,419.52,1555.0,G5,5640.0,1.06,1.12,151.068
WASP-98 b,WASP-98,2,1,Transit,2014.0,SuperWASP,Published Confirmed,0,2.96264,12.33,263.79,1180.0,G7,5525.0,0.7,0.69,281.742
WASP-99 b,WASP-99,1,1,Transit,2014.0,SuperWASP,Published Confirmed,0,5.75251,12.33,883.53,1480.0,F8,6180.0,1.76,1.48,158.66
WD 0806-661 b,WD 0806-661,1,1,Imaging,2011.0,Spitzer Space Telescope,Published Confirmed,0,,,2542.627256,340.0,DQ,,,0.62,19.2444
WD 1856+534 b,WD 1856+534,3,1,Transit,2020.0,Transiting Exoplanet Survey Satellite (TESS),Published Confirmed,0,1.4079405,10.4,4386.054,163.0,DC,4710.0,0.0131,0.518,24.7359
WISE J033605.05-014350.4 b,WISE J033605.05-014350.4,1,1,Imaging,2023.0,James Webb Space Telescope (JWST),Published Confirmed,0,2560.0,,2622.08435775,325.0,,415.0,,0.0131,
WISEP J121756.91+162640.2 A b,WISEP J121756.91+162640.2 A,1,1,Imaging,2012.0,W. M. Keck Observatory,Published Confirmed,0,,10.468,6992.0,450.0,T8.5,575.0,0.091,0.029,
WISPIT 1 b,WISPIT 1,2,2,Imaging,2025.0,Paranal Observatory,Published Confirmed,0,,,3305.4154328,,K4 V,4670.0,,,230.007
WISPIT 1 c,WISPIT 1,2,2,Imaging,2025.0,Paranal Observatory,Published Confirmed,0,,,1684.4905571,,K4 V,4670.0,,,230.007
WISPIT 2 b,WISPIT 2,1,2,Imaging,2025.0,Paranal Observatory,Published Confirmed,0,,,1541.46777395,,,4400.0,1.418,1.08,134.907
WISPIT 2 c,WISPIT 2,1,2,Imaging,2026.0,Multiple Observatories,Published Confirmed,0,,17.93436912,3178.28407,2050.0,,4530.0,1.3,,134.907
WTS-1 b,WTS-1,1,1,Transit,2012.0,United Kingdom Infrared Telescope,Published Confirmed,0,3.352057,16.7,1274.44,1500.0,F6 V,6250.0,1.15,1.2,2346.01
WTS-2 b,WTS-2,1,1,Transit,2014.0,United Kingdom Infrared Telescope,Published Confirmed,0,1.0187068,15.277867,355.9696,2000.0,K2 V,5000.0,0.752,0.82,
Wendelstein-1 b,Wendelstein-1,1,1,Transit,2020.0,Haleakala Observatory,Published Confirmed,0,2.663416,11.5609626,188.15536,2198.0,K7 V,4251.0,0.61,0.65,305.3
Wendelstein-2 b,Wendelstein-2,1,1,Transit,2020.0,Haleakala Observatory,Published Confirmed,0,1.7522239,12.9934728,232.33373,2470.0,K6 V,4591.0,0.66,0.73,565.541
Wolf 1061 b,Wolf 1061,1,3,Radial Velocity,2015.0,La Silla Observatory,Published Confirmed,0,4.8869,,1.91,,M3.5,3342.0,0.307,0.294,4.30592
Wolf 1061 c,Wolf 1061,1,3,Radial Velocity,2015.0,La Silla Observatory,Published Confirmed,0,17.8719,,3.41,,M3.5,3342.0,0.307,0.294,4.30592
Wolf 1061 d,Wolf 1061,1,3,Radial Velocity,2015.0,La Silla Observatory,Published Confirmed,0,217.21,,7.7,,M3.5,3342.0,0.307,0.294,4.30592
Wolf 1069 b,Wolf 1069,1,1,Radial Velocity,2023.0,Calar Alto Observatory,Published Confirmed,0,15.564,,1.26,250.1,M5.0 V,3158.0,0.1813,0.167,9.58341
Wolf 327 b,Wolf 327,1,1,Transit,2024.0,Transiting Exoplanet Survey Satellite (TESS),Published Confirmed,0,0.5734745,1.24,2.53,996.0,M2.5 V,3542.0,0.406,0.405,28.5321
Wolf 503 b,Wolf 503,1,1,Transit,2018.0,K2,Published Confirmed,0,6.00127,2.043,6.26,790.0,K3.5 V,4716.0,0.689,0.688,44.526
XO-1 b,XO-1,1,1,Transit,2006.0,XO,Published Confirmed,0,3.9415128,13.518054,293.67492,1210.0,,5750.0,0.942,1.037,163.553
XO-2 N b,XO-2 N,2,3,Transit,2007.0,XO,Published Confirmed,0,2.615864,11.119328,176.39565,1328.0,,5340.0,0.97,0.946,154.273
XO-2 S b,XO-2 S,2,3,Radial Velocity,2014.0,Roque de los Muchachos Observatory,Published Confirmed,0,18.157,,82.6358,,,5399.0,1.0,0.98,151.398
XO-2 S c,XO-2 S,2,3,Radial Velocity,2014.0,Roque de los Muchachos Observatory,Published Confirmed,0,120.8,,435.409,,,5399.0,1.02,0.982,151.398
XO-3 b,XO-3,1,1,Transit,2007.0,XO,Published Confirmed,0,3.19152309,14.79585452,4217.58296089,1890.0,,6970.0,1.523,1.449,213.053
XO-4 b,XO-4,1,1,Transit,2010.0,Lowell Observatory,Published Confirmed,0,4.1250828,14.425983,491.68301,1630.0,,6397.0,1.531,1.285,272.655
XO-5 b,XO-5,1,1,Transit,2008.0,XO,Published Confirmed,0,4.187732,12.89035,365.5045,1244.0,G8 V,5510.0,1.11,1.0,276.211
XO-6 b,XO-6,1,1,Transit,2016.0,XO,Published Confirmed,0,3.7650007,23.20263,1398.452,1577.0,F5,6720.0,1.93,1.47,235.479
XO-7 b,XO-7,1,1,Transit,2019.0,XO,Published Confirmed,0,2.8641424,15.389957,225.34147,1743.0,G0 V,6250.0,1.48,1.405,234.149
YZ Cet b,YZ Cet,1,3,Radial Velocity,2017.0,La Silla Observatory,Published Confirmed,0,2.02087,,0.7,471.2,M4.5 V,3151.0,0.157,0.142,3.71207
YZ Cet c,YZ Cet,1,3,Radial Velocity,2017.0,La Silla Observatory,Published Confirmed,0,3.05989,,1.14,410.3,M4.5 V,3151.0,0.157,0.142,3.71207
YZ Cet d,YZ Cet,1,3,Radial Velocity,2017.0,La Silla Observatory,Published Confirmed,0,4.65626,,1.09,356.7,M4.5 V,3151.0,0.157,0.142,3.71207
ZTF J1230-2655 b,ZTF J1230-2655,1,1,Transit,2025.0,Zwicky Transient Facility,Published Confirmed,0,0.23597766,13.78704626,7024.0077947,,,10000.0,0.0123,0.646,186.69
ZTF J1828+2308 b,ZTF J1828+2308,1,1,Transit,2025.0,Zwicky Transient Facility,Published Confirmed,0,0.1120067,11.13051784,6356.56814,,,15900.0,0.0131,0.61,201.827
alf Ari b,alf Ari,1,1,Radial Velocity,2010.0,Bohyunsan Optical Astronomical Observatory,Published Confirmed,0,380.8,,572.07,,,4553.0,13.9,1.5,20.21019
alf Tau b,alf Tau,2,1,Radial Velocity,2015.0,Multiple Observatories,Published Confirmed,1,628.96,,2056.3601,,K5 III,4055.0,45.1,1.13,20.4332
b Cen AB b,b Cen A,2,1,Imaging,2021.0,Paranal Observatory,Published Confirmed,0,1790000.0,,3464.3296363,,B2.5 V,,,5.5,98.0935
bet Cnc b,bet Cnc,2,1,Radial Velocity,2014.0,Bohyunsan Optical Astronomical Observatory,Published Confirmed,0,605.2,,2479.0,,K4 III,4092.1,47.2,1.7,89.0472
bet Pic b,bet Pic,1,2,Imaging,2008.0,Paranal Observatory,Published Confirmed,0,,16.8,6356.0,1650.0,,8038.68,1.54416,1.95,19.7442
bet Pic c,bet Pic,1,2,Radial Velocity,2019.0,La Silla Observatory,Published Confirmed,0,1230.0,,2606.1929374,1250.0,,,,1.82,19.7442
bet UMi b,bet UMi,1,1,Radial Velocity,2014.0,Bohyunsan Optical Astronomical Observatory,Published Confirmed,0,522.3,,1938.7,,K4 III,4126.0,38.3,1.4,38.77472
eps CrB b,eps CrB,1,1,Radial Velocity,2012.0,Bohyunsan Optical Astronomical Observatory,Published Confirmed,0,417.9,,2129.461,,K2 III,4406.0,21.0,1.7,69.8683
eps Eri b,eps Eri,1,1,Radial Velocity,2000.0,Multiple Observatories,Published Confirmed,0,2650.0,,206.90629296,,,5020.38,0.759106,0.814595,3.2026
eps Ind A b,eps Ind A,3,1,Radial Velocity,2019.0,La Silla Observatory,Published Confirmed,0,,,2005.49724817,275.0,K5 V,4760.0,0.679,0.76,3.63857
eps Tau b,eps Tau,1,1,Radial Velocity,2006.0,Okayama Astrophysical Observatory,Published Confirmed,0,585.82,,2285.18624633,,K0 III,4877.0,12.35,2.57,47.52852
gam Cep b,gam Cep,2,1,Radial Velocity,2003.0,Multiple Observatories,Published Confirmed,0,913.0,,2097.6674862,,K1 III-IV,4775.0,4.74,1.27,14.1024
gam Lib b,gam Lib,1,2,Radial Velocity,2018.0,Okayama Astrophysical Observatory,Published Confirmed,0,415.2,,324.1866,,K0 III,4822.0,11.1,1.47,47.4017
gam Lib c,gam Lib,1,2,Radial Velocity,2018.0,Okayama Astrophysical Observatory,Published Confirmed,0,964.6,,1455.6614,,K0 III,4822.0,11.1,1.47,47.4017
gam Psc b,gam Psc,1,1,Radial Velocity,2021.0,Okayama Astrophysical Observatory,Published Confirmed,0,555.1,,425.89006538,,G7 III,4742.0,11.2,0.99,41.3107
gam1 Leo b,gam1 Leo,2,1,Radial Velocity,2009.0,Bohyunsan Optical Astronomical Observatory,Published Confirmed,0,428.5,,2790.43,,,4330.0,31.88,1.23,39.8883
iot Dra b,iot Dra,1,2,Radial Velocity,2002.0,Lick Observatory,Published Confirmed,0,510.8544,,3756.73177074,,K2 III,4504.0,11.79,1.54,31.32832
iot Dra c,iot Dra,1,2,Radial Velocity,2021.0,La Silla Observatory,Published Confirmed,0,25000.0,,4958.1231492,,K2 III,4504.0,11.79,1.54,31.32832
kap And b,kap And,1,1,Imaging,2012.0,Subaru Telescope,Published Confirmed,0,,15.91675259,5498.4314411,1791.0,B9 IVn,11327.0,2.109,2.768,50.0177
kap CrB b,kap CrB,1,1,Radial Velocity,2007.0,Lick Observatory,Published Confirmed,0,1253.68,,483.73483545,,K0 III-IV,4840.0,4.68,1.33,30.0651
mu Leo b,mu Leo,1,1,Radial Velocity,2014.0,Bohyunsan Optical Astronomical Observatory,Published Confirmed,0,357.8,,762.8,,K2 III,4538.2,11.4,1.5,32.6081
mu2 Sco b,mu2 Sco,1,1,Imaging,2022.0,Paranal Observatory,Published Confirmed,0,,,4576.7290608,,B2 IV,21700.0,5.6,9.1,
nu Oct A b,nu Oct A,2,1,Radial Velocity,2016.0,University of Canterbury Mt John Observatory,Published Confirmed,1,417.0,,762.7881768,,K1 IIIb-IV,4860.0,5.81,1.61,21.1999
nu Oph b,nu Oph,1,2,Radial Velocity,2012.0,Okayama Astrophysical Observatory,Published Confirmed,0,530.21,,7057.73298,,K0 III,4886.0,14.6,2.7,46.2107
nu Oph c,nu Oph,1,2,Radial Velocity,2012.0,Okayama Astrophysical Observatory,Published Confirmed,0,3180.6,,7530.30844705,,K0 III,4887.0,12.24,2.61,46.2107
ome Ser b,ome Ser,2,1,Radial Velocity,2013.0,Okayama Astrophysical Observatory,Published Confirmed,0,277.02,,540.3,,G8 III,4770.0,12.3,2.17,76.7556
omi CrB b,omi CrB,1,1,Radial Velocity,2012.0,Okayama Astrophysical Observatory,Published Confirmed,0,187.01,,355.96781584,,K0 III,4769.0,11.87,1.3,84.7883
omi UMa b,omi UMa,2,1,Radial Velocity,2012.0,Okayama Astrophysical Observatory,Published Confirmed,0,1569.81,,1160.39151396,,G4 II-III,5075.0,13.84,2.72,54.9149
pi Men c,HD 39091,1,3,Transit,2018.0,Transiting Exoplanet Survey Satellite (TESS),Published Confirmed,0,6.2679,2.042,4.82,1169.8,G0 V,6037.0,1.1,1.094,18.2702
pi Men d,HD 39091,1,3,Radial Velocity,2022.0,La Silla Observatory,Published Confirmed,0,124.64,,13.38,,,5998.0,1.19,1.07,18.2702
psi1 Dra B b,psi1 Dra B,3,1,Radial Velocity,2015.0,McDonald Observatory,Published Confirmed,0,3117.0,,486.2799,,G0 V,6212.0,,1.19,22.7188
rho CrB b,rho CrB,1,3,Radial Velocity,1997.0,Fred Lawrence Whipple Observatory,Published Confirmed,1,39.8458,,332.1,614.0,G0 V,5627.0,1.3617,0.889,17.4671
rho CrB c,rho CrB,1,3,Radial Velocity,2016.0,Multiple Observatories,Published Confirmed,0,102.54,,25.0,448.1,G0 V,5627.0,1.3617,0.889,17.4671
rho CrB e,rho CrB,1,3,Radial Velocity,2023.0,Lowell Observatory,Published Confirmed,0,12.949,,3.79,,,5817.0,1.34,0.95,17.4671
tau Boo b,tau Boo,2,1,Radial Velocity,1996.0,Lick Observatory,Published Confirmed,0,3.3124568,,1373.0256,,,6466.27,1.42588,1.32,15.6521
tau Cet f,tau Cet,1,3,Radial Velocity,2017.0,Multiple Observatories,Published Confirmed,1,636.13,,3.93,,,,,0.783,3.60304
tau Cet g,tau Cet,1,3,Radial Velocity,2017.0,Multiple Observatories,Published Confirmed,1,20.0,,1.75,,,,,0.783,3.60304
tau Cet h,tau Cet,1,3,Radial Velocity,2017.0,Multiple Observatories,Published Confirmed,1,49.41,,1.83,,,,,0.783,3.60304
tau Gem b,tau Gem,1,1,Radial Velocity,2013.0,Lick Observatory,Published Confirmed,0,305.5,,6547.0,,K2 III,4388.0,26.8,2.3,112.537
ups And b,ups And,2,3,Radial Velocity,1996.0,Lick Observatory,Published Confirmed,0,4.617111,,219.30160083,,F8 V,6089.0,1.64,1.31,13.4054
ups And c,ups And,2,3,Radial Velocity,1999.0,Multiple Observatories,Published Confirmed,0,240.9402,,4443.24112986,,F8 V,6089.0,1.64,1.31,13.4054
ups And d,ups And,2,3,Radial Velocity,1999.0,Multiple Observatories,Published Confirmed,0,1281.507,,3257.74117175,,F8 V,6089.0,1.64,1.31,13.4054
ups Leo b,ups Leo,1,1,Radial Velocity,2021.0,Okayama Astrophysical Observatory,Published Confirmed,0,385.2,,162.09248757,,G9 III,4836.0,11.22,1.48,52.5973
xi Aql b,xi Aql,1,1,Radial Velocity,2007.0,Okayama Astrophysical Observatory,Published Confirmed,0,136.97,,616.90493799,,K0 III,4841.0,10.86,1.74,56.1858
